Order Date,Region,State,Category,Sub-Category,Product Name,Sales,Profit,Quantity,Discount,Customer Segment,Ship Mode
04/03/2022,East,New York,Technology,Accessories,Kensington Keyboard,89.95,17.49,3,0.8,Home Office,Standard Class
04/22/2022,South,Florida,Furniture,Bookcases,Hon Metal Bookcase,156.07,-20.4,9,0.6,Home Office,Same Day
11/23/2021,West,Idaho,Technology,Accessories,Logitech Wireless Mouse,3595.98,-563.53,12,0.3,Corporate,Standard Class
05/21/2024,East,Vermont,Furniture,Tables,Chromcraft Round Table,3310.82,237.51,5,0,Corporate,Standard Class
04/04/2021,Central,Nebraska,Office Supplies,Paper,Xerox Copy Paper,1917.84,654.24,11,0.1,Consumer,Standard Class
01/29/2023,South,Virginia,Office Supplies,Envelopes,Poly Mailer Bundle,908.3,155.4,6,0.1,Home Office,Standard Class
08/05/2023,West,Montana,Technology,Machines,HP LaserJet Printer,7067.07,946.99,7,0.15,Home Office,Second Class
04/02/2023,Central,Texas,Furniture,Bookcases,Bush Wood Bookcase,1028.32,324.69,5,0,Home Office,First Class
06/27/2022,West,Idaho,Office Supplies,Supplies,X-Acto Cutting Mat,504.24,37.0,3,0.1,Home Office,Same Day
07/06/2021,South,Tennessee,Furniture,Chairs,Novimex Swivel Chair,10111.02,-1600.53,13,0,Consumer,Same Day
02/08/2024,East,Vermont,Office Supplies,Supplies,Swingline Stapler,2389.94,-433.22,14,0,Home Office,First Class
07/19/2023,Central,Illinois,Office Supplies,Fasteners,Bostitch Push Pins,43.84,-4.03,1,0.8,Home Office,Second Class
02/05/2023,East,Connecticut,Technology,Machines,HP LaserJet Printer,8593.96,1866.4,13,0,Home Office,Standard Class
09/22/2022,Central,Iowa,Furniture,Bookcases,Bush Wood Bookcase,927.87,83.89,4,0,Consumer,Standard Class
09/13/2024,South,Georgia,Technology,Machines,HP LaserJet Printer,892.79,59.46,8,0.5,Home Office,Same Day
03/29/2023,West,Montana,Technology,Machines,Brother Fax Machine,1540.78,446.47,11,0.7,Corporate,Standard Class
04/19/2024,West,Nevada,Furniture,Tables,Bretford Conference Table,4356.4,-1070.3,9,0.1,Home Office,Standard Class
11/19/2023,West,Washington,Furniture,Tables,Bretford Conference Table,2069.58,-251.37,4,0.15,Consumer,Same Day
07/18/2021,West,Idaho,Office Supplies,Paper,Xerox Copy Paper,691.97,-2.31,11,0.3,Home Office,Standard Class
05/25/2022,East,New York,Office Supplies,Envelopes,Kraft Envelope Pack,486.0,-80.62,4,0.1,Consumer,First Class
04/14/2021,South,South Carolina,Furniture,Furnishings,Eldon Desk Lamp,4156.37,1377.41,11,0.5,Consumer,Second Class
05/01/2021,South,Louisiana,Office Supplies,Paper,Universal Legal Pad,5.32,-0.08,3,0.3,Corporate,First Class
01/24/2022,South,Kentucky,Technology,Copiers,Xerox WorkCentre Copier,5235.25,510.48,5,0.1,Home Office,Standard Class
04/27/2021,Central,Texas,Furniture,Furnishings,Tenex Chair Mat,6922.63,-1446.05,9,0,Consumer,Second Class
06/22/2024,South,Georgia,Technology,Machines,Canon imageCLASS Printer,1118.78,99.72,2,0.3,Corporate,First Class
09/26/2021,West,Colorado,Furniture,Tables,Lesro Reception Table,937.19,-56.51,11,0.7,Consumer,Standard Class
01/07/2024,South,Mississippi,Technology,Phones,Apple iPhone Case,680.57,210.95,4,0.5,Consumer,Second Class
06/06/2024,Central,Wisconsin,Furniture,Furnishings,Advantus Wall Clock,1893.32,285.36,13,0.7,Home Office,First Class
02/08/2024,East,New Jersey,Office Supplies,Art,Newell Highlighters,183.28,-22.66,3,0.15,Corporate,Second Class
07/09/2021,Central,Kansas,Office Supplies,Labels,Avery Round Labels,1599.12,-357.48,11,0.3,Corporate,Second Class
02/23/2024,Central,Ohio,Technology,Copiers,Ricoh Office Copier,118.04,33.04,1,0,Consumer,Standard Class
09/19/2021,Central,Nebraska,Technology,Machines,Epson Scanner,388.15,120.27,1,0.15,Consumer,First Class
02/21/2024,West,Nevada,Technology,Phones,Motorola Phone Stand,11460.02,2288.41,14,0.3,Consumer,Second Class
04/24/2023,West,Utah,Furniture,Chairs,Bush Mid-Back Chair,3043.47,719.63,13,0.7,Corporate,Second Class
02/13/2022,East,Vermont,Furniture,Furnishings,Tenex Chair Mat,2752.68,667.03,14,0.4,Consumer,Second Class
05/23/2021,East,Massachusetts,Office Supplies,Envelopes,Security Envelopes,984.38,54.77,13,0.15,Home Office,First Class
03/20/2021,East,Pennsylvania,Office Supplies,Binders,Wilson Jones Binder,87.82,16.43,2,0.6,Corporate,Same Day
04/01/2021,East,Vermont,Technology,Machines,Brother Fax Machine,268.62,82.02,12,0.3,Home Office,Second Class
09/20/2024,Central,Missouri,Furniture,Tables,Chromcraft Round Table,9147.37,-638.55,14,0,Corporate,Same Day
01/28/2022,Central,Missouri,Technology,Accessories,Kensington Keyboard,2373.47,371.19,7,0.7,Consumer,First Class
03/07/2022,South,Kentucky,Furniture,Tables,Chromcraft Round Table,1550.81,-87.85,7,0.6,Corporate,Same Day
08/05/2022,West,Montana,Office Supplies,Binders,Avery Durable Binder,429.22,-20.98,9,0.7,Consumer,First Class
05/17/2022,West,Nevada,Furniture,Bookcases,Sauder Heritage Bookcase,2456.86,-506.86,8,0.6,Corporate,Second Class
09/05/2024,South,Louisiana,Office Supplies,Paper,HP Premium Paper,2680.56,713.74,12,0,Consumer,Same Day
02/16/2024,West,Oregon,Technology,Copiers,Canon Copier,2256.24,520.85,4,0,Home Office,First Class
11/22/2021,South,Mississippi,Technology,Copiers,Ricoh Office Copier,4007.39,805.75,12,0.4,Home Office,First Class
08/09/2022,South,South Carolina,Office Supplies,Supplies,Scissors Set,289.99,82.88,4,0.15,Consumer,Second Class
05/12/2021,West,Nevada,Office Supplies,Binders,GBC Binding Cover,411.89,12.17,7,0.3,Consumer,Second Class
09/04/2023,South,Alabama,Technology,Phones,OtterBox Phone Cover,303.5,-4.86,1,0.2,Corporate,Second Class
03/01/2021,South,South Carolina,Office Supplies,Fasteners,Acco Binder Clips,940.13,215.18,7,0.2,Home Office,Second Class
04/27/2024,South,North Carolina,Technology,Phones,OtterBox Phone Cover,185.13,25.11,10,0.7,Consumer,Same Day
03/10/2022,West,California,Office Supplies,Fasteners,Officemate Paper Clips,548.48,152.36,8,0.2,Corporate,Same Day
12/18/2022,Central,Illinois,Office Supplies,Storage,Fellowes Storage Box,22.82,7.4,4,0.7,Consumer,Standard Class
09/16/2021,West,Nevada,Furniture,Chairs,HON Executive Leather Chair,289.59,92.28,8,0.7,Corporate,First Class
09/30/2022,Central,Ohio,Technology,Phones,Samsung Galaxy Charger,48.04,-3.02,2,0.6,Home Office,Same Day
11/28/2024,South,South Carolina,Furniture,Chairs,Global Deluxe Task Chair,8489.25,935.91,13,0.15,Consumer,Standard Class
11/03/2023,Central,Kansas,Office Supplies,Envelopes,Kraft Envelope Pack,45.21,0.09,11,0.2,Corporate,Standard Class
06/11/2023,South,Tennessee,Technology,Copiers,Xerox WorkCentre Copier,384.27,53.9,3,0.8,Home Office,Same Day
05/18/2022,South,Alabama,Technology,Accessories,SanDisk USB Drive,4988.84,102.18,14,0,Corporate,Same Day
09/26/2023,Central,Texas,Office Supplies,Envelopes,Poly Mailer Bundle,639.56,-29.29,4,0.2,Home Office,First Class
04/13/2023,East,Rhode Island,Furniture,Bookcases,Hon Metal Bookcase,2748.74,451.8,8,0.5,Home Office,Same Day
04/09/2023,South,Florida,Furniture,Tables,Bush Somerset Table,3126.18,309.28,12,0.1,Corporate,First Class
07/09/2022,South,Kentucky,Office Supplies,Envelopes,Manila Envelopes,251.49,45.96,5,0.15,Corporate,Standard Class
04/22/2024,West,Nevada,Furniture,Furnishings,Advantus Wall Clock,3543.64,1198.84,13,0.5,Consumer,First Class
12/21/2024,West,Colorado,Furniture,Tables,Bretford Conference Table,2352.55,787.11,9,0,Home Office,First Class
08/20/2023,West,Idaho,Furniture,Bookcases,Bush Wood Bookcase,1535.14,505.52,8,0.4,Corporate,Same Day
03/27/2024,East,Pennsylvania,Office Supplies,Supplies,Scissors Set,50.47,-8.1,11,0.7,Home Office,First Class
12/07/2023,East,Massachusetts,Furniture,Furnishings,Tenex Chair Mat,3441.83,-246.39,7,0.4,Home Office,Same Day
03/02/2022,Central,Nebraska,Technology,Phones,Apple iPhone Case,3362.4,-676.81,11,0.1,Consumer,Second Class
11/12/2024,East,New Jersey,Furniture,Furnishings,Fellowes Monitor Stand,1657.85,-184.21,10,0.4,Home Office,First Class
07/04/2024,South,Georgia,Technology,Machines,Brother Fax Machine,2911.71,-382.33,10,0.7,Consumer,Second Class
12/06/2021,West,Arizona,Furniture,Bookcases,Sauder Heritage Bookcase,6007.21,1469.03,13,0.15,Corporate,Same Day
07/12/2022,East,New Hampshire,Technology,Accessories,Belkin Surge Protector,2734.83,-551.71,9,0.5,Consumer,Same Day
04/14/2022,Central,Nebraska,Office Supplies,Storage,Fellowes Storage Box,649.47,-154.28,11,0.6,Home Office,First Class
01/07/2022,East,New Jersey,Office Supplies,Supplies,Swingline Stapler,1115.99,50.26,10,0.3,Consumer,Same Day
11/26/2021,Central,Missouri,Office Supplies,Envelopes,Kraft Envelope Pack,730.93,-56.33,6,0.3,Corporate,Standard Class
08/26/2021,South,Georgia,Office Supplies,Labels,Avery Shipping Labels,1970.13,482.6,13,0.3,Consumer,Same Day
07/04/2024,South,Florida,Furniture,Tables,Lesro Reception Table,1593.05,126.7,8,0,Corporate,Same Day
09/29/2022,South,Georgia,Furniture,Chairs,HON Executive Leather Chair,4553.83,-883.78,9,0,Consumer,Same Day
05/01/2023,East,New Jersey,Office Supplies,Labels,Avery Shipping Labels,2058.85,-213.63,14,0.4,Home Office,Second Class
07/20/2022,South,South Carolina,Technology,Machines,Canon imageCLASS Printer,3891.65,866.4,13,0.3,Corporate,Standard Class
07/04/2023,Central,Wisconsin,Technology,Copiers,Xerox WorkCentre Copier,2342.49,190.09,9,0.4,Home Office,Same Day
04/24/2022,South,Tennessee,Furniture,Chairs,Novimex Swivel Chair,572.41,112.66,14,0.3,Home Office,Same Day
10/26/2023,South,North Carolina,Office Supplies,Storage,Iris Stackable Bin,1741.49,478.06,10,0.2,Corporate,Standard Class
09/02/2024,South,Florida,Technology,Machines,Epson Scanner,1737.91,576.16,3,0,Corporate,Same Day
07/07/2024,East,Maine,Technology,Copiers,Sharp Digital Copier,7564.95,-1728.29,12,0.4,Consumer,Second Class
07/21/2021,Central,Michigan,Technology,Phones,OtterBox Phone Cover,3328.85,-631.47,13,0.7,Consumer,First Class
01/05/2023,East,New York,Office Supplies,Storage,Sterilite Storage Tote,160.03,10.99,6,0.3,Home Office,Second Class
10/17/2023,West,Oregon,Furniture,Furnishings,Tenex Chair Mat,2243.26,297.78,10,0,Corporate,First Class
06/24/2023,East,New Hampshire,Office Supplies,Binders,Avery Durable Binder,182.86,59.83,6,0.6,Home Office,First Class
08/07/2021,South,Virginia,Furniture,Furnishings,Fellowes Monitor Stand,1465.22,139.03,4,0.3,Home Office,First Class
05/26/2024,East,Vermont,Office Supplies,Storage,Fellowes Storage Box,1501.52,438.08,12,0.4,Consumer,First Class
07/10/2024,West,Nevada,Technology,Accessories,Kensington Keyboard,471.73,-30.49,2,0.7,Corporate,Standard Class
05/01/2023,Central,Ohio,Furniture,Tables,Chromcraft Round Table,368.01,27.1,3,0.1,Corporate,First Class
08/24/2021,West,Arizona,Office Supplies,Labels,Avery Shipping Labels,295.26,97.41,8,0,Home Office,Same Day
01/04/2024,Central,Illinois,Office Supplies,Storage,Sterilite Storage Tote,112.09,22.35,2,0.4,Corporate,Same Day
02/21/2021,Central,Illinois,Technology,Machines,Epson Scanner,2068.84,240.09,10,0.5,Home Office,Standard Class
10/14/2021,South,Virginia,Technology,Copiers,Canon Copier,386.11,17.6,1,0,Consumer,Second Class
04/17/2024,West,Utah,Office Supplies,Envelopes,Manila Envelopes,96.77,-0.1,12,0.8,Consumer,Same Day
06/28/2023,South,Virginia,Furniture,Tables,Bush Somerset Table,5564.13,-1059.34,8,0.1,Home Office,First Class
09/08/2021,Central,Texas,Office Supplies,Labels,Avery File Labels,207.77,-25.5,14,0.4,Home Office,Standard Class
05/21/2021,East,Maine,Furniture,Chairs,HON Executive Leather Chair,1416.09,-170.54,14,0.5,Consumer,First Class
01/12/2024,West,California,Office Supplies,Binders,GBC Binding Cover,146.31,39.48,5,0,Consumer,Standard Class
12/23/2021,Central,Michigan,Technology,Accessories,Logitech Wireless Mouse,891.54,2.3,5,0,Consumer,Standard Class
10/29/2023,South,Louisiana,Office Supplies,Art,Bic Pen Pack,20.41,4.49,4,0.6,Home Office,First Class
05/24/2023,South,Florida,Furniture,Furnishings,Fellowes Monitor Stand,4965.8,1468.99,11,0,Consumer,Standard Class
07/18/2022,Central,Nebraska,Furniture,Bookcases,Hon Metal Bookcase,1605.36,284.62,10,0.7,Corporate,First Class
12/08/2024,South,Kentucky,Technology,Copiers,Canon Copier,474.94,100.39,2,0.7,Home Office,Second Class
07/18/2023,South,Louisiana,Furniture,Furnishings,Advantus Wall Clock,3244.09,-202.66,7,0.3,Corporate,First Class
07/06/2021,Central,Ohio,Technology,Copiers,Canon Copier,1947.11,-373.96,14,0,Home Office,First Class
04/22/2023,West,Montana,Furniture,Tables,Bretford Conference Table,1526.75,5.74,6,0.7,Home Office,Standard Class
03/29/2024,Central,Nebraska,Office Supplies,Envelopes,Kraft Envelope Pack,327.02,12.86,9,0.1,Consumer,First Class
02/23/2024,Central,Illinois,Office Supplies,Paper,Universal Legal Pad,801.66,108.72,13,0.6,Consumer,First Class
12/20/2022,East,New Jersey,Office Supplies,Labels,Avery Shipping Labels,217.73,19.55,1,0,Corporate,Standard Class
05/10/2023,West,California,Furniture,Chairs,Novimex Swivel Chair,1014.53,-63.93,8,0.2,Corporate,Standard Class
07/12/2022,East,New Jersey,Furniture,Bookcases,Sauder Heritage Bookcase,943.52,107.79,8,0.7,Corporate,First Class
08/16/2021,West,Montana,Furniture,Tables,Lesro Reception Table,925.6,38.86,5,0.7,Home Office,First Class
02/23/2022,East,Massachusetts,Office Supplies,Storage,Fellowes Storage Box,865.36,180.42,5,0.1,Corporate,First Class
09/22/2021,East,New York,Office Supplies,Fasteners,Bostitch Push Pins,617.79,30.99,7,0.5,Home Office,First Class
02/08/2021,East,Vermont,Technology,Phones,OtterBox Phone Cover,8309.35,793.17,8,0,Home Office,Same Day
10/28/2022,South,Virginia,Furniture,Furnishings,Eldon Desk Lamp,509.86,83.5,3,0.6,Corporate,Standard Class
12/10/2023,South,Georgia,Furniture,Furnishings,Fellowes Monitor Stand,1100.49,217.33,2,0.3,Consumer,First Class
12/17/2022,West,Washington,Technology,Phones,Samsung Galaxy Charger,1381.35,189.61,6,0.8,Consumer,Second Class
05/18/2024,East,New Jersey,Office Supplies,Paper,HP Premium Paper,18.62,5.97,3,0.7,Home Office,Same Day
07/08/2024,South,Mississippi,Technology,Copiers,Sharp Digital Copier,3267.13,102.43,6,0,Home Office,First Class
09/28/2022,Central,Nebraska,Furniture,Tables,Bretford Conference Table,254.85,-7.33,8,0.4,Corporate,Standard Class
07/11/2023,East,Rhode Island,Office Supplies,Supplies,Scissors Set,851.01,-48.58,13,0.6,Corporate,Second Class
10/31/2023,East,New Hampshire,Furniture,Tables,Bretford Conference Table,598.9,104.55,11,0,Corporate,Second Class
11/24/2022,Central,Minnesota,Office Supplies,Fasteners,Acco Binder Clips,65.94,8.48,11,0.6,Corporate,Standard Class
06/01/2022,Central,Illinois,Technology,Copiers,Sharp Digital Copier,4170.1,465.47,12,0.7,Consumer,First Class
09/22/2021,East,New Jersey,Office Supplies,Labels,Kroy Label Tape,469.25,-30.15,10,0.8,Corporate,First Class
02/07/2021,West,Montana,Furniture,Furnishings,Advantus Wall Clock,911.02,-110.67,6,0.15,Corporate,Second Class
07/27/2021,West,Oregon,Furniture,Bookcases,Bush Wood Bookcase,3397.07,951.89,9,0.5,Consumer,First Class
11/19/2024,West,Utah,Furniture,Chairs,HON Executive Leather Chair,3806.18,-573.5,13,0.6,Corporate,Standard Class
06/04/2024,South,Tennessee,Technology,Machines,Epson Scanner,947.05,-103.8,5,0.8,Consumer,First Class
08/01/2022,South,South Carolina,Office Supplies,Supplies,Tape Dispenser,1153.16,1.38,13,0.3,Consumer,Second Class
02/10/2024,West,Arizona,Furniture,Furnishings,Advantus Wall Clock,305.75,79.71,2,0.8,Corporate,Standard Class
07/07/2021,West,Arizona,Office Supplies,Binders,Cardinal Ring Binder,531.33,163.8,4,0.4,Corporate,Standard Class
06/17/2021,South,Kentucky,Office Supplies,Paper,Universal Legal Pad,48.55,14.98,6,0.1,Home Office,First Class
11/26/2024,West,Oregon,Furniture,Tables,Lesro Reception Table,9628.92,302.98,14,0,Home Office,Standard Class
01/29/2024,East,New York,Office Supplies,Paper,HP Premium Paper,637.86,-116.91,12,0.6,Corporate,Second Class
08/01/2024,Central,Illinois,Furniture,Chairs,Novimex Swivel Chair,2195.75,-402.89,13,0.6,Corporate,Standard Class
06/13/2024,West,Oregon,Office Supplies,Fasteners,Staples Standard Staples,775.03,-106.65,6,0.1,Home Office,Standard Class
08/21/2023,Central,Illinois,Technology,Phones,OtterBox Phone Cover,144.8,-3.77,1,0.7,Home Office,Standard Class
04/06/2024,Central,Illinois,Office Supplies,Paper,Xerox Copy Paper,336.82,-13.01,12,0.2,Corporate,Second Class
05/10/2021,South,Louisiana,Technology,Machines,HP LaserJet Printer,527.55,-68.08,12,0.4,Consumer,Standard Class
06/03/2022,Central,Wisconsin,Technology,Copiers,Ricoh Office Copier,76.08,-2.72,1,0.7,Consumer,First Class
06/20/2023,Central,Illinois,Office Supplies,Fasteners,Acco Binder Clips,1363.51,65.07,7,0.2,Corporate,First Class
06/01/2023,Central,Illinois,Technology,Copiers,Canon Copier,6682.05,-382.7,10,0,Consumer,First Class
11/13/2024,Central,Wisconsin,Office Supplies,Fasteners,Bostitch Push Pins,722.48,134.45,8,0.2,Corporate,Same Day
11/17/2023,Central,Texas,Furniture,Furnishings,Advantus Wall Clock,1606.49,516.77,13,0.8,Consumer,Same Day
01/12/2023,East,New Jersey,Furniture,Chairs,Bush Mid-Back Chair,135.8,-21.45,7,0.6,Corporate,First Class
03/27/2023,Central,Iowa,Furniture,Chairs,Bush Mid-Back Chair,477.44,155.79,6,0.7,Consumer,Second Class
06/18/2022,South,Kentucky,Office Supplies,Art,Crayola Colored Pencils,397.54,46.56,12,0.4,Home Office,Same Day
12/20/2021,West,Washington,Furniture,Bookcases,O'Sullivan 5-Shelf Bookcase,6462.65,1527.18,12,0.4,Corporate,First Class
11/19/2021,East,Rhode Island,Technology,Accessories,SanDisk USB Drive,2675.93,354.88,12,0.8,Corporate,Second Class
02/23/2021,East,Massachusetts,Furniture,Chairs,Novimex Swivel Chair,1570.81,47.82,6,0.5,Home Office,Second Class
12/13/2023,East,Pennsylvania,Office Supplies,Fasteners,Acco Binder Clips,1010.32,-207.87,7,0.3,Corporate,Standard Class
02/04/2024,South,Louisiana,Technology,Accessories,Kensington Keyboard,1068.75,352.43,11,0.6,Corporate,Standard Class
11/28/2021,East,Rhode Island,Furniture,Tables,Bush Somerset Table,262.1,83.48,6,0.8,Home Office,First Class
07/04/2024,East,Connecticut,Furniture,Tables,Bush Somerset Table,978.92,50.46,5,0.6,Consumer,Second Class
06/16/2021,West,Colorado,Technology,Phones,Apple iPhone Case,279.63,-25.5,1,0.7,Consumer,Same Day
09/17/2023,East,New Hampshire,Technology,Accessories,SanDisk USB Drive,606.15,13.41,4,0.7,Home Office,Standard Class
02/22/2022,West,Idaho,Office Supplies,Supplies,Tape Dispenser,90.31,24.1,6,0.6,Corporate,First Class
05/11/2022,South,North Carolina,Office Supplies,Art,Crayola Colored Pencils,546.66,-55.35,8,0,Consumer,Standard Class
11/24/2021,Central,Missouri,Technology,Copiers,Xerox WorkCentre Copier,12571.88,2296.59,14,0.2,Consumer,Second Class
10/16/2023,South,Kentucky,Office Supplies,Supplies,Swingline Stapler,236.42,12.59,1,0,Consumer,Second Class
05/08/2024,Central,Texas,Furniture,Tables,Lesro Reception Table,2569.64,-201.85,14,0.7,Consumer,Standard Class
01/20/2023,South,North Carolina,Office Supplies,Envelopes,Manila Envelopes,10.28,0.9,1,0.3,Corporate,First Class
06/30/2024,East,Vermont,Technology,Copiers,Sharp Digital Copier,743.64,249.16,11,0.6,Corporate,First Class
05/18/2024,Central,Kansas,Office Supplies,Binders,GBC Binding Cover,793.92,-176.9,9,0.3,Consumer,First Class
11/03/2022,South,Kentucky,Office Supplies,Binders,GBC Binding Cover,338.4,116.53,10,0.2,Home Office,First Class
08/31/2023,Central,Kansas,Technology,Copiers,Sharp Digital Copier,6453.7,995.7,14,0,Corporate,First Class
04/10/2024,East,New Hampshire,Office Supplies,Paper,Xerox Copy Paper,1056.08,192.96,8,0,Corporate,Second Class
02/08/2021,West,California,Technology,Phones,Samsung Galaxy Charger,3327.83,-7.4,8,0.2,Consumer,Same Day
02/23/2024,South,Florida,Technology,Machines,HP LaserJet Printer,1061.45,-25.37,6,0.7,Consumer,Same Day
01/29/2022,Central,Kansas,Office Supplies,Labels,Kroy Label Tape,477.38,-54.94,4,0.15,Corporate,First Class
02/22/2024,West,Idaho,Office Supplies,Supplies,Swingline Stapler,181.53,-32.11,13,0.8,Home Office,Same Day
08/13/2022,South,Tennessee,Furniture,Tables,Bretford Conference Table,3897.6,60.12,12,0,Corporate,Same Day
10/09/2021,West,Nevada,Technology,Accessories,SanDisk USB Drive,717.47,-76.36,2,0.6,Consumer,Second Class
08/26/2023,West,California,Furniture,Furnishings,Advantus Wall Clock,418.96,-103.44,2,0.7,Home Office,Second Class
10/20/2022,South,Louisiana,Office Supplies,Paper,Boise Multi-Use Paper,25.01,5.28,5,0.7,Home Office,Second Class
03/25/2023,East,New Jersey,Office Supplies,Binders,Avery Durable Binder,376.0,74.98,13,0.4,Corporate,Standard Class
08/06/2022,East,Connecticut,Technology,Phones,Motorola Phone Stand,1597.59,74.04,8,0.7,Consumer,Same Day
07/29/2023,Central,Michigan,Furniture,Tables,Bush Somerset Table,6099.63,-1473.36,11,0.15,Corporate,First Class
11/22/2023,West,Oregon,Technology,Copiers,Ricoh Office Copier,2993.85,-577.12,6,0,Consumer,Same Day
04/28/2022,Central,Michigan,Furniture,Tables,Lesro Reception Table,5844.94,-402.32,8,0.15,Home Office,Standard Class
09/29/2024,Central,Minnesota,Technology,Machines,Canon imageCLASS Printer,466.76,-3.15,2,0.4,Home Office,First Class
10/01/2021,East,Connecticut,Office Supplies,Paper,HP Premium Paper,918.68,315.39,8,0,Corporate,Same Day
10/25/2024,South,Kentucky,Technology,Machines,HP LaserJet Printer,5468.15,-1098.43,13,0.6,Corporate,First Class
12/03/2021,East,Pennsylvania,Furniture,Chairs,HON Executive Leather Chair,1226.46,194.0,6,0.5,Home Office,Same Day
09/28/2021,East,Rhode Island,Office Supplies,Storage,Rubbermaid File Bin,726.3,-156.41,9,0.3,Corporate,First Class
03/30/2024,East,Vermont,Office Supplies,Storage,Iris Stackable Bin,214.15,36.45,2,0,Home Office,Standard Class
01/04/2022,East,New Hampshire,Furniture,Tables,Lesro Reception Table,9021.07,3040.1,13,0,Home Office,Same Day
06/14/2021,Central,Missouri,Office Supplies,Fasteners,Acco Binder Clips,722.33,-122.94,11,0.7,Corporate,Standard Class
01/08/2021,West,Montana,Office Supplies,Binders,GBC Binding Cover,3180.65,88.43,13,0,Home Office,Same Day
11/14/2021,South,South Carolina,Furniture,Furnishings,Advantus Wall Clock,3802.15,703.45,5,0.1,Consumer,Standard Class
05/18/2021,South,Mississippi,Furniture,Chairs,HON Executive Leather Chair,39.64,4.31,2,0.6,Home Office,Standard Class
01/11/2024,West,California,Office Supplies,Supplies,X-Acto Cutting Mat,147.01,50.88,4,0,Consumer,First Class
04/27/2023,Central,Michigan,Office Supplies,Binders,GBC Binding Cover,72.75,23.22,5,0.15,Home Office,Second Class
08/10/2024,South,Kentucky,Office Supplies,Storage,Sterilite Storage Tote,1515.97,-89.08,11,0.3,Corporate,Same Day
05/09/2022,West,Arizona,Office Supplies,Binders,Cardinal Ring Binder,964.94,168.43,14,0.1,Corporate,Standard Class
05/13/2022,South,Alabama,Technology,Machines,Epson Scanner,1873.83,-379.56,5,0.1,Corporate,First Class
07/04/2022,East,Rhode Island,Technology,Machines,Canon imageCLASS Printer,1549.41,-350.59,7,0.7,Consumer,Second Class
02/01/2021,West,Idaho,Furniture,Tables,Chromcraft Round Table,3119.86,-560.36,4,0.1,Corporate,Second Class
02/19/2023,West,Utah,Furniture,Tables,Chromcraft Round Table,2363.5,-153.5,8,0.5,Corporate,Same Day
02/21/2022,South,Georgia,Technology,Copiers,Sharp Digital Copier,2468.63,216.04,6,0.2,Consumer,Second Class
11/09/2021,East,Connecticut,Technology,Copiers,Sharp Digital Copier,957.19,87.94,4,0.2,Consumer,Same Day
12/11/2021,Central,Wisconsin,Office Supplies,Supplies,Tape Dispenser,422.19,76.92,12,0.2,Corporate,Second Class
01/14/2021,East,Rhode Island,Furniture,Bookcases,Sauder Heritage Bookcase,5330.08,-592.38,7,0,Home Office,Second Class
05/04/2021,East,Massachusetts,Technology,Copiers,Sharp Digital Copier,2430.31,291.42,10,0.7,Corporate,Same Day
02/04/2021,East,New York,Technology,Copiers,Canon Copier,632.6,212.86,9,0.8,Consumer,Same Day
01/29/2022,West,Washington,Furniture,Chairs,HON Executive Leather Chair,1210.64,-45.2,10,0.5,Corporate,Standard Class
09/07/2022,Central,Missouri,Office Supplies,Paper,HP Premium Paper,1805.39,478.3,11,0,Consumer,Standard Class
07/28/2024,South,Alabama,Office Supplies,Supplies,Scissors Set,8.9,0.44,1,0.8,Corporate,First Class
11/18/2024,East,Rhode Island,Furniture,Chairs,HON Executive Leather Chair,1551.38,472.39,10,0.4,Home Office,First Class
04/17/2024,East,New Jersey,Office Supplies,Storage,Iris Stackable Bin,123.35,37.91,3,0.8,Corporate,Second Class
10/14/2021,West,Utah,Technology,Accessories,Belkin Surge Protector,2280.91,115.13,13,0.8,Corporate,Standard Class
05/24/2024,East,Vermont,Furniture,Bookcases,Bush Wood Bookcase,4473.43,-53.58,13,0.6,Corporate,Standard Class
02/07/2024,Central,Iowa,Office Supplies,Paper,Boise Multi-Use Paper,235.51,23.91,7,0.3,Corporate,Standard Class
07/03/2022,Central,Michigan,Technology,Phones,Apple iPhone Case,1811.59,236.12,3,0.3,Home Office,Same Day
09/24/2022,Central,Minnesota,Furniture,Bookcases,Sauder Heritage Bookcase,4415.9,-833.11,8,0.2,Consumer,Second Class
02/23/2021,South,Louisiana,Technology,Copiers,Canon Copier,1085.5,117.4,2,0.2,Corporate,Same Day
02/20/2024,East,Connecticut,Office Supplies,Fasteners,Staples Standard Staples,209.97,33.84,4,0.6,Consumer,Second Class
05/10/2021,Central,Wisconsin,Office Supplies,Supplies,X-Acto Cutting Mat,147.92,-10.38,3,0.3,Consumer,First Class
07/27/2023,Central,Michigan,Technology,Copiers,Xerox WorkCentre Copier,772.9,246.78,2,0,Corporate,Same Day
09/08/2022,Central,Iowa,Office Supplies,Fasteners,Bostitch Push Pins,568.62,-73.63,6,0.6,Corporate,Second Class
10/30/2022,South,Tennessee,Office Supplies,Supplies,X-Acto Cutting Mat,1216.72,-17.32,7,0.15,Consumer,Second Class
06/17/2023,West,Montana,Furniture,Furnishings,Tenex Chair Mat,8304.38,-1731.5,13,0.15,Corporate,Same Day
05/17/2023,West,Arizona,Furniture,Tables,Bush Somerset Table,774.31,266.69,13,0.3,Corporate,Same Day
08/12/2021,South,Kentucky,Furniture,Tables,Bretford Conference Table,7004.67,-259.14,13,0.1,Home Office,Standard Class
07/21/2021,South,Tennessee,Office Supplies,Art,Newell Highlighters,578.91,35.47,5,0.1,Home Office,Second Class
12/08/2022,South,Tennessee,Office Supplies,Supplies,X-Acto Cutting Mat,16.76,-0.01,1,0.4,Consumer,Standard Class
02/28/2022,West,Colorado,Office Supplies,Envelopes,Manila Envelopes,477.24,-91.36,9,0.4,Home Office,Same Day
02/16/2021,Central,Illinois,Office Supplies,Storage,Fellowes Storage Box,1822.2,284.78,14,0.2,Consumer,Second Class
08/05/2023,West,Montana,Furniture,Tables,Lesro Reception Table,1607.73,-222.14,4,0.3,Home Office,Same Day
04/27/2024,South,Florida,Technology,Machines,Epson Scanner,172.51,-20.89,7,0.3,Corporate,Standard Class
02/08/2022,East,Rhode Island,Furniture,Tables,Chromcraft Round Table,2006.97,537.03,8,0,Home Office,First Class
12/22/2022,South,Mississippi,Office Supplies,Art,Crayola Colored Pencils,1302.89,310.4,14,0.4,Home Office,First Class
09/18/2022,East,New Jersey,Office Supplies,Art,Sharpie Marker Set,189.16,-31.25,2,0,Corporate,Same Day
07/25/2024,West,Utah,Office Supplies,Binders,Cardinal Ring Binder,413.91,127.66,9,0.8,Consumer,Second Class
07/13/2023,South,Virginia,Furniture,Chairs,Bush Mid-Back Chair,7816.6,2509.95,10,0,Corporate,Second Class
11/03/2024,West,Utah,Technology,Copiers,Ricoh Office Copier,4820.85,78.63,8,0.3,Consumer,Standard Class
04/06/2022,East,Massachusetts,Office Supplies,Storage,Sterilite Storage Tote,334.43,8.16,9,0.15,Home Office,Same Day
06/23/2023,East,Pennsylvania,Office Supplies,Envelopes,Kraft Envelope Pack,2004.46,-377.94,9,0.1,Home Office,Second Class
06/28/2021,Central,Texas,Office Supplies,Labels,Avery Shipping Labels,1554.85,-167.66,8,0,Home Office,First Class
02/28/2022,South,North Carolina,Technology,Machines,HP LaserJet Printer,9060.83,628.54,13,0,Home Office,Second Class
10/05/2021,Central,Wisconsin,Office Supplies,Labels,Avery Round Labels,2091.68,722.66,13,0.3,Home Office,Second Class
10/16/2024,West,Nevada,Furniture,Tables,Bush Somerset Table,609.47,78.89,7,0.4,Home Office,Same Day
11/22/2023,South,Louisiana,Furniture,Bookcases,O'Sullivan 5-Shelf Bookcase,6439.66,1779.86,12,0.15,Corporate,Same Day
07/24/2024,Central,Nebraska,Furniture,Bookcases,O'Sullivan 5-Shelf Bookcase,737.52,-156.36,11,0.8,Home Office,Same Day
10/24/2022,West,Utah,Furniture,Furnishings,Advantus Wall Clock,3774.97,365.27,14,0.15,Home Office,Same Day
02/03/2021,Central,Texas,Furniture,Bookcases,O'Sullivan 5-Shelf Bookcase,816.66,-203.83,2,0,Corporate,Second Class
09/02/2024,West,Arizona,Furniture,Tables,Bretford Conference Table,471.9,70.17,6,0.15,Home Office,Second Class
05/30/2023,East,Vermont,Technology,Accessories,Kensington Keyboard,9386.59,-2340.53,11,0,Corporate,Standard Class
01/17/2021,West,Nevada,Technology,Copiers,Canon Copier,9465.77,3245.75,12,0.2,Corporate,Second Class
07/29/2021,South,Georgia,Furniture,Furnishings,Eldon Desk Lamp,549.53,-38.71,2,0.2,Corporate,Second Class
06/21/2023,West,Washington,Technology,Phones,Samsung Galaxy Charger,335.13,66.68,6,0.8,Corporate,Same Day
04/22/2024,West,Washington,Furniture,Chairs,Global Deluxe Task Chair,2766.55,21.12,12,0.3,Consumer,Second Class
09/10/2024,Central,Illinois,Furniture,Tables,Bretford Conference Table,2140.29,119.24,5,0.1,Home Office,Same Day
08/19/2021,Central,Texas,Furniture,Furnishings,Fellowes Monitor Stand,1395.63,-289.44,4,0.4,Consumer,First Class
01/24/2024,Central,Ohio,Office Supplies,Fasteners,Officemate Paper Clips,2102.72,678.49,11,0,Consumer,Standard Class
05/04/2021,East,New York,Office Supplies,Paper,Xerox Copy Paper,1161.52,147.68,13,0.3,Home Office,Same Day
06/21/2021,South,Alabama,Furniture,Chairs,Bush Mid-Back Chair,2349.74,-300.96,5,0,Consumer,First Class
12/01/2024,South,Mississippi,Technology,Phones,Motorola Phone Stand,1603.72,-171.31,7,0.8,Consumer,Standard Class
09/26/2024,South,Georgia,Office Supplies,Storage,Sterilite Storage Tote,668.46,-119.21,12,0.7,Home Office,Second Class
12/08/2021,East,New Jersey,Office Supplies,Envelopes,Security Envelopes,1127.67,309.07,6,0,Home Office,Standard Class
06/23/2022,East,Maine,Office Supplies,Labels,Avery Round Labels,756.62,36.08,12,0.6,Home Office,First Class
11/19/2021,East,New Hampshire,Technology,Machines,Brother Fax Machine,5381.47,831.29,5,0,Consumer,Second Class
08/25/2023,East,New York,Furniture,Chairs,Global Deluxe Task Chair,3485.16,-497.07,6,0.3,Consumer,Same Day
07/10/2022,West,Colorado,Furniture,Furnishings,Advantus Wall Clock,7321.32,-1305.83,14,0,Home Office,Standard Class
05/22/2021,West,Nevada,Technology,Phones,OtterBox Phone Cover,6358.18,-404.26,8,0.15,Consumer,Same Day
06/29/2024,East,Maine,Furniture,Tables,Chromcraft Round Table,825.79,275.08,4,0.4,Consumer,Second Class
01/15/2024,West,California,Office Supplies,Storage,Iris Stackable Bin,378.39,104.56,6,0.7,Corporate,Standard Class
05/10/2023,South,Virginia,Furniture,Chairs,HON Executive Leather Chair,7006.82,-1153.15,8,0,Corporate,Standard Class
07/28/2023,East,Massachusetts,Technology,Copiers,Sharp Digital Copier,8514.02,453.43,12,0,Home Office,Same Day
08/21/2022,East,New York,Office Supplies,Binders,GBC Binding Cover,926.63,-13.18,5,0.2,Home Office,First Class
02/20/2022,Central,Iowa,Office Supplies,Paper,Xerox Copy Paper,34.83,-6.5,3,0.6,Corporate,Same Day
07/15/2023,Central,Missouri,Furniture,Tables,Bush Somerset Table,759.62,-135.25,5,0.4,Consumer,First Class
12/27/2024,East,Massachusetts,Office Supplies,Binders,Avery Durable Binder,320.86,-70.79,4,0.2,Corporate,First Class
07/13/2021,West,California,Office Supplies,Supplies,X-Acto Cutting Mat,1610.93,-267.61,8,0,Consumer,Standard Class
11/06/2024,West,Oregon,Furniture,Furnishings,Advantus Wall Clock,310.05,31.52,11,0.7,Consumer,Standard Class
07/08/2021,East,Massachusetts,Technology,Copiers,Xerox WorkCentre Copier,1941.6,612.32,14,0.2,Consumer,Second Class
10/31/2024,South,Alabama,Office Supplies,Storage,Rubbermaid File Bin,628.45,185.38,7,0,Corporate,First Class
10/19/2023,South,North Carolina,Furniture,Chairs,Bush Mid-Back Chair,1545.42,-305.02,7,0.5,Corporate,Second Class
02/23/2023,South,South Carolina,Technology,Machines,Canon imageCLASS Printer,1170.42,89.78,13,0.8,Corporate,First Class
10/16/2022,Central,Missouri,Office Supplies,Binders,Avery Durable Binder,83.41,19.72,10,0.1,Corporate,Standard Class
07/25/2021,South,Kentucky,Office Supplies,Paper,HP Premium Paper,74.17,5.21,4,0.7,Home Office,Standard Class
04/30/2022,West,Utah,Office Supplies,Binders,GBC Binding Cover,1615.52,272.34,10,0.2,Home Office,Standard Class
10/06/2023,Central,Nebraska,Technology,Machines,HP LaserJet Printer,1800.82,-409.19,9,0.15,Consumer,Second Class
11/11/2022,West,California,Technology,Copiers,Canon Copier,8761.87,-399.06,10,0.1,Consumer,First Class
12/14/2023,East,New York,Furniture,Chairs,Global Deluxe Task Chair,9691.27,-250.48,14,0.2,Home Office,Same Day
11/19/2021,East,Maine,Office Supplies,Envelopes,Poly Mailer Bundle,1666.37,543.9,12,0.3,Home Office,First Class
09/25/2024,West,Montana,Technology,Accessories,Kensington Keyboard,4727.09,900.02,10,0,Corporate,Second Class
01/08/2022,West,California,Technology,Copiers,Canon Copier,8860.92,2928.7,10,0.2,Consumer,Standard Class
12/12/2022,South,North Carolina,Office Supplies,Art,Sharpie Marker Set,958.65,314.29,6,0,Home Office,First Class
11/20/2024,South,Florida,Office Supplies,Paper,HP Premium Paper,105.04,-19.45,2,0.2,Consumer,Standard Class
04/28/2023,South,Louisiana,Technology,Copiers,Xerox WorkCentre Copier,2469.27,-61.22,8,0.3,Corporate,Second Class
02/11/2021,West,Idaho,Furniture,Bookcases,Bush Wood Bookcase,4373.06,-898.58,6,0.15,Consumer,Same Day
05/01/2024,West,Washington,Technology,Phones,Motorola Phone Stand,5125.62,45.07,10,0.4,Home Office,Second Class
02/25/2022,South,North Carolina,Furniture,Bookcases,Bush Wood Bookcase,1773.89,325.02,4,0.3,Home Office,First Class
03/16/2023,Central,Wisconsin,Furniture,Bookcases,Sauder Heritage Bookcase,3795.36,-599.08,10,0.5,Corporate,Standard Class
07/18/2021,South,Georgia,Office Supplies,Supplies,X-Acto Cutting Mat,39.93,-2.99,1,0.1,Consumer,Same Day
09/15/2024,East,Connecticut,Office Supplies,Supplies,Tape Dispenser,805.91,-14.09,5,0,Corporate,Same Day
06/20/2023,Central,Ohio,Office Supplies,Storage,Sterilite Storage Tote,395.13,-35.11,8,0.15,Consumer,Second Class
04/22/2024,East,Pennsylvania,Technology,Accessories,Belkin Surge Protector,202.7,-3.6,4,0.5,Home Office,Same Day
06/11/2021,South,Mississippi,Furniture,Furnishings,Advantus Wall Clock,70.79,6.56,7,0.8,Home Office,Second Class
01/30/2022,East,New Hampshire,Furniture,Chairs,HON Executive Leather Chair,1177.71,403.92,3,0,Corporate,Second Class
03/06/2023,West,Arizona,Office Supplies,Art,Newell Highlighters,875.13,231.01,9,0.3,Home Office,Same Day
11/03/2021,East,Rhode Island,Office Supplies,Art,Bic Pen Pack,177.37,36.37,3,0.6,Consumer,Standard Class
06/25/2022,East,Connecticut,Technology,Accessories,Belkin Surge Protector,1256.08,144.92,7,0.7,Consumer,Second Class
03/22/2023,Central,Missouri,Furniture,Furnishings,Eldon Desk Lamp,274.88,54.28,6,0.8,Corporate,First Class
10/04/2023,East,Maine,Office Supplies,Labels,Avery Shipping Labels,481.16,160.47,14,0.8,Consumer,Second Class
05/23/2024,Central,Iowa,Office Supplies,Labels,Kroy Label Tape,534.69,-65.86,11,0,Corporate,Same Day
09/30/2022,Central,Texas,Technology,Machines,Canon imageCLASS Printer,3011.76,657.5,12,0.5,Home Office,Standard Class
03/09/2021,West,Nevada,Furniture,Bookcases,Hon Metal Bookcase,6622.94,1144.31,8,0,Corporate,First Class
05/11/2022,South,Kentucky,Office Supplies,Art,Newell Highlighters,537.56,-77.11,6,0.4,Corporate,First Class
02/26/2021,Central,Ohio,Office Supplies,Art,Crayola Colored Pencils,296.81,27.71,7,0,Consumer,Second Class
10/29/2024,West,Nevada,Office Supplies,Fasteners,Staples Standard Staples,136.83,18.94,1,0.4,Home Office,Standard Class
05/18/2023,West,Arizona,Technology,Accessories,SanDisk USB Drive,3175.36,-378.1,7,0.2,Corporate,Same Day
09/04/2022,East,New York,Technology,Accessories,SanDisk USB Drive,6529.97,-314.94,11,0,Corporate,First Class
11/04/2021,Central,Wisconsin,Technology,Accessories,Kensington Keyboard,8769.33,2045.52,9,0.1,Home Office,Same Day
08/29/2022,Central,Ohio,Technology,Phones,OtterBox Phone Cover,1761.83,338.34,5,0.3,Home Office,Second Class
11/05/2023,Central,Michigan,Technology,Copiers,Sharp Digital Copier,5067.74,1398.17,5,0,Consumer,First Class
10/24/2024,East,New Hampshire,Furniture,Tables,Bush Somerset Table,177.45,-6.54,6,0.7,Home Office,First Class
08/08/2023,South,Tennessee,Office Supplies,Labels,Avery Shipping Labels,1661.7,448.39,14,0,Home Office,Standard Class
12/22/2023,South,South Carolina,Technology,Phones,OtterBox Phone Cover,326.38,85.69,5,0.3,Consumer,Second Class
10/10/2022,Central,Missouri,Technology,Copiers,Xerox WorkCentre Copier,674.85,-135.99,14,0.8,Corporate,Second Class
03/05/2022,Central,Texas,Furniture,Furnishings,Advantus Wall Clock,6852.63,-1061.74,13,0,Consumer,Second Class
02/25/2023,South,Alabama,Office Supplies,Fasteners,Acco Binder Clips,134.38,25.32,1,0,Consumer,First Class
04/09/2022,West,California,Technology,Phones,Samsung Galaxy Charger,3793.42,-714.59,12,0.2,Home Office,First Class
07/23/2023,West,Washington,Furniture,Tables,Chromcraft Round Table,3268.83,-154.61,12,0.5,Home Office,Second Class
04/07/2023,Central,Iowa,Office Supplies,Paper,HP Premium Paper,51.87,17.68,1,0.1,Consumer,Standard Class
08/04/2024,West,Washington,Office Supplies,Storage,Rubbermaid File Bin,391.34,41.62,5,0.5,Consumer,Standard Class
06/29/2023,East,New York,Technology,Phones,OtterBox Phone Cover,4692.24,162.53,7,0,Consumer,Second Class
06/29/2024,East,Connecticut,Office Supplies,Art,Crayola Colored Pencils,72.03,17.89,10,0.8,Consumer,Standard Class
06/01/2024,Central,Illinois,Furniture,Furnishings,Tenex Chair Mat,2555.84,853.32,4,0.15,Corporate,Same Day
11/10/2024,Central,Ohio,Furniture,Furnishings,Tenex Chair Mat,1448.73,-351.1,8,0.2,Consumer,Standard Class
06/09/2022,South,North Carolina,Furniture,Bookcases,Sauder Heritage Bookcase,4177.22,1405.11,11,0.1,Corporate,Same Day
01/08/2023,East,Pennsylvania,Furniture,Bookcases,Bush Wood Bookcase,1151.21,222.33,13,0.7,Consumer,Standard Class
01/03/2023,East,New Jersey,Technology,Machines,Brother Fax Machine,1100.55,208.93,8,0.6,Corporate,First Class
07/11/2022,West,Washington,Office Supplies,Fasteners,Acco Binder Clips,1696.34,62.67,14,0.3,Corporate,Second Class
08/01/2021,East,New Jersey,Technology,Phones,Samsung Galaxy Charger,1665.24,152.15,7,0.6,Corporate,Second Class
09/17/2023,South,Tennessee,Technology,Phones,Samsung Galaxy Charger,8547.88,123.2,8,0,Consumer,First Class
11/30/2023,Central,Texas,Technology,Machines,Brother Fax Machine,1529.42,-294.96,9,0.8,Home Office,Second Class
02/18/2024,South,Tennessee,Technology,Copiers,Xerox WorkCentre Copier,436.24,135.51,10,0,Home Office,Same Day
05/09/2022,South,North Carolina,Furniture,Furnishings,Advantus Wall Clock,327.97,-38.17,6,0.15,Home Office,Same Day
03/19/2024,South,South Carolina,Furniture,Furnishings,Fellowes Monitor Stand,6190.39,112.92,8,0,Consumer,Same Day
02/16/2024,East,Pennsylvania,Office Supplies,Fasteners,Staples Standard Staples,1861.43,418.95,9,0,Home Office,First Class
04/02/2022,West,Idaho,Office Supplies,Envelopes,Kraft Envelope Pack,708.37,149.08,14,0.4,Home Office,Same Day
01/05/2021,Central,Iowa,Furniture,Bookcases,Hon Metal Bookcase,3601.43,1183.65,6,0.2,Corporate,First Class
04/19/2023,East,New York,Furniture,Furnishings,Tenex Chair Mat,947.83,-130.3,2,0.15,Corporate,Second Class
04/29/2023,South,South Carolina,Technology,Accessories,Logitech Wireless Mouse,302.95,31.29,1,0.7,Corporate,Same Day
04/13/2024,West,Idaho,Furniture,Bookcases,O'Sullivan 5-Shelf Bookcase,2829.41,837.81,8,0.5,Home Office,Second Class
05/08/2023,West,Washington,Office Supplies,Envelopes,Manila Envelopes,382.14,-32.8,10,0.8,Corporate,First Class
12/07/2024,South,North Carolina,Furniture,Furnishings,Advantus Wall Clock,4654.44,1448.96,9,0.2,Home Office,Second Class
10/09/2024,West,Nevada,Technology,Accessories,SanDisk USB Drive,474.36,154.17,3,0.8,Home Office,First Class
10/12/2024,East,Maine,Technology,Copiers,Ricoh Office Copier,2187.21,565.13,12,0.5,Consumer,Standard Class
02/14/2022,East,Vermont,Furniture,Bookcases,Sauder Heritage Bookcase,4427.54,708.56,5,0,Consumer,Standard Class
07/16/2023,Central,Michigan,Technology,Phones,Motorola Phone Stand,836.48,162.02,2,0.6,Consumer,Same Day
02/21/2023,West,Montana,Technology,Accessories,Logitech Wireless Mouse,5631.77,1889.42,7,0.3,Corporate,Standard Class
07/21/2024,East,Connecticut,Furniture,Furnishings,Tenex Chair Mat,1415.8,287.5,12,0.8,Home Office,Second Class
01/18/2022,West,Arizona,Office Supplies,Binders,Avery Durable Binder,77.66,-1.84,3,0.8,Corporate,First Class
11/08/2022,Central,Ohio,Furniture,Tables,Bretford Conference Table,1351.99,-305.6,8,0.8,Corporate,Standard Class
12/20/2024,Central,Iowa,Technology,Accessories,Logitech Wireless Mouse,862.07,-120.41,6,0.5,Consumer,Second Class
12/17/2022,South,Kentucky,Technology,Copiers,Canon Copier,2901.96,-149.04,4,0.1,Corporate,Second Class
10/01/2024,South,Kentucky,Technology,Phones,Apple iPhone Case,1120.35,151.65,6,0.4,Home Office,Second Class
06/10/2022,East,Maine,Office Supplies,Art,Bic Pen Pack,129.85,38.54,9,0.8,Corporate,Same Day
11/19/2023,South,Florida,Office Supplies,Paper,Boise Multi-Use Paper,87.03,28.18,2,0,Home Office,Standard Class
08/01/2021,East,Massachusetts,Technology,Machines,Epson Scanner,1999.27,554.16,4,0.5,Home Office,Same Day
03/19/2021,East,New Jersey,Furniture,Furnishings,Advantus Wall Clock,135.51,30.7,2,0,Home Office,Standard Class
07/14/2024,West,Arizona,Office Supplies,Fasteners,Acco Binder Clips,394.29,-6.43,7,0.3,Consumer,Standard Class
10/27/2023,East,New York,Technology,Phones,Motorola Phone Stand,1616.13,-111.82,2,0.15,Consumer,First Class
11/17/2021,South,Alabama,Office Supplies,Storage,Rubbermaid File Bin,290.16,-4.47,9,0.1,Home Office,First Class
02/08/2024,West,Arizona,Technology,Accessories,Logitech Wireless Mouse,1367.85,-307.68,14,0.5,Home Office,Same Day
04/26/2023,East,Connecticut,Furniture,Tables,Bush Somerset Table,799.48,-111.61,11,0.5,Home Office,First Class
08/13/2024,West,Washington,Furniture,Bookcases,O'Sullivan 5-Shelf Bookcase,2481.97,-520.18,9,0,Consumer,Second Class
07/24/2021,South,Tennessee,Office Supplies,Binders,GBC Binding Cover,38.63,-5.17,5,0.6,Corporate,Same Day
03/04/2024,Central,Nebraska,Technology,Accessories,Kensington Keyboard,7800.07,2536.55,10,0.2,Consumer,Standard Class
01/07/2023,Central,Michigan,Furniture,Furnishings,Advantus Wall Clock,598.51,165.63,3,0.7,Corporate,Same Day
08/15/2024,Central,Wisconsin,Office Supplies,Art,Sharpie Marker Set,2107.65,559.01,10,0,Consumer,Second Class
11/05/2023,Central,Illinois,Technology,Phones,Apple iPhone Case,10788.71,1050.18,11,0,Home Office,Second Class
01/20/2023,East,Rhode Island,Office Supplies,Supplies,X-Acto Cutting Mat,1405.38,145.82,7,0.1,Corporate,Second Class
01/16/2023,South,Kentucky,Technology,Phones,OtterBox Phone Cover,7248.0,1875.7,9,0,Home Office,Second Class
09/18/2023,West,Idaho,Furniture,Chairs,HON Executive Leather Chair,1275.36,54.31,6,0,Consumer,First Class
03/06/2023,Central,Michigan,Furniture,Chairs,Bush Mid-Back Chair,3819.68,-863.47,8,0.4,Home Office,First Class
03/31/2024,East,Rhode Island,Technology,Accessories,SanDisk USB Drive,840.26,119.49,9,0.6,Corporate,Standard Class
12/08/2022,Central,Missouri,Furniture,Furnishings,Advantus Wall Clock,3843.41,-945.64,8,0.4,Consumer,Same Day
11/04/2021,West,Nevada,Furniture,Tables,Bush Somerset Table,1016.27,183.32,3,0,Consumer,Second Class
10/14/2024,South,Tennessee,Technology,Phones,OtterBox Phone Cover,1327.31,-203.41,8,0.4,Corporate,Standard Class
07/13/2024,West,California,Furniture,Chairs,HON Executive Leather Chair,7235.12,-1171.23,9,0,Consumer,First Class
06/25/2021,West,Montana,Office Supplies,Storage,Sterilite Storage Tote,365.8,12.02,4,0.4,Corporate,Second Class
06/30/2024,West,Utah,Technology,Machines,HP LaserJet Printer,1867.19,344.52,11,0.5,Corporate,Same Day
08/11/2021,East,Massachusetts,Office Supplies,Fasteners,Bostitch Push Pins,118.47,35.02,1,0.1,Home Office,Same Day
12/25/2023,West,Washington,Furniture,Furnishings,Eldon Desk Lamp,918.06,133.7,9,0,Home Office,Standard Class
11/29/2024,South,Kentucky,Office Supplies,Envelopes,Kraft Envelope Pack,371.15,85.88,9,0.3,Corporate,First Class
04/22/2022,East,Vermont,Furniture,Tables,Lesro Reception Table,3769.85,1040.7,14,0,Corporate,First Class
12/01/2023,West,California,Technology,Phones,Apple iPhone Case,557.07,90.61,1,0.3,Corporate,Same Day
06/20/2022,Central,Illinois,Furniture,Furnishings,Advantus Wall Clock,2749.14,-84.16,14,0.5,Corporate,Same Day
01/29/2023,West,Utah,Technology,Copiers,Xerox WorkCentre Copier,2682.0,920.21,9,0.5,Home Office,First Class
07/04/2023,South,North Carolina,Technology,Phones,Samsung Galaxy Charger,2965.6,-562.97,13,0.8,Home Office,Same Day
03/08/2023,Central,Kansas,Technology,Phones,Samsung Galaxy Charger,10682.23,2605.97,11,0,Corporate,Same Day
06/13/2021,East,Pennsylvania,Office Supplies,Paper,Boise Multi-Use Paper,1816.75,560.31,10,0,Corporate,First Class
01/22/2021,East,New Jersey,Technology,Copiers,Ricoh Office Copier,1342.78,81.76,4,0.7,Consumer,Standard Class
05/05/2022,West,Oregon,Technology,Phones,Motorola Phone Stand,12886.56,-2550.18,11,0,Corporate,Same Day
12/12/2024,Central,Missouri,Office Supplies,Paper,Xerox Copy Paper,276.6,51.36,2,0,Home Office,First Class
04/08/2023,Central,Wisconsin,Furniture,Chairs,Novimex Swivel Chair,2497.75,-14.29,10,0,Consumer,Standard Class
11/22/2024,Central,Minnesota,Furniture,Tables,Chromcraft Round Table,2887.29,612.05,8,0.3,Corporate,Same Day
06/13/2022,South,Mississippi,Furniture,Furnishings,Eldon Desk Lamp,808.67,280.22,2,0.3,Home Office,Second Class
05/24/2022,Central,Missouri,Office Supplies,Storage,Sterilite Storage Tote,504.67,100.57,5,0,Corporate,Standard Class
03/20/2024,West,Idaho,Office Supplies,Envelopes,Poly Mailer Bundle,1184.43,189.35,5,0,Consumer,Same Day
02/28/2022,West,Nevada,Technology,Machines,Brother Fax Machine,3624.77,912.72,4,0.1,Corporate,Second Class
01/14/2024,East,Pennsylvania,Furniture,Furnishings,Eldon Desk Lamp,207.99,-12.64,1,0.4,Home Office,First Class
03/31/2022,South,North Carolina,Technology,Accessories,Belkin Surge Protector,936.25,61.27,13,0.6,Corporate,Same Day
07/26/2023,East,Rhode Island,Office Supplies,Fasteners,Bostitch Push Pins,52.21,-3.16,2,0.8,Consumer,Standard Class
01/11/2023,West,Utah,Technology,Phones,Motorola Phone Stand,2116.23,-195.31,10,0.15,Corporate,Same Day
03/08/2022,Central,Minnesota,Furniture,Furnishings,Fellowes Monitor Stand,954.71,-29.55,7,0.8,Corporate,First Class
07/24/2021,South,North Carolina,Technology,Machines,HP LaserJet Printer,9901.98,823.88,12,0.15,Corporate,Second Class
05/14/2023,West,Oregon,Office Supplies,Storage,Iris Stackable Bin,1991.19,516.98,8,0,Home Office,First Class
07/22/2021,South,Virginia,Office Supplies,Storage,Rubbermaid File Bin,202.67,48.29,12,0,Corporate,Standard Class
02/22/2024,South,Tennessee,Office Supplies,Envelopes,Security Envelopes,668.2,-1.97,9,0.15,Corporate,Second Class
07/05/2023,West,Arizona,Office Supplies,Envelopes,Manila Envelopes,215.86,6.1,2,0.3,Consumer,Second Class
06/12/2021,Central,Missouri,Technology,Copiers,Canon Copier,712.84,-42.68,3,0.2,Corporate,First Class
04/28/2023,South,Virginia,Office Supplies,Envelopes,Manila Envelopes,641.53,-112.25,3,0,Consumer,First Class
07/15/2021,East,Massachusetts,Furniture,Furnishings,Eldon Desk Lamp,603.15,-141.25,2,0.4,Corporate,Standard Class
09/03/2024,East,Connecticut,Technology,Machines,Canon imageCLASS Printer,1775.16,341.82,7,0.15,Corporate,Second Class
09/20/2024,West,Montana,Furniture,Bookcases,Sauder Heritage Bookcase,3746.55,113.58,6,0.2,Home Office,First Class
07/16/2024,South,North Carolina,Technology,Machines,Epson Scanner,3803.16,41.78,12,0.7,Home Office,First Class
06/24/2023,Central,Iowa,Technology,Machines,Canon imageCLASS Printer,2049.11,-320.83,5,0.2,Consumer,Standard Class
11/09/2024,West,Colorado,Office Supplies,Supplies,Scissors Set,366.26,76.74,8,0.4,Corporate,Second Class
02/23/2024,East,Rhode Island,Office Supplies,Paper,Universal Legal Pad,313.47,56.1,7,0.3,Home Office,Same Day
07/04/2024,South,South Carolina,Office Supplies,Art,Bic Pen Pack,383.21,113.42,4,0.5,Home Office,First Class
05/21/2021,Central,Kansas,Office Supplies,Fasteners,Bostitch Push Pins,221.46,29.26,3,0,Home Office,Same Day
02/09/2021,Central,Nebraska,Office Supplies,Paper,Boise Multi-Use Paper,727.47,-172.21,3,0,Consumer,First Class
04/22/2022,Central,Ohio,Technology,Copiers,Canon Copier,94.46,-11.31,2,0,Corporate,First Class
06/14/2021,South,Tennessee,Office Supplies,Storage,Sterilite Storage Tote,222.57,47.94,14,0,Consumer,Same Day
09/07/2021,West,Nevada,Office Supplies,Fasteners,Staples Standard Staples,165.73,35.26,13,0.8,Corporate,Second Class
08/27/2023,East,Massachusetts,Office Supplies,Art,Sharpie Marker Set,504.8,157.36,7,0.7,Consumer,Standard Class
01/09/2023,East,Connecticut,Office Supplies,Labels,Avery File Labels,16.8,-3.06,1,0.7,Home Office,Same Day
03/22/2023,Central,Texas,Furniture,Tables,Bretford Conference Table,325.94,-73.27,13,0.1,Home Office,Same Day
10/21/2023,West,Colorado,Furniture,Chairs,HON Executive Leather Chair,338.64,104.47,2,0.7,Home Office,Standard Class
09/15/2021,East,Maine,Technology,Machines,Canon imageCLASS Printer,2884.21,245.19,8,0.1,Home Office,First Class
10/03/2021,South,South Carolina,Furniture,Furnishings,Advantus Wall Clock,2235.33,27.94,5,0,Corporate,Same Day
08/18/2023,West,Oregon,Technology,Accessories,SanDisk USB Drive,2199.87,181.96,5,0.6,Consumer,Second Class
01/02/2021,South,Virginia,Office Supplies,Envelopes,Manila Envelopes,497.16,94.56,13,0.7,Consumer,First Class
01/24/2022,West,Colorado,Technology,Phones,OtterBox Phone Cover,1652.76,133.68,9,0.7,Home Office,First Class
07/17/2021,Central,Missouri,Technology,Accessories,Logitech Wireless Mouse,291.64,73.24,9,0.7,Consumer,Second Class
07/22/2021,East,Massachusetts,Furniture,Furnishings,Tenex Chair Mat,233.9,-3.94,1,0.6,Corporate,First Class
03/04/2022,East,Maine,Furniture,Bookcases,Sauder Heritage Bookcase,5524.17,1376.88,11,0.4,Corporate,Standard Class
12/21/2024,Central,Kansas,Technology,Copiers,Sharp Digital Copier,136.4,-30.77,1,0.6,Consumer,First Class
04/19/2022,East,Massachusetts,Technology,Phones,Apple iPhone Case,1585.51,104.19,9,0.3,Consumer,Second Class
12/09/2024,South,Georgia,Technology,Accessories,Belkin Surge Protector,8184.36,-1226.95,11,0.3,Consumer,Same Day
10/08/2022,Central,Ohio,Technology,Copiers,Sharp Digital Copier,7333.05,-19.02,9,0.2,Home Office,Same Day
02/01/2024,Central,Nebraska,Furniture,Chairs,Novimex Swivel Chair,3435.44,73.66,12,0.15,Corporate,Standard Class
09/11/2022,East,Connecticut,Technology,Phones,Samsung Galaxy Charger,1004.48,-121.65,1,0.15,Corporate,Standard Class
03/19/2021,Central,Kansas,Technology,Machines,Canon imageCLASS Printer,1360.93,-123.85,8,0.2,Home Office,Second Class
03/11/2024,West,Arizona,Office Supplies,Art,Bic Pen Pack,16.92,-0.93,4,0.8,Corporate,Second Class
03/26/2024,South,Mississippi,Furniture,Tables,Bretford Conference Table,4945.55,1499.11,7,0,Corporate,First Class
07/22/2024,South,Alabama,Furniture,Chairs,Global Deluxe Task Chair,1390.7,-93.36,13,0.7,Consumer,First Class
04/14/2021,West,Colorado,Technology,Machines,HP LaserJet Printer,2633.22,875.87,11,0.8,Home Office,Standard Class
09/28/2021,West,Utah,Office Supplies,Fasteners,Bostitch Push Pins,720.07,141.99,6,0,Home Office,Same Day
10/04/2021,Central,Illinois,Office Supplies,Fasteners,Bostitch Push Pins,204.52,-2.62,8,0.5,Home Office,Second Class
10/25/2022,West,Nevada,Furniture,Tables,Lesro Reception Table,434.91,66.56,11,0.6,Corporate,First Class
09/17/2022,Central,Michigan,Office Supplies,Envelopes,Kraft Envelope Pack,371.57,127.86,3,0.2,Corporate,Second Class
11/16/2021,South,Florida,Furniture,Chairs,Bush Mid-Back Chair,2003.12,-365.72,13,0.8,Consumer,Second Class
09/17/2022,West,Arizona,Furniture,Tables,Bretford Conference Table,192.09,-23.93,8,0.4,Home Office,Second Class
06/29/2024,West,Montana,Technology,Accessories,Belkin Surge Protector,10118.8,1527.5,12,0,Corporate,Standard Class
11/27/2024,Central,Ohio,Furniture,Tables,Bush Somerset Table,567.08,81.01,10,0.15,Consumer,Standard Class
02/09/2021,South,Virginia,Technology,Accessories,Logitech Wireless Mouse,723.35,244.4,5,0.7,Home Office,Standard Class
02/12/2022,Central,Iowa,Technology,Phones,Samsung Galaxy Charger,3704.42,657.47,9,0.4,Consumer,Second Class
02/07/2021,Central,Minnesota,Office Supplies,Fasteners,Bostitch Push Pins,160.69,20.11,6,0.7,Consumer,First Class
04/07/2022,East,Connecticut,Office Supplies,Storage,Sterilite Storage Tote,538.8,77.67,3,0.2,Consumer,Same Day
10/02/2022,West,Utah,Furniture,Chairs,Novimex Swivel Chair,3322.15,-567.88,10,0.2,Home Office,Second Class
10/25/2021,West,Oregon,Office Supplies,Binders,Cardinal Ring Binder,1009.55,-60.07,11,0.6,Home Office,Standard Class
04/28/2023,West,Colorado,Furniture,Bookcases,Bush Wood Bookcase,2438.57,756.59,7,0.15,Home Office,First Class
02/23/2021,West,Nevada,Furniture,Chairs,HON Executive Leather Chair,2927.15,331.83,13,0.6,Home Office,Second Class
06/12/2021,West,Nevada,Technology,Phones,Motorola Phone Stand,1345.55,346.73,12,0.4,Corporate,First Class
12/02/2021,West,Utah,Office Supplies,Supplies,X-Acto Cutting Mat,35.97,7.51,4,0.1,Consumer,First Class
05/16/2021,South,South Carolina,Technology,Machines,HP LaserJet Printer,1880.17,82.66,3,0.4,Corporate,Same Day
10/03/2022,West,Utah,Office Supplies,Storage,Rubbermaid File Bin,657.74,61.28,7,0.6,Home Office,Standard Class
11/29/2023,East,New Hampshire,Office Supplies,Storage,Iris Stackable Bin,1549.74,-350.94,9,0.3,Corporate,Standard Class
08/09/2022,West,Arizona,Office Supplies,Fasteners,Officemate Paper Clips,854.16,100.69,8,0,Consumer,Second Class
04/13/2024,South,Louisiana,Furniture,Bookcases,Hon Metal Bookcase,834.42,-1.56,12,0.5,Corporate,Standard Class
07/04/2021,West,Idaho,Technology,Machines,Epson Scanner,3357.24,988.03,5,0.2,Consumer,Standard Class
06/24/2021,East,Pennsylvania,Technology,Copiers,Sharp Digital Copier,862.89,193.84,9,0.8,Home Office,Second Class
11/18/2022,South,Kentucky,Office Supplies,Storage,Iris Stackable Bin,647.83,-98.94,10,0.7,Consumer,Second Class
08/15/2022,East,Vermont,Office Supplies,Labels,Kroy Label Tape,342.69,-58.62,11,0,Consumer,Standard Class
01/19/2024,Central,Texas,Office Supplies,Supplies,Tape Dispenser,1986.14,91.52,13,0,Consumer,Same Day
05/17/2022,South,Alabama,Office Supplies,Art,Newell Highlighters,1191.12,100.68,9,0.15,Consumer,Standard Class
10/25/2021,West,Oregon,Furniture,Tables,Bretford Conference Table,8497.4,2148.22,14,0,Corporate,First Class
11/27/2021,East,New York,Furniture,Furnishings,Tenex Chair Mat,5215.05,860.0,11,0.15,Home Office,Second Class
09/05/2022,South,Mississippi,Office Supplies,Storage,Fellowes Storage Box,1078.02,261.05,6,0.2,Corporate,Standard Class
11/06/2022,Central,Iowa,Furniture,Bookcases,Bush Wood Bookcase,3034.64,508.3,9,0.3,Home Office,Standard Class
05/25/2023,East,Rhode Island,Furniture,Furnishings,Advantus Wall Clock,1988.01,189.03,10,0.2,Home Office,First Class
01/04/2022,West,Idaho,Technology,Copiers,Ricoh Office Copier,7731.42,2609.78,10,0.1,Consumer,Standard Class
06/14/2024,East,New Hampshire,Technology,Phones,Samsung Galaxy Charger,407.81,-16.4,7,0.3,Home Office,Second Class
05/19/2021,East,Massachusetts,Technology,Accessories,SanDisk USB Drive,2647.01,-147.29,5,0.15,Consumer,Standard Class
02/02/2022,Central,Minnesota,Office Supplies,Storage,Iris Stackable Bin,1107.48,41.49,6,0.2,Corporate,Standard Class
08/06/2023,West,Idaho,Furniture,Furnishings,Advantus Wall Clock,7611.74,-1647.08,13,0.3,Home Office,First Class
03/28/2024,Central,Kansas,Technology,Phones,Samsung Galaxy Charger,8496.02,2402.82,11,0.2,Corporate,Standard Class
07/07/2024,West,Arizona,Furniture,Tables,Lesro Reception Table,4702.17,-76.46,9,0,Home Office,Standard Class
04/28/2023,Central,Minnesota,Technology,Phones,Motorola Phone Stand,1267.38,-34.28,2,0.4,Corporate,Second Class
02/18/2022,Central,Ohio,Furniture,Tables,Bretford Conference Table,558.33,128.09,2,0.4,Home Office,Second Class
10/21/2021,West,Colorado,Office Supplies,Labels,Avery Shipping Labels,2676.57,837.27,13,0,Home Office,Second Class
01/09/2021,West,California,Office Supplies,Fasteners,Staples Standard Staples,861.94,91.86,5,0,Consumer,First Class
03/28/2024,South,Florida,Furniture,Tables,Bretford Conference Table,6433.19,-798.31,13,0.15,Consumer,Second Class
10/06/2024,Central,Wisconsin,Technology,Accessories,Belkin Surge Protector,348.0,-29.86,2,0.15,Consumer,Standard Class
10/17/2021,West,Montana,Office Supplies,Envelopes,Security Envelopes,1472.6,-216.82,12,0.15,Corporate,First Class
10/15/2024,South,Florida,Furniture,Bookcases,O'Sullivan 5-Shelf Bookcase,357.57,-70.92,1,0,Corporate,Second Class
02/10/2022,South,Mississippi,Office Supplies,Labels,Avery Shipping Labels,729.74,-148.04,12,0.7,Corporate,Second Class
11/02/2024,East,New Hampshire,Furniture,Furnishings,Advantus Wall Clock,1527.93,49.39,11,0.8,Consumer,Second Class
10/28/2022,Central,Minnesota,Office Supplies,Binders,Wilson Jones Binder,45.63,1.61,8,0.4,Corporate,Same Day
11/07/2023,South,North Carolina,Office Supplies,Envelopes,Poly Mailer Bundle,286.65,65.37,2,0.3,Corporate,Standard Class
05/04/2022,Central,Kansas,Office Supplies,Fasteners,Acco Binder Clips,1241.02,414.92,10,0.1,Corporate,Standard Class
03/07/2024,Central,Michigan,Technology,Copiers,Ricoh Office Copier,6937.8,-751.42,13,0.2,Home Office,Standard Class
02/11/2024,South,Georgia,Technology,Copiers,Sharp Digital Copier,283.35,91.67,2,0.4,Consumer,Standard Class
03/22/2022,South,Tennessee,Office Supplies,Storage,Fellowes Storage Box,3108.57,907.56,14,0,Home Office,Standard Class
06/14/2024,West,Oregon,Office Supplies,Labels,Kroy Label Tape,303.15,48.17,10,0.4,Corporate,First Class
04/08/2024,Central,Missouri,Technology,Accessories,Logitech Wireless Mouse,473.65,-3.54,1,0.6,Consumer,First Class
12/11/2024,East,Maine,Technology,Phones,Apple iPhone Case,1140.1,-91.98,9,0.2,Consumer,Second Class
04/12/2023,South,Mississippi,Office Supplies,Envelopes,Manila Envelopes,672.23,99.15,7,0.3,Corporate,Second Class
11/12/2021,West,Montana,Office Supplies,Envelopes,Manila Envelopes,49.7,-12.08,5,0.7,Home Office,Standard Class
06/23/2021,West,Idaho,Technology,Copiers,Xerox WorkCentre Copier,875.66,233.01,3,0.7,Home Office,Same Day
02/27/2023,West,Idaho,Technology,Copiers,Ricoh Office Copier,1335.83,150.61,6,0.1,Home Office,Same Day
03/10/2021,West,Montana,Office Supplies,Fasteners,Officemate Paper Clips,48.74,-1.41,1,0.6,Home Office,Same Day
11/25/2023,East,New Jersey,Technology,Accessories,Belkin Surge Protector,1071.2,-210.95,2,0.5,Corporate,Standard Class
08/19/2023,Central,Nebraska,Furniture,Tables,Bretford Conference Table,3269.31,308.55,8,0.5,Corporate,Same Day
11/24/2024,Central,Wisconsin,Office Supplies,Binders,Avery Durable Binder,154.82,34.22,10,0.8,Corporate,Standard Class
07/02/2024,South,Mississippi,Furniture,Bookcases,Bush Wood Bookcase,379.6,-66.02,1,0.15,Consumer,First Class
06/11/2022,Central,Ohio,Technology,Accessories,SanDisk USB Drive,32.1,-4.66,1,0.8,Home Office,Second Class
09/21/2023,South,Tennessee,Furniture,Tables,Bush Somerset Table,1167.86,-51.73,3,0.5,Consumer,Second Class
09/15/2024,West,Idaho,Office Supplies,Fasteners,Bostitch Push Pins,256.19,-31.64,8,0.8,Home Office,First Class
08/09/2023,East,Connecticut,Furniture,Bookcases,Hon Metal Bookcase,1197.85,236.8,7,0.4,Home Office,Second Class
12/23/2023,South,Alabama,Office Supplies,Labels,Avery File Labels,48.43,14.84,14,0.3,Corporate,Same Day
12/25/2023,Central,Kansas,Technology,Phones,Apple iPhone Case,10108.87,91.7,11,0.2,Home Office,First Class
09/02/2024,Central,Wisconsin,Office Supplies,Art,Crayola Colored Pencils,814.48,126.39,10,0.3,Consumer,Second Class
05/20/2021,Central,Ohio,Office Supplies,Storage,Fellowes Storage Box,18.36,-3.45,1,0.3,Corporate,First Class
02/18/2021,West,Arizona,Office Supplies,Paper,Xerox Copy Paper,161.07,17.15,10,0,Consumer,Standard Class
09/06/2024,East,Pennsylvania,Technology,Machines,Epson Scanner,2699.97,891.8,13,0.7,Consumer,Second Class
07/21/2022,Central,Wisconsin,Office Supplies,Art,Bic Pen Pack,1580.41,237.93,13,0.3,Corporate,First Class
03/07/2023,West,Washington,Office Supplies,Storage,Rubbermaid File Bin,396.26,94.18,6,0,Consumer,Same Day
08/14/2024,East,New Hampshire,Furniture,Furnishings,Tenex Chair Mat,1172.86,247.74,8,0,Consumer,Standard Class
05/25/2021,South,Virginia,Furniture,Bookcases,Sauder Heritage Bookcase,481.05,8.43,10,0.8,Corporate,Second Class
11/07/2021,East,New York,Technology,Copiers,Sharp Digital Copier,10448.66,990.37,12,0.2,Home Office,Same Day
01/07/2021,South,Alabama,Office Supplies,Art,Sharpie Marker Set,286.8,11.25,7,0.8,Home Office,First Class
01/19/2023,Central,Wisconsin,Office Supplies,Storage,Fellowes Storage Box,158.06,4.08,9,0.2,Corporate,Second Class
09/05/2022,West,Montana,Furniture,Furnishings,Tenex Chair Mat,6794.64,872.23,12,0.3,Corporate,Same Day
03/15/2021,East,New Hampshire,Technology,Machines,HP LaserJet Printer,3488.38,368.96,4,0,Corporate,Same Day
12/30/2023,East,Rhode Island,Technology,Accessories,Belkin Surge Protector,9751.49,-2341.81,14,0.4,Corporate,Standard Class
09/01/2024,Central,Texas,Office Supplies,Art,Sharpie Marker Set,636.22,99.79,11,0.5,Home Office,Second Class
09/01/2024,West,Washington,Furniture,Chairs,Novimex Swivel Chair,490.99,59.42,1,0.4,Consumer,Second Class
07/19/2021,East,New Jersey,Technology,Phones,Motorola Phone Stand,735.06,76.91,8,0.6,Consumer,Standard Class
02/20/2022,South,Mississippi,Technology,Machines,Canon imageCLASS Printer,5485.09,1861.18,7,0.2,Home Office,Same Day
03/13/2022,Central,Illinois,Technology,Machines,Brother Fax Machine,9410.83,-458.29,13,0,Consumer,First Class
06/18/2023,West,Utah,Furniture,Tables,Bush Somerset Table,89.3,-16.97,4,0.6,Home Office,Same Day
01/15/2021,West,California,Office Supplies,Art,Newell Highlighters,531.82,56.5,3,0,Corporate,Same Day
12/08/2023,South,North Carolina,Furniture,Chairs,Bush Mid-Back Chair,1291.04,-187.55,8,0.3,Home Office,Standard Class
12/14/2022,West,Idaho,Technology,Phones,Motorola Phone Stand,4777.65,-644.31,7,0,Home Office,Standard Class
07/06/2024,Central,Kansas,Technology,Machines,Epson Scanner,3498.85,-468.04,11,0.1,Consumer,Same Day
08/13/2024,South,North Carolina,Furniture,Bookcases,Sauder Heritage Bookcase,1042.64,-103.4,6,0.15,Home Office,Same Day
11/20/2021,East,Pennsylvania,Technology,Phones,Samsung Galaxy Charger,7767.78,-1401.0,13,0,Consumer,Same Day
08/14/2021,Central,Missouri,Furniture,Tables,Bush Somerset Table,574.0,110.58,6,0.1,Consumer,Same Day
06/12/2023,West,Washington,Office Supplies,Supplies,Scissors Set,626.71,14.41,3,0.1,Corporate,First Class
07/07/2022,West,Idaho,Technology,Machines,Brother Fax Machine,572.28,94.61,4,0.2,Consumer,First Class
12/17/2021,West,Washington,Office Supplies,Supplies,Tape Dispenser,587.85,-42.86,13,0.2,Consumer,Second Class
04/26/2024,West,Washington,Office Supplies,Supplies,X-Acto Cutting Mat,341.93,64.29,8,0.4,Home Office,Second Class
03/20/2024,West,Colorado,Office Supplies,Paper,HP Premium Paper,171.56,-38.77,1,0.3,Corporate,Standard Class
07/16/2023,South,Kentucky,Office Supplies,Supplies,Scissors Set,162.77,32.85,8,0.1,Home Office,Same Day
08/19/2024,West,Oregon,Office Supplies,Labels,Avery File Labels,241.97,-16.24,2,0,Home Office,Same Day
01/14/2022,East,New Hampshire,Office Supplies,Binders,Cardinal Ring Binder,1637.47,282.2,13,0.2,Consumer,Standard Class
05/23/2023,South,Tennessee,Technology,Phones,Motorola Phone Stand,9356.3,1099.37,13,0.15,Home Office,Second Class
04/16/2021,East,Maine,Technology,Phones,Motorola Phone Stand,640.84,77.85,2,0.3,Corporate,First Class
10/11/2021,West,Montana,Technology,Phones,Samsung Galaxy Charger,3571.41,497.94,6,0.1,Home Office,Second Class
07/22/2022,West,Colorado,Office Supplies,Labels,Kroy Label Tape,94.46,2.03,1,0,Home Office,Standard Class
06/25/2024,South,Kentucky,Technology,Accessories,Belkin Surge Protector,2044.94,481.13,6,0.7,Consumer,Second Class
08/14/2022,South,Georgia,Furniture,Furnishings,Tenex Chair Mat,329.99,-60.32,2,0,Consumer,Same Day
05/04/2023,West,Nevada,Technology,Phones,Motorola Phone Stand,6160.63,211.57,11,0.5,Corporate,Same Day
04/21/2022,East,Connecticut,Furniture,Bookcases,Sauder Heritage Bookcase,4111.18,-12.27,14,0.5,Corporate,First Class
09/15/2022,South,Mississippi,Technology,Copiers,Ricoh Office Copier,10809.9,-714.57,10,0,Corporate,Second Class
12/25/2022,South,Tennessee,Office Supplies,Storage,Iris Stackable Bin,717.42,86.94,5,0.4,Consumer,First Class
05/03/2022,West,Oregon,Technology,Machines,HP LaserJet Printer,2385.43,225.94,2,0,Corporate,First Class
12/06/2022,Central,Ohio,Furniture,Bookcases,Bush Wood Bookcase,995.08,333.63,3,0.2,Home Office,First Class
07/28/2023,East,New York,Office Supplies,Supplies,X-Acto Cutting Mat,18.39,3.55,6,0,Home Office,First Class
11/25/2022,Central,Iowa,Office Supplies,Binders,Cardinal Ring Binder,2201.36,638.62,12,0,Consumer,Standard Class
01/02/2023,Central,Texas,Office Supplies,Paper,Universal Legal Pad,25.04,3.38,2,0.2,Home Office,Second Class
10/18/2024,Central,Michigan,Furniture,Bookcases,O'Sullivan 5-Shelf Bookcase,9666.13,-129.0,11,0,Corporate,First Class
01/28/2023,East,Maine,Office Supplies,Binders,Cardinal Ring Binder,28.13,-1.21,7,0.2,Corporate,Same Day
06/26/2023,East,Massachusetts,Technology,Copiers,Ricoh Office Copier,4863.19,1615.63,5,0,Corporate,Same Day
08/31/2023,West,Washington,Furniture,Chairs,Bush Mid-Back Chair,6217.69,-1307.77,14,0.5,Home Office,Same Day
12/25/2021,East,New York,Office Supplies,Labels,Kroy Label Tape,961.96,195.42,9,0.4,Consumer,Second Class
09/11/2022,West,Utah,Office Supplies,Supplies,Scissors Set,433.28,37.08,14,0.6,Corporate,Second Class
08/04/2024,East,New York,Furniture,Tables,Chromcraft Round Table,1830.51,260.46,14,0.7,Corporate,Same Day
09/02/2021,West,Idaho,Technology,Machines,Canon imageCLASS Printer,6705.9,2228.87,13,0.15,Home Office,First Class
11/22/2024,South,Mississippi,Office Supplies,Labels,Kroy Label Tape,1323.76,251.22,14,0,Consumer,First Class
11/20/2024,West,California,Furniture,Tables,Lesro Reception Table,392.91,-33.95,3,0.2,Corporate,First Class
07/10/2024,East,Connecticut,Office Supplies,Art,Sharpie Marker Set,451.48,-67.59,3,0,Corporate,First Class
12/31/2023,Central,Wisconsin,Technology,Accessories,Logitech Wireless Mouse,7946.23,-1925.06,10,0.2,Home Office,First Class
07/29/2021,Central,Iowa,Office Supplies,Envelopes,Poly Mailer Bundle,507.36,126.3,4,0,Home Office,Standard Class
02/05/2021,South,Louisiana,Furniture,Bookcases,Hon Metal Bookcase,1882.78,-61.11,8,0.2,Corporate,First Class
09/21/2021,West,Arizona,Furniture,Bookcases,Hon Metal Bookcase,406.77,-46.39,14,0.8,Consumer,Second Class
02/08/2021,West,Washington,Office Supplies,Art,Newell Highlighters,1480.59,-332.38,13,0.4,Consumer,Standard Class
05/16/2021,East,New Hampshire,Furniture,Tables,Bretford Conference Table,43.56,-8.37,5,0.7,Consumer,Second Class
07/05/2021,West,Oregon,Technology,Accessories,Logitech Wireless Mouse,679.18,216.85,3,0.8,Corporate,First Class
07/22/2021,West,Montana,Technology,Machines,Canon imageCLASS Printer,5168.77,347.87,14,0.6,Home Office,Second Class
03/15/2022,Central,Ohio,Technology,Phones,Apple iPhone Case,1053.75,177.96,9,0.8,Consumer,Same Day
03/15/2022,East,New Jersey,Office Supplies,Fasteners,Acco Binder Clips,834.94,172.7,9,0.1,Corporate,Standard Class
01/10/2023,South,Georgia,Technology,Machines,Epson Scanner,6954.81,-1569.25,12,0.15,Corporate,Same Day
11/08/2024,East,Vermont,Office Supplies,Supplies,Swingline Stapler,487.34,-2.74,14,0.4,Corporate,Second Class
01/27/2021,East,New Hampshire,Technology,Accessories,Kensington Keyboard,5387.92,-65.61,11,0.4,Home Office,Standard Class
12/12/2021,East,New Jersey,Office Supplies,Fasteners,Staples Standard Staples,390.16,-18.27,2,0.2,Home Office,Same Day
04/06/2024,East,Massachusetts,Office Supplies,Supplies,Swingline Stapler,1611.29,371.55,10,0.15,Corporate,First Class
10/29/2021,South,Mississippi,Office Supplies,Supplies,Swingline Stapler,224.59,-22.37,13,0.4,Corporate,Second Class
10/18/2023,West,California,Furniture,Bookcases,Sauder Heritage Bookcase,9629.66,-196.64,11,0,Home Office,First Class
09/15/2024,West,Arizona,Technology,Phones,Apple iPhone Case,6032.39,1361.14,13,0.5,Consumer,First Class
01/13/2024,South,Louisiana,Technology,Accessories,SanDisk USB Drive,10300.67,-2379.88,9,0,Corporate,Standard Class
07/31/2023,South,Louisiana,Office Supplies,Fasteners,Acco Binder Clips,45.86,6.68,1,0,Corporate,Second Class
09/26/2023,South,Alabama,Furniture,Tables,Lesro Reception Table,6767.7,300.03,13,0,Home Office,Same Day
06/24/2022,South,Kentucky,Furniture,Bookcases,O'Sullivan 5-Shelf Bookcase,2797.97,336.21,8,0.6,Corporate,First Class
01/21/2023,Central,Texas,Furniture,Bookcases,Hon Metal Bookcase,640.67,133.97,6,0.8,Home Office,First Class
04/24/2023,South,Georgia,Office Supplies,Envelopes,Security Envelopes,995.93,-101.02,6,0,Home Office,First Class
12/14/2021,East,Pennsylvania,Office Supplies,Art,Crayola Colored Pencils,41.44,1.1,1,0.5,Corporate,Same Day
10/11/2022,Central,Texas,Technology,Copiers,Canon Copier,1362.63,127.44,7,0.6,Corporate,Standard Class
06/13/2024,West,Colorado,Office Supplies,Envelopes,Poly Mailer Bundle,969.67,-125.03,5,0.2,Home Office,Standard Class
03/20/2024,West,Arizona,Office Supplies,Storage,Sterilite Storage Tote,988.43,321.01,7,0.1,Home Office,Standard Class
03/06/2022,Central,Wisconsin,Furniture,Furnishings,Fellowes Monitor Stand,3560.11,-245.26,6,0,Corporate,Same Day
07/03/2024,Central,Michigan,Office Supplies,Fasteners,Officemate Paper Clips,910.15,71.48,9,0.4,Consumer,Second Class
07/30/2024,South,South Carolina,Technology,Copiers,Sharp Digital Copier,3699.89,1088.14,9,0.6,Home Office,Standard Class
11/05/2021,West,Colorado,Office Supplies,Binders,GBC Binding Cover,690.67,177.14,12,0.7,Corporate,First Class
08/16/2024,East,Massachusetts,Office Supplies,Labels,Avery Shipping Labels,439.47,-47.6,3,0.15,Consumer,Standard Class
08/09/2023,West,Nevada,Furniture,Chairs,Bush Mid-Back Chair,3569.35,11.46,8,0.5,Consumer,Second Class
07/23/2022,West,Arizona,Furniture,Bookcases,Bush Wood Bookcase,961.77,251.51,11,0.5,Home Office,Same Day
05/11/2021,East,New York,Furniture,Tables,Chromcraft Round Table,3422.0,963.06,7,0.2,Corporate,Second Class
10/14/2023,West,Washington,Technology,Phones,Motorola Phone Stand,1317.22,281.77,2,0.1,Corporate,First Class
08/07/2021,South,South Carolina,Office Supplies,Paper,HP Premium Paper,654.86,8.96,3,0.1,Corporate,Standard Class
01/23/2024,South,Kentucky,Office Supplies,Art,Crayola Colored Pencils,719.54,236.0,7,0.4,Consumer,First Class
09/18/2024,South,Tennessee,Office Supplies,Storage,Fellowes Storage Box,2252.76,503.0,13,0,Consumer,First Class
01/01/2024,South,Virginia,Technology,Accessories,Logitech Wireless Mouse,13021.43,-220.29,14,0.1,Corporate,First Class
11/25/2021,Central,Illinois,Furniture,Tables,Bush Somerset Table,717.89,170.39,8,0.7,Home Office,Same Day
04/26/2023,East,Connecticut,Furniture,Furnishings,Fellowes Monitor Stand,7294.56,2013.71,14,0.2,Consumer,Second Class
05/18/2024,Central,Kansas,Furniture,Tables,Lesro Reception Table,4015.51,88.17,12,0.5,Consumer,Standard Class
04/01/2023,West,Idaho,Technology,Machines,Canon imageCLASS Printer,464.99,44.4,4,0.7,Consumer,Second Class
10/17/2022,West,Montana,Technology,Machines,Epson Scanner,5049.61,-857.9,8,0.4,Consumer,First Class
01/08/2022,Central,Michigan,Furniture,Furnishings,Advantus Wall Clock,4171.79,1170.62,7,0.3,Consumer,Standard Class
08/06/2023,East,Rhode Island,Technology,Machines,Canon imageCLASS Printer,2891.62,-430.12,4,0.15,Corporate,Same Day
03/07/2024,Central,Ohio,Furniture,Tables,Bush Somerset Table,1304.71,14.48,2,0,Corporate,Same Day
06/30/2022,East,Massachusetts,Technology,Machines,HP LaserJet Printer,608.18,-104.53,5,0.8,Consumer,Second Class
10/26/2021,Central,Michigan,Office Supplies,Binders,Cardinal Ring Binder,207.47,-22.55,1,0.15,Corporate,Second Class
01/22/2021,Central,Nebraska,Technology,Copiers,Canon Copier,8396.71,2809.87,8,0,Corporate,Second Class
07/15/2021,South,Alabama,Technology,Accessories,Logitech Wireless Mouse,818.75,252.7,9,0,Corporate,First Class
03/20/2023,East,New York,Office Supplies,Fasteners,Officemate Paper Clips,306.2,87.37,11,0.2,Consumer,Second Class
08/17/2023,Central,Ohio,Technology,Copiers,Sharp Digital Copier,1203.78,82.16,3,0,Consumer,First Class
07/30/2022,East,Maine,Furniture,Chairs,Novimex Swivel Chair,8016.85,-643.31,12,0.2,Corporate,First Class
11/06/2021,Central,Missouri,Furniture,Tables,Lesro Reception Table,1566.69,21.92,9,0.7,Consumer,Second Class
06/17/2022,East,Massachusetts,Furniture,Bookcases,O'Sullivan 5-Shelf Bookcase,258.65,-46.66,3,0.8,Corporate,Standard Class
10/07/2023,South,Tennessee,Technology,Copiers,Ricoh Office Copier,417.7,-73.43,2,0.8,Consumer,Second Class
04/10/2024,Central,Ohio,Furniture,Tables,Bush Somerset Table,347.41,-49.21,1,0.5,Consumer,Second Class
10/27/2024,South,Georgia,Office Supplies,Storage,Sterilite Storage Tote,1097.3,114.34,11,0,Consumer,First Class
07/19/2023,West,California,Furniture,Furnishings,Fellowes Monitor Stand,5076.11,-1251.35,11,0.15,Consumer,Same Day
08/11/2024,Central,Nebraska,Furniture,Chairs,Global Deluxe Task Chair,2889.48,567.15,5,0.2,Home Office,Same Day
03/28/2023,East,Vermont,Office Supplies,Binders,GBC Binding Cover,426.76,-64.97,2,0,Corporate,First Class
09/28/2022,West,Washington,Office Supplies,Supplies,Tape Dispenser,152.06,22.7,11,0.6,Corporate,Second Class
02/28/2024,South,Louisiana,Office Supplies,Supplies,Swingline Stapler,170.63,0.6,10,0.3,Corporate,Second Class
08/08/2023,South,Alabama,Furniture,Bookcases,Bush Wood Bookcase,5839.98,1040.58,11,0.1,Corporate,Standard Class
09/08/2022,Central,Iowa,Office Supplies,Art,Bic Pen Pack,515.13,-35.93,3,0,Consumer,Same Day
11/18/2023,Central,Nebraska,Furniture,Bookcases,Sauder Heritage Bookcase,393.92,-76.15,2,0.5,Home Office,First Class
08/22/2021,Central,Wisconsin,Technology,Phones,Apple iPhone Case,2057.65,456.19,12,0.7,Corporate,Standard Class
04/17/2024,East,Vermont,Technology,Accessories,SanDisk USB Drive,6595.95,131.71,12,0.4,Corporate,First Class
10/11/2024,West,Nevada,Furniture,Bookcases,Bush Wood Bookcase,686.35,-169.18,2,0.3,Consumer,Standard Class
09/13/2022,West,Idaho,Office Supplies,Fasteners,Acco Binder Clips,365.84,56.44,10,0.6,Home Office,Same Day
01/26/2022,Central,Illinois,Furniture,Chairs,Global Deluxe Task Chair,1265.02,-173.39,2,0,Consumer,Second Class
07/06/2024,South,North Carolina,Technology,Machines,Epson Scanner,1773.59,-123.17,14,0.5,Corporate,Second Class
11/09/2021,South,Alabama,Furniture,Bookcases,Hon Metal Bookcase,988.4,40.55,12,0.8,Consumer,Same Day
11/15/2022,West,Nevada,Office Supplies,Fasteners,Staples Standard Staples,158.34,28.16,1,0,Corporate,Same Day
11/18/2023,Central,Texas,Office Supplies,Fasteners,Acco Binder Clips,307.3,48.31,10,0.8,Corporate,Second Class
02/08/2024,East,Rhode Island,Furniture,Furnishings,Advantus Wall Clock,1369.74,0.39,2,0.15,Corporate,Standard Class
11/29/2024,South,Mississippi,Technology,Accessories,Belkin Surge Protector,1531.32,284.41,7,0,Corporate,First Class
05/18/2024,South,South Carolina,Technology,Machines,Brother Fax Machine,2236.19,-383.07,14,0.8,Corporate,Same Day
08/02/2022,South,Tennessee,Office Supplies,Binders,GBC Binding Cover,56.1,2.23,12,0.8,Consumer,Second Class
09/14/2022,West,Idaho,Furniture,Furnishings,Fellowes Monitor Stand,1836.04,641.8,4,0.1,Corporate,First Class
11/23/2022,Central,Ohio,Furniture,Bookcases,Sauder Heritage Bookcase,3944.19,-700.44,7,0,Consumer,Same Day
11/06/2021,Central,Minnesota,Office Supplies,Storage,Sterilite Storage Tote,612.29,68.93,14,0.8,Consumer,Standard Class
02/26/2024,South,Louisiana,Furniture,Bookcases,Sauder Heritage Bookcase,56.38,7.21,1,0.5,Consumer,First Class
07/23/2021,West,Arizona,Technology,Copiers,Ricoh Office Copier,410.01,99.02,3,0.7,Consumer,Second Class
12/01/2022,South,Alabama,Furniture,Chairs,Novimex Swivel Chair,426.78,-38.58,5,0.5,Home Office,Same Day
10/10/2021,Central,Michigan,Furniture,Furnishings,Tenex Chair Mat,3492.58,-15.42,13,0.3,Corporate,First Class
06/23/2021,East,New Hampshire,Furniture,Bookcases,Sauder Heritage Bookcase,1792.57,382.58,6,0.2,Corporate,Standard Class
07/17/2024,South,Florida,Technology,Machines,Canon imageCLASS Printer,3796.93,1266.64,12,0.7,Corporate,Same Day
12/17/2023,Central,Minnesota,Office Supplies,Storage,Sterilite Storage Tote,1756.73,31.12,10,0,Consumer,Same Day
03/17/2021,Central,Missouri,Furniture,Tables,Bretford Conference Table,2615.0,474.17,9,0.2,Consumer,First Class
07/25/2024,West,Washington,Technology,Accessories,SanDisk USB Drive,187.9,42.83,3,0,Home Office,First Class
05/03/2021,West,Arizona,Technology,Copiers,Canon Copier,3739.85,203.82,14,0.2,Consumer,Standard Class
11/26/2022,East,New Hampshire,Office Supplies,Storage,Rubbermaid File Bin,197.82,17.68,4,0.8,Home Office,Second Class
12/01/2023,Central,Wisconsin,Office Supplies,Binders,Cardinal Ring Binder,303.44,18.17,12,0.1,Consumer,First Class
06/17/2021,South,Georgia,Furniture,Furnishings,Fellowes Monitor Stand,787.8,-135.47,2,0,Consumer,Same Day
06/25/2022,East,Maine,Technology,Copiers,Ricoh Office Copier,4647.96,1617.06,10,0.4,Home Office,Same Day
12/27/2024,South,North Carolina,Furniture,Chairs,Novimex Swivel Chair,6974.94,403.93,8,0,Home Office,Standard Class
02/19/2024,West,Idaho,Office Supplies,Storage,Iris Stackable Bin,907.18,-4.38,6,0,Consumer,First Class
01/31/2023,Central,Texas,Technology,Machines,Canon imageCLASS Printer,1539.26,63.96,5,0.2,Consumer,Second Class
01/10/2022,South,Florida,Office Supplies,Labels,Avery File Labels,345.02,-60.93,14,0.8,Corporate,Standard Class
11/23/2022,East,Vermont,Office Supplies,Labels,Kroy Label Tape,1090.69,198.53,13,0.3,Home Office,Second Class
09/28/2024,West,Montana,Technology,Copiers,Ricoh Office Copier,8348.99,-458.11,8,0,Home Office,Same Day
10/05/2024,South,South Carolina,Office Supplies,Envelopes,Kraft Envelope Pack,113.26,-22.3,8,0.8,Consumer,Standard Class
01/30/2022,Central,Kansas,Technology,Phones,Apple iPhone Case,3524.61,-769.34,10,0.5,Home Office,Second Class
02/08/2021,South,Kentucky,Furniture,Bookcases,Hon Metal Bookcase,1061.34,184.01,5,0.1,Home Office,Same Day
04/21/2024,East,Rhode Island,Technology,Accessories,Belkin Surge Protector,623.11,-147.08,1,0.4,Corporate,Second Class
06/11/2022,South,Florida,Technology,Accessories,Belkin Surge Protector,2352.7,176.61,2,0,Corporate,Second Class
04/15/2023,West,Arizona,Furniture,Chairs,Bush Mid-Back Chair,790.28,258.16,11,0,Consumer,Standard Class
10/19/2021,East,Connecticut,Office Supplies,Art,Crayola Colored Pencils,369.42,116.35,7,0.2,Consumer,Standard Class
11/08/2023,West,Nevada,Technology,Machines,Epson Scanner,3123.3,-565.16,13,0.5,Consumer,First Class
03/01/2021,South,Kentucky,Office Supplies,Art,Bic Pen Pack,125.93,35.47,7,0.7,Corporate,Standard Class
03/09/2024,West,Montana,Technology,Machines,Brother Fax Machine,538.33,70.78,7,0.4,Consumer,Second Class
02/11/2024,Central,Kansas,Furniture,Chairs,Novimex Swivel Chair,167.05,4.81,8,0,Home Office,First Class
05/09/2024,West,California,Furniture,Furnishings,Advantus Wall Clock,531.8,-20.82,5,0.7,Home Office,Second Class
07/03/2021,Central,Texas,Furniture,Bookcases,Bush Wood Bookcase,179.51,-29.84,7,0.8,Home Office,First Class
07/24/2024,South,South Carolina,Technology,Accessories,SanDisk USB Drive,559.68,-57.34,5,0.8,Corporate,First Class
11/17/2024,West,Idaho,Technology,Accessories,Logitech Wireless Mouse,998.14,115.06,3,0.7,Consumer,Standard Class
01/08/2024,West,Utah,Technology,Copiers,Ricoh Office Copier,475.19,34.78,2,0.7,Home Office,Same Day
12/29/2021,East,Maine,Office Supplies,Envelopes,Manila Envelopes,688.75,-120.63,14,0.8,Corporate,Second Class
10/25/2024,South,Florida,Furniture,Bookcases,Bush Wood Bookcase,1809.89,433.95,12,0.2,Home Office,First Class
07/29/2022,West,Nevada,Office Supplies,Envelopes,Kraft Envelope Pack,283.72,-35.34,8,0.8,Consumer,Same Day
02/05/2024,East,Connecticut,Technology,Copiers,Xerox WorkCentre Copier,1073.3,164.54,4,0.7,Home Office,Second Class
06/16/2022,East,New Jersey,Technology,Phones,Samsung Galaxy Charger,9546.96,1788.52,10,0.1,Corporate,Second Class
01/05/2021,East,Rhode Island,Technology,Accessories,Belkin Surge Protector,1716.81,240.38,7,0.7,Corporate,Same Day
01/11/2023,South,Virginia,Furniture,Furnishings,Fellowes Monitor Stand,7179.72,-827.61,9,0,Corporate,Same Day
11/17/2022,South,Tennessee,Furniture,Furnishings,Tenex Chair Mat,584.6,201.2,2,0.6,Consumer,Same Day
09/29/2022,East,Massachusetts,Furniture,Chairs,Bush Mid-Back Chair,342.16,-79.82,2,0.7,Corporate,Standard Class
05/04/2022,Central,Wisconsin,Furniture,Bookcases,O'Sullivan 5-Shelf Bookcase,4458.23,275.54,6,0,Consumer,Standard Class
06/25/2021,South,Georgia,Technology,Copiers,Canon Copier,471.55,133.94,1,0,Home Office,Standard Class
06/04/2024,West,California,Office Supplies,Storage,Sterilite Storage Tote,141.03,22.08,11,0.3,Home Office,Standard Class
04/23/2022,Central,Missouri,Office Supplies,Art,Bic Pen Pack,1104.85,137.45,14,0.6,Corporate,Same Day
08/26/2024,South,Alabama,Technology,Phones,Motorola Phone Stand,6173.97,-327.74,11,0,Consumer,Standard Class
03/19/2024,East,New York,Technology,Phones,Samsung Galaxy Charger,562.87,-20.69,3,0.7,Corporate,Same Day
09/19/2021,West,Nevada,Furniture,Bookcases,Sauder Heritage Bookcase,807.09,262.99,5,0.6,Corporate,First Class
08/20/2022,West,Oregon,Office Supplies,Labels,Avery Shipping Labels,782.31,113.13,6,0,Consumer,Standard Class
12/06/2022,West,Montana,Technology,Phones,OtterBox Phone Cover,2806.02,-362.66,4,0.1,Consumer,First Class
03/30/2024,West,Idaho,Technology,Copiers,Sharp Digital Copier,6006.73,7.31,10,0.2,Consumer,Standard Class
08/01/2024,South,Florida,Office Supplies,Paper,Xerox Copy Paper,47.29,5.88,4,0.8,Consumer,Same Day
01/14/2021,Central,Missouri,Furniture,Furnishings,Tenex Chair Mat,509.3,-118.15,6,0,Consumer,Second Class
03/02/2021,Central,Iowa,Furniture,Tables,Bretford Conference Table,972.03,-115.31,4,0.1,Corporate,Second Class
02/14/2021,Central,Kansas,Furniture,Chairs,HON Executive Leather Chair,2094.5,-497.24,3,0.15,Home Office,Second Class
07/24/2023,South,Georgia,Office Supplies,Paper,Boise Multi-Use Paper,648.81,95.08,4,0.2,Home Office,Same Day
01/28/2022,East,Pennsylvania,Furniture,Chairs,HON Executive Leather Chair,3975.5,-235.47,9,0.3,Corporate,Second Class
11/03/2022,East,Massachusetts,Technology,Accessories,Kensington Keyboard,3065.87,-251.27,4,0,Consumer,Same Day
11/08/2023,West,Washington,Office Supplies,Art,Sharpie Marker Set,395.39,-10.06,7,0.7,Home Office,Same Day
10/11/2023,West,Colorado,Technology,Accessories,Belkin Surge Protector,4827.92,641.45,8,0.15,Home Office,Standard Class
03/22/2023,West,Nevada,Furniture,Furnishings,Tenex Chair Mat,1339.67,-31.82,4,0.15,Consumer,First Class
08/28/2022,Central,Kansas,Furniture,Chairs,Global Deluxe Task Chair,1317.54,132.25,8,0.5,Corporate,First Class
01/23/2023,South,Louisiana,Office Supplies,Fasteners,Acco Binder Clips,628.84,-12.94,13,0.4,Consumer,Same Day
06/18/2021,West,Arizona,Technology,Phones,Motorola Phone Stand,1574.91,214.49,5,0.5,Corporate,Second Class
01/24/2024,East,Pennsylvania,Furniture,Tables,Bretford Conference Table,617.76,-32.4,4,0.2,Corporate,First Class
09/06/2022,West,Oregon,Technology,Accessories,Logitech Wireless Mouse,3785.04,-29.2,5,0.2,Corporate,Standard Class
04/10/2022,South,Kentucky,Furniture,Furnishings,Tenex Chair Mat,491.26,-53.92,12,0.8,Home Office,Same Day
05/29/2023,South,Tennessee,Furniture,Tables,Bush Somerset Table,1007.67,13.31,13,0.8,Home Office,Standard Class
01/20/2021,Central,Ohio,Technology,Machines,Brother Fax Machine,2414.71,-111.33,8,0.7,Corporate,Same Day
03/08/2024,South,Kentucky,Office Supplies,Envelopes,Kraft Envelope Pack,2998.99,-473.2,13,0,Corporate,Same Day
01/21/2022,South,South Carolina,Office Supplies,Art,Bic Pen Pack,668.42,218.68,8,0,Home Office,First Class
11/12/2024,East,New Jersey,Furniture,Chairs,Global Deluxe Task Chair,261.71,-34.18,10,0.4,Corporate,First Class
04/28/2021,West,Nevada,Office Supplies,Art,Bic Pen Pack,14.22,-0.77,6,0.5,Corporate,Same Day
05/21/2021,West,Washington,Furniture,Furnishings,Fellowes Monitor Stand,846.34,-107.14,7,0.1,Corporate,Same Day
07/19/2022,West,Arizona,Technology,Machines,Epson Scanner,4758.28,82.98,4,0,Corporate,Second Class
03/25/2024,Central,Nebraska,Office Supplies,Supplies,Tape Dispenser,4.92,0.68,1,0.8,Corporate,First Class
05/26/2022,Central,Missouri,Technology,Machines,Epson Scanner,1065.47,26.31,3,0.6,Home Office,Second Class
11/20/2021,East,Vermont,Technology,Phones,Samsung Galaxy Charger,988.73,148.3,5,0.7,Consumer,Second Class
06/06/2021,South,Alabama,Technology,Phones,Motorola Phone Stand,8061.85,1755.12,13,0,Corporate,Same Day
02/24/2021,West,Arizona,Furniture,Bookcases,O'Sullivan 5-Shelf Bookcase,378.69,75.68,2,0.7,Corporate,First Class
05/29/2022,South,South Carolina,Office Supplies,Storage,Fellowes Storage Box,91.78,-4.93,2,0.8,Home Office,Same Day
06/16/2023,South,Louisiana,Furniture,Bookcases,Hon Metal Bookcase,1335.56,340.48,3,0.4,Consumer,Standard Class
12/11/2021,East,New Jersey,Office Supplies,Art,Bic Pen Pack,114.82,17.96,2,0.7,Consumer,Same Day
06/25/2023,Central,Ohio,Furniture,Bookcases,Hon Metal Bookcase,9073.45,2149.56,12,0,Home Office,Standard Class
04/10/2021,South,Virginia,Office Supplies,Storage,Fellowes Storage Box,1749.42,537.58,13,0.3,Corporate,Second Class
01/30/2021,West,Washington,Furniture,Furnishings,Eldon Desk Lamp,3339.17,-708.23,6,0.1,Consumer,Second Class
10/23/2022,West,California,Office Supplies,Art,Crayola Colored Pencils,132.32,-16.64,9,0.7,Home Office,Same Day
01/01/2023,South,Georgia,Furniture,Chairs,Global Deluxe Task Chair,199.17,28.36,6,0,Consumer,Same Day
08/24/2024,West,Idaho,Furniture,Bookcases,Bush Wood Bookcase,469.33,132.01,10,0.2,Corporate,First Class
07/14/2021,South,Georgia,Technology,Machines,Brother Fax Machine,9426.05,1581.59,10,0.2,Home Office,Second Class
05/19/2021,Central,Ohio,Technology,Accessories,Belkin Surge Protector,4451.9,449.74,6,0,Corporate,Second Class
04/30/2022,East,Massachusetts,Furniture,Bookcases,Bush Wood Bookcase,5765.56,702.59,12,0.3,Consumer,Second Class
02/09/2023,Central,Iowa,Office Supplies,Paper,HP Premium Paper,13.68,4.16,4,0.7,Home Office,Same Day
12/03/2023,Central,Ohio,Office Supplies,Envelopes,Kraft Envelope Pack,1480.71,-113.91,13,0.3,Consumer,Second Class
09/23/2024,Central,Minnesota,Furniture,Chairs,Global Deluxe Task Chair,759.27,-88.48,4,0.7,Corporate,First Class
10/04/2023,West,Idaho,Technology,Phones,Apple iPhone Case,163.74,56.52,2,0.1,Consumer,Second Class
11/06/2023,East,New Jersey,Technology,Machines,HP LaserJet Printer,1229.53,-77.61,2,0.3,Home Office,Second Class
08/08/2022,West,Utah,Furniture,Chairs,Bush Mid-Back Chair,5229.59,-675.45,10,0.4,Corporate,Standard Class
06/23/2023,Central,Missouri,Office Supplies,Binders,Cardinal Ring Binder,535.95,5.39,7,0.5,Consumer,Same Day
05/03/2024,East,Vermont,Office Supplies,Art,Crayola Colored Pencils,1251.97,-181.01,9,0,Corporate,Same Day
05/28/2021,Central,Iowa,Office Supplies,Fasteners,Acco Binder Clips,1075.72,-142.61,6,0,Consumer,Standard Class
04/09/2023,East,Rhode Island,Technology,Accessories,Belkin Surge Protector,5710.83,-149.13,7,0.3,Corporate,First Class
03/04/2024,East,Vermont,Furniture,Bookcases,O'Sullivan 5-Shelf Bookcase,1866.77,605.32,3,0.1,Home Office,First Class
05/19/2023,South,Tennessee,Technology,Phones,OtterBox Phone Cover,3386.37,-776.48,12,0.1,Corporate,Standard Class
06/05/2022,West,Arizona,Technology,Copiers,Xerox WorkCentre Copier,1130.66,166.84,4,0.6,Consumer,Standard Class
12/17/2024,East,Pennsylvania,Technology,Copiers,Ricoh Office Copier,6366.88,-870.39,10,0,Corporate,Second Class
04/15/2024,South,Virginia,Technology,Accessories,Belkin Surge Protector,511.58,141.11,5,0.8,Home Office,Standard Class
03/27/2023,East,Maine,Furniture,Tables,Bush Somerset Table,261.63,-38.97,12,0.15,Corporate,Standard Class
09/02/2024,East,Pennsylvania,Technology,Copiers,Ricoh Office Copier,534.21,-77.01,5,0.8,Consumer,Second Class
03/07/2024,West,Idaho,Furniture,Bookcases,O'Sullivan 5-Shelf Bookcase,2310.35,-495.83,14,0.1,Consumer,Second Class
06/13/2021,Central,Missouri,Office Supplies,Art,Sharpie Marker Set,478.38,-40.16,5,0,Corporate,Standard Class
05/06/2021,West,Idaho,Office Supplies,Art,Newell Highlighters,835.0,186.64,5,0,Consumer,Standard Class
09/23/2023,West,Montana,Furniture,Furnishings,Advantus Wall Clock,3531.82,-169.77,8,0.2,Home Office,First Class
06/04/2024,Central,Michigan,Office Supplies,Fasteners,Acco Binder Clips,174.82,40.87,1,0.2,Consumer,Same Day
12/03/2024,South,North Carolina,Furniture,Bookcases,Bush Wood Bookcase,4027.35,487.35,13,0.1,Home Office,Same Day
07/21/2024,South,South Carolina,Furniture,Tables,Bretford Conference Table,5239.48,1003.3,6,0,Home Office,Same Day
05/27/2023,West,Idaho,Office Supplies,Art,Crayola Colored Pencils,514.95,150.94,8,0.7,Home Office,Same Day
09/19/2021,Central,Nebraska,Furniture,Chairs,Global Deluxe Task Chair,2281.49,350.98,8,0,Home Office,Same Day
05/14/2022,West,Idaho,Furniture,Furnishings,Tenex Chair Mat,2731.45,398.37,4,0,Consumer,Standard Class
07/29/2022,South,Florida,Furniture,Tables,Lesro Reception Table,197.37,7.06,4,0.8,Home Office,Standard Class
11/17/2024,West,Montana,Technology,Copiers,Canon Copier,6048.99,1269.09,6,0.1,Home Office,Standard Class
04/23/2022,Central,Missouri,Technology,Copiers,Ricoh Office Copier,562.21,-110.98,4,0.15,Consumer,First Class
10/04/2022,West,Washington,Technology,Accessories,Kensington Keyboard,2498.14,-158.68,7,0.6,Home Office,Second Class
12/01/2023,South,Alabama,Office Supplies,Envelopes,Poly Mailer Bundle,653.45,-121.57,11,0.6,Consumer,Same Day
10/24/2024,Central,Ohio,Office Supplies,Paper,Universal Legal Pad,1209.31,-196.49,8,0,Home Office,Standard Class
12/17/2024,Central,Wisconsin,Technology,Phones,Motorola Phone Stand,4610.16,-555.88,10,0.4,Corporate,Same Day
12/05/2024,East,Maine,Furniture,Chairs,HON Executive Leather Chair,9988.55,2153.76,12,0,Corporate,Same Day
05/16/2023,Central,Ohio,Furniture,Furnishings,Advantus Wall Clock,5883.75,1203.98,11,0.4,Corporate,Standard Class
07/19/2021,Central,Wisconsin,Technology,Machines,Epson Scanner,2184.36,214.57,3,0.2,Consumer,First Class
11/26/2024,South,North Carolina,Technology,Machines,Epson Scanner,7342.27,-911.47,8,0.15,Home Office,Second Class
02/11/2023,East,Maine,Technology,Phones,Samsung Galaxy Charger,2130.96,651.2,7,0.7,Consumer,First Class
04/30/2024,South,North Carolina,Furniture,Bookcases,Bush Wood Bookcase,4002.15,-30.43,7,0,Consumer,Standard Class
08/29/2024,West,Utah,Office Supplies,Labels,Avery File Labels,1633.05,562.91,12,0.3,Home Office,Standard Class
01/24/2021,South,Alabama,Office Supplies,Supplies,Swingline Stapler,44.99,1.96,2,0,Home Office,Second Class
02/26/2023,East,New Hampshire,Office Supplies,Art,Sharpie Marker Set,423.07,-30.03,8,0.7,Consumer,Standard Class
12/06/2024,Central,Illinois,Technology,Machines,Epson Scanner,476.41,34.23,1,0.3,Home Office,Same Day
09/10/2024,East,Rhode Island,Technology,Phones,Samsung Galaxy Charger,2077.09,347.14,2,0,Consumer,Same Day
08/29/2024,Central,Illinois,Furniture,Chairs,HON Executive Leather Chair,1544.99,403.04,3,0,Consumer,Standard Class
05/17/2023,East,Rhode Island,Office Supplies,Envelopes,Poly Mailer Bundle,699.46,-155.49,11,0,Home Office,First Class
12/07/2023,South,North Carolina,Technology,Copiers,Sharp Digital Copier,1583.29,-196.48,6,0.6,Consumer,Standard Class
03/17/2022,West,California,Furniture,Chairs,Bush Mid-Back Chair,606.99,63.78,3,0.6,Corporate,Second Class
02/21/2023,South,Georgia,Technology,Accessories,SanDisk USB Drive,5478.76,-1096.01,11,0,Corporate,Same Day
07/20/2024,West,Montana,Furniture,Bookcases,Bush Wood Bookcase,682.24,-18.23,12,0.7,Home Office,Second Class
02/23/2021,South,North Carolina,Office Supplies,Fasteners,Acco Binder Clips,191.03,-33.47,10,0.1,Consumer,Same Day
11/15/2022,East,Maine,Technology,Phones,Motorola Phone Stand,2223.32,508.83,13,0.15,Corporate,Standard Class
09/10/2021,East,Vermont,Furniture,Furnishings,Eldon Desk Lamp,991.39,-65.5,3,0.5,Corporate,Standard Class
04/09/2021,Central,Nebraska,Office Supplies,Labels,Avery Round Labels,568.16,-9.24,3,0.2,Corporate,Same Day
11/07/2024,South,Mississippi,Furniture,Tables,Bretford Conference Table,282.3,-49.17,9,0.8,Corporate,First Class
12/18/2024,East,Maine,Technology,Machines,Epson Scanner,4348.67,-163.51,8,0,Corporate,First Class
07/25/2024,Central,Missouri,Technology,Machines,Brother Fax Machine,15939.31,-97.09,14,0,Corporate,Standard Class
12/05/2021,East,Pennsylvania,Technology,Machines,Canon imageCLASS Printer,1289.65,-101.22,10,0,Corporate,Standard Class
10/17/2023,South,Kentucky,Technology,Machines,Epson Scanner,3233.54,914.6,9,0.7,Home Office,Standard Class
05/21/2023,South,Florida,Technology,Machines,Canon imageCLASS Printer,5442.67,-563.12,12,0.5,Home Office,Standard Class
06/03/2021,South,North Carolina,Technology,Machines,HP LaserJet Printer,3786.07,1217.18,6,0,Corporate,Same Day
10/22/2024,South,North Carolina,Office Supplies,Art,Crayola Colored Pencils,425.99,112.75,4,0.5,Corporate,First Class
07/16/2024,South,Virginia,Office Supplies,Paper,Xerox Copy Paper,391.52,-26.27,10,0.3,Home Office,Standard Class
01/13/2021,South,Mississippi,Office Supplies,Storage,Sterilite Storage Tote,500.89,-18.87,10,0.4,Consumer,First Class
06/02/2023,West,Utah,Office Supplies,Storage,Fellowes Storage Box,165.72,9.71,8,0.1,Consumer,Same Day
04/09/2022,East,New Hampshire,Furniture,Chairs,Bush Mid-Back Chair,1956.6,-61.25,8,0.3,Consumer,First Class
10/14/2021,East,New Hampshire,Technology,Copiers,Xerox WorkCentre Copier,645.28,-22.24,6,0.8,Home Office,Second Class
03/20/2023,East,Massachusetts,Office Supplies,Storage,Iris Stackable Bin,117.8,-27.22,7,0.8,Home Office,Second Class
02/01/2024,South,Virginia,Furniture,Furnishings,Fellowes Monitor Stand,1556.65,-85.72,8,0.7,Corporate,Same Day
11/15/2021,West,Washington,Furniture,Bookcases,Hon Metal Bookcase,96.03,15.43,6,0.5,Consumer,First Class
09/11/2023,South,Mississippi,Technology,Phones,OtterBox Phone Cover,2543.78,525.39,5,0.15,Consumer,Second Class
12/06/2024,West,Nevada,Office Supplies,Art,Crayola Colored Pencils,246.61,-32.29,4,0.7,Home Office,Standard Class
09/04/2021,West,Nevada,Technology,Machines,HP LaserJet Printer,157.27,54.14,3,0.3,Consumer,Same Day
04/15/2023,East,Massachusetts,Furniture,Bookcases,O'Sullivan 5-Shelf Bookcase,4866.47,1645.23,9,0.15,Consumer,First Class
09/16/2022,South,Louisiana,Furniture,Furnishings,Eldon Desk Lamp,577.91,182.5,2,0.15,Home Office,Same Day
01/02/2021,West,Colorado,Furniture,Chairs,Global Deluxe Task Chair,202.62,-24.88,1,0.7,Corporate,First Class
01/15/2023,East,Vermont,Furniture,Tables,Lesro Reception Table,602.54,91.21,6,0.15,Home Office,Second Class
05/03/2022,Central,Minnesota,Technology,Accessories,SanDisk USB Drive,2578.16,-50.46,11,0.15,Consumer,Second Class
12/14/2024,East,New York,Technology,Machines,HP LaserJet Printer,940.87,73.34,8,0,Corporate,First Class
09/19/2021,South,South Carolina,Technology,Machines,Canon imageCLASS Printer,1887.42,-185.88,4,0.3,Home Office,First Class
05/19/2021,Central,Iowa,Technology,Phones,OtterBox Phone Cover,3599.69,1157.18,8,0.3,Consumer,Second Class
11/21/2024,Central,Ohio,Office Supplies,Storage,Fellowes Storage Box,163.2,7.67,4,0.8,Home Office,Standard Class
04/01/2023,West,Idaho,Technology,Copiers,Ricoh Office Copier,2312.87,-573.22,10,0.15,Home Office,Second Class
03/28/2022,East,Rhode Island,Office Supplies,Labels,Avery Shipping Labels,68.59,-12.25,5,0.8,Consumer,Standard Class
09/30/2021,West,Arizona,Furniture,Chairs,Bush Mid-Back Chair,2926.62,-294.4,5,0,Consumer,Standard Class
06/20/2021,East,Maine,Technology,Accessories,SanDisk USB Drive,2033.55,-345.36,12,0.5,Home Office,First Class
03/26/2022,Central,Texas,Technology,Phones,Motorola Phone Stand,2415.16,804.16,12,0.15,Home Office,Standard Class
03/28/2022,South,Virginia,Technology,Machines,Epson Scanner,1369.78,175.17,6,0.15,Corporate,Second Class
10/31/2021,South,South Carolina,Technology,Copiers,Sharp Digital Copier,4882.2,125.15,8,0,Consumer,Second Class
09/28/2022,South,North Carolina,Technology,Accessories,Logitech Wireless Mouse,2959.42,480.67,3,0,Consumer,Standard Class
08/14/2024,West,Washington,Office Supplies,Paper,Universal Legal Pad,1271.4,-213.12,7,0,Consumer,Standard Class
08/12/2024,South,Alabama,Furniture,Bookcases,Sauder Heritage Bookcase,238.54,-47.67,1,0,Consumer,Standard Class
02/19/2022,East,Pennsylvania,Technology,Accessories,Logitech Wireless Mouse,1653.87,472.07,3,0.4,Consumer,First Class
01/19/2024,Central,Iowa,Furniture,Chairs,Global Deluxe Task Chair,5836.31,-1028.09,12,0.15,Consumer,Standard Class
01/03/2021,Central,Illinois,Technology,Copiers,Xerox WorkCentre Copier,1180.84,-22.16,4,0,Corporate,First Class
12/14/2021,West,Utah,Technology,Phones,OtterBox Phone Cover,268.26,86.78,2,0.1,Corporate,Standard Class
05/23/2024,Central,Illinois,Office Supplies,Art,Newell Highlighters,324.9,-15.95,3,0,Consumer,Same Day
08/01/2021,West,Arizona,Technology,Accessories,SanDisk USB Drive,2412.68,747.28,5,0.4,Home Office,Standard Class
10/30/2021,East,New Jersey,Technology,Machines,Brother Fax Machine,3670.68,812.42,7,0.4,Corporate,Standard Class
07/05/2021,East,Vermont,Technology,Accessories,Kensington Keyboard,1456.74,-27.66,6,0,Corporate,Same Day
10/11/2021,South,Louisiana,Technology,Copiers,Sharp Digital Copier,4322.28,-86.83,13,0.7,Home Office,Same Day
06/21/2021,South,Kentucky,Technology,Machines,Epson Scanner,1047.11,101.28,10,0.8,Home Office,Second Class
02/05/2021,East,Massachusetts,Office Supplies,Storage,Iris Stackable Bin,358.6,-60.91,6,0.5,Consumer,Standard Class
10/23/2021,Central,Minnesota,Furniture,Tables,Lesro Reception Table,6126.41,1824.28,14,0.5,Consumer,Second Class
11/25/2024,West,California,Technology,Machines,Canon imageCLASS Printer,5659.55,-1325.42,12,0,Corporate,First Class
05/01/2024,East,Pennsylvania,Technology,Phones,OtterBox Phone Cover,914.44,-28.21,14,0,Consumer,Second Class
01/09/2022,East,New York,Technology,Copiers,Xerox WorkCentre Copier,310.29,20.62,8,0.8,Corporate,Same Day
08/16/2021,South,Tennessee,Office Supplies,Storage,Sterilite Storage Tote,661.58,-152.65,3,0,Consumer,Second Class
03/17/2024,East,Vermont,Office Supplies,Supplies,Swingline Stapler,1361.08,5.72,9,0.15,Consumer,First Class
04/01/2023,East,Rhode Island,Office Supplies,Binders,GBC Binding Cover,562.89,-78.68,10,0,Home Office,Standard Class
12/04/2021,South,Louisiana,Office Supplies,Fasteners,Acco Binder Clips,129.89,-17.3,1,0.2,Consumer,Standard Class
05/06/2022,East,Maine,Technology,Accessories,Logitech Wireless Mouse,3318.17,-699.5,5,0,Home Office,Standard Class
05/08/2022,Central,Michigan,Technology,Machines,Canon imageCLASS Printer,5863.48,521.13,5,0,Home Office,Same Day
01/18/2021,East,New York,Office Supplies,Art,Crayola Colored Pencils,1222.81,61.3,6,0.15,Corporate,Same Day
04/15/2023,Central,Ohio,Technology,Phones,Motorola Phone Stand,889.04,208.48,12,0.5,Consumer,Standard Class
11/27/2021,South,Louisiana,Technology,Phones,Motorola Phone Stand,514.65,144.68,3,0.7,Consumer,Second Class
07/06/2023,West,Oregon,Technology,Machines,Brother Fax Machine,5546.5,-187.53,13,0,Corporate,Standard Class
03/07/2024,South,South Carolina,Furniture,Bookcases,Hon Metal Bookcase,697.73,-168.18,11,0.4,Corporate,Standard Class
08/29/2022,South,Georgia,Office Supplies,Envelopes,Poly Mailer Bundle,214.41,-6.86,3,0,Consumer,Standard Class
06/25/2023,West,Idaho,Office Supplies,Supplies,Swingline Stapler,2585.85,861.11,11,0,Corporate,Standard Class
06/22/2023,Central,Wisconsin,Office Supplies,Fasteners,Bostitch Push Pins,634.56,203.84,6,0.5,Corporate,Standard Class
06/25/2024,South,Kentucky,Office Supplies,Labels,Avery Round Labels,2043.56,-210.71,11,0,Home Office,Standard Class
03/13/2024,West,Washington,Office Supplies,Fasteners,Bostitch Push Pins,401.22,110.13,7,0,Home Office,Standard Class
06/25/2021,Central,Iowa,Office Supplies,Supplies,Scissors Set,17.32,5.64,3,0.8,Corporate,Same Day
12/03/2022,West,Utah,Office Supplies,Art,Crayola Colored Pencils,328.4,63.96,10,0.4,Consumer,First Class
10/26/2021,South,Florida,Technology,Machines,Epson Scanner,4005.72,-926.15,11,0.1,Home Office,Same Day
04/21/2021,East,Maine,Office Supplies,Supplies,X-Acto Cutting Mat,953.02,152.68,4,0,Corporate,First Class
04/10/2023,West,Washington,Furniture,Bookcases,Bush Wood Bookcase,1341.17,27.97,2,0.15,Corporate,Second Class
12/02/2022,Central,Ohio,Furniture,Bookcases,O'Sullivan 5-Shelf Bookcase,1820.92,-73.63,13,0.15,Corporate,Same Day
12/28/2022,South,Kentucky,Technology,Machines,Epson Scanner,2329.4,-568.47,12,0.6,Home Office,Second Class
11/05/2021,East,New Jersey,Office Supplies,Envelopes,Kraft Envelope Pack,1006.9,-60.57,8,0,Home Office,Same Day
09/15/2021,Central,Kansas,Technology,Phones,OtterBox Phone Cover,5131.71,497.91,11,0.4,Consumer,Second Class
03/19/2022,West,Utah,Technology,Machines,Epson Scanner,6179.12,2057.94,6,0.1,Home Office,Standard Class
10/26/2023,Central,Minnesota,Furniture,Tables,Chromcraft Round Table,8895.59,1239.57,14,0,Corporate,Same Day
08/21/2021,South,Tennessee,Office Supplies,Fasteners,Officemate Paper Clips,194.83,-28.03,3,0.4,Home Office,Second Class
12/08/2024,South,Alabama,Office Supplies,Fasteners,Officemate Paper Clips,2488.5,581.22,10,0,Consumer,Standard Class
07/21/2024,East,Vermont,Furniture,Furnishings,Eldon Desk Lamp,2125.94,-489.86,8,0.5,Corporate,Same Day
02/05/2022,West,Nevada,Office Supplies,Fasteners,Staples Standard Staples,1996.99,-79.14,14,0.4,Corporate,Same Day
07/03/2022,South,Florida,Office Supplies,Paper,Boise Multi-Use Paper,731.49,213.31,11,0.15,Corporate,Second Class
11/11/2021,East,Vermont,Furniture,Bookcases,Sauder Heritage Bookcase,7902.72,485.05,13,0.2,Home Office,First Class
02/13/2024,Central,Ohio,Technology,Copiers,Xerox WorkCentre Copier,4731.51,-66.29,7,0.1,Consumer,Same Day
10/14/2022,West,Utah,Technology,Machines,Epson Scanner,4875.84,-927.64,9,0,Consumer,Standard Class
02/22/2022,South,Virginia,Technology,Machines,Brother Fax Machine,120.0,-29.17,2,0,Home Office,Second Class
09/25/2021,East,Rhode Island,Furniture,Furnishings,Eldon Desk Lamp,1381.73,-48.54,8,0.7,Consumer,Second Class
06/18/2022,Central,Michigan,Technology,Machines,Epson Scanner,3868.8,1203.14,11,0,Home Office,Standard Class
10/18/2021,East,Pennsylvania,Office Supplies,Art,Newell Highlighters,951.41,-184.89,5,0.15,Corporate,First Class
04/28/2023,West,Utah,Furniture,Furnishings,Eldon Desk Lamp,1036.93,-211.75,2,0.4,Home Office,Same Day
01/04/2022,South,Tennessee,Technology,Copiers,Xerox WorkCentre Copier,5436.28,792.61,5,0,Home Office,Standard Class
11/21/2021,East,Maine,Office Supplies,Supplies,Scissors Set,117.21,-20.75,9,0.8,Home Office,Standard Class
01/18/2023,East,Rhode Island,Technology,Machines,HP LaserJet Printer,116.12,-19.38,2,0.1,Consumer,Second Class
12/15/2022,Central,Wisconsin,Office Supplies,Paper,Xerox Copy Paper,982.06,29.68,12,0.5,Corporate,Same Day
11/08/2024,South,South Carolina,Office Supplies,Binders,GBC Binding Cover,200.78,-2.87,14,0.8,Home Office,First Class
07/03/2023,West,Nevada,Technology,Copiers,Ricoh Office Copier,2531.43,606.37,7,0.6,Home Office,Standard Class
07/19/2024,South,Alabama,Furniture,Tables,Chromcraft Round Table,5816.65,1650.01,14,0,Home Office,First Class
03/03/2021,South,Virginia,Technology,Accessories,Belkin Surge Protector,1953.15,14.91,2,0,Consumer,First Class
10/25/2021,West,Washington,Furniture,Tables,Chromcraft Round Table,1327.32,-78.11,13,0.2,Consumer,First Class
02/25/2024,West,Idaho,Technology,Accessories,Kensington Keyboard,506.56,-62.15,2,0.3,Consumer,Standard Class
10/29/2024,Central,Nebraska,Technology,Phones,OtterBox Phone Cover,3656.44,-211.81,13,0.3,Consumer,Standard Class
09/02/2021,South,Louisiana,Furniture,Tables,Lesro Reception Table,204.72,-11.03,2,0.4,Corporate,Second Class
08/06/2022,East,Connecticut,Furniture,Bookcases,O'Sullivan 5-Shelf Bookcase,110.39,7.74,3,0.3,Home Office,Standard Class
05/01/2023,Central,Texas,Furniture,Furnishings,Eldon Desk Lamp,2669.47,539.81,12,0.15,Corporate,Standard Class
09/04/2022,Central,Iowa,Technology,Phones,OtterBox Phone Cover,4371.87,588.71,12,0.4,Consumer,First Class
10/12/2021,East,New York,Furniture,Bookcases,Sauder Heritage Bookcase,1244.84,229.74,2,0.2,Consumer,Second Class
11/10/2024,East,Massachusetts,Technology,Accessories,Logitech Wireless Mouse,4673.68,1032.73,14,0,Consumer,Standard Class
07/07/2022,Central,Illinois,Office Supplies,Envelopes,Manila Envelopes,2776.38,277.84,12,0,Consumer,Second Class
09/30/2024,Central,Ohio,Technology,Copiers,Ricoh Office Copier,647.28,62.61,2,0.5,Home Office,Same Day
07/08/2021,Central,Minnesota,Technology,Copiers,Xerox WorkCentre Copier,3664.84,-139.98,5,0.15,Consumer,Second Class
01/27/2021,East,Pennsylvania,Office Supplies,Storage,Iris Stackable Bin,1169.2,-22.17,11,0.1,Corporate,Standard Class
12/22/2024,Central,Michigan,Technology,Accessories,SanDisk USB Drive,504.43,26.59,8,0.7,Consumer,Second Class
01/20/2022,Central,Missouri,Office Supplies,Paper,Universal Legal Pad,181.78,29.4,2,0.15,Home Office,Standard Class
02/03/2021,West,Idaho,Furniture,Bookcases,Hon Metal Bookcase,2037.97,72.85,8,0,Home Office,Same Day
06/03/2023,Central,Wisconsin,Furniture,Bookcases,Bush Wood Bookcase,1477.19,12.57,4,0,Corporate,Standard Class
08/21/2024,South,Virginia,Office Supplies,Art,Newell Highlighters,325.01,-43.43,7,0.8,Consumer,Same Day
08/12/2021,West,Arizona,Technology,Copiers,Ricoh Office Copier,8648.46,2814.06,11,0,Consumer,Standard Class
05/15/2021,East,New York,Technology,Accessories,Kensington Keyboard,3170.59,886.37,9,0,Home Office,Same Day
10/12/2023,South,Alabama,Furniture,Chairs,Bush Mid-Back Chair,2845.76,-117.87,4,0,Corporate,First Class
11/09/2024,East,Pennsylvania,Furniture,Furnishings,Advantus Wall Clock,1189.2,-247.74,4,0,Consumer,First Class
11/16/2022,South,North Carolina,Furniture,Furnishings,Fellowes Monitor Stand,877.45,244.59,1,0,Consumer,Standard Class
05/22/2022,Central,Iowa,Technology,Phones,OtterBox Phone Cover,662.85,-158.8,8,0,Home Office,First Class
07/12/2021,West,Montana,Technology,Machines,HP LaserJet Printer,1649.94,-80.18,2,0.15,Corporate,First Class
01/28/2021,Central,Iowa,Office Supplies,Envelopes,Manila Envelopes,858.83,-42.73,14,0.2,Home Office,Same Day
04/21/2023,East,Connecticut,Technology,Phones,Samsung Galaxy Charger,10098.39,-1666.44,14,0.1,Corporate,Standard Class
02/01/2022,West,Utah,Office Supplies,Paper,Xerox Copy Paper,60.41,-5.17,7,0.7,Home Office,Same Day
03/12/2023,West,Arizona,Technology,Accessories,SanDisk USB Drive,7951.73,-669.95,10,0.3,Consumer,Standard Class
03/06/2024,Central,Nebraska,Furniture,Furnishings,Fellowes Monitor Stand,2847.51,944.47,13,0.2,Corporate,Second Class
09/14/2022,South,North Carolina,Technology,Accessories,Kensington Keyboard,718.09,-52.54,8,0.15,Corporate,Standard Class
09/28/2023,West,Arizona,Technology,Phones,Apple iPhone Case,2667.39,389.84,5,0,Consumer,Standard Class
06/26/2021,Central,Ohio,Office Supplies,Labels,Avery File Labels,381.23,72.37,12,0.15,Corporate,Standard Class
05/25/2022,Central,Michigan,Furniture,Furnishings,Advantus Wall Clock,2264.34,8.01,13,0.7,Consumer,First Class
10/22/2024,Central,Nebraska,Office Supplies,Binders,Cardinal Ring Binder,87.64,18.46,6,0.6,Corporate,Second Class
06/25/2021,South,Kentucky,Furniture,Tables,Chromcraft Round Table,1671.73,44.62,5,0.6,Consumer,Same Day
10/29/2023,South,Georgia,Furniture,Furnishings,Advantus Wall Clock,736.23,-27.6,11,0.8,Corporate,Same Day
07/01/2021,South,Louisiana,Furniture,Bookcases,O'Sullivan 5-Shelf Bookcase,7297.99,-500.39,13,0,Consumer,First Class
03/16/2023,West,Montana,Technology,Accessories,Logitech Wireless Mouse,1709.38,47.32,3,0.3,Home Office,Same Day
11/14/2022,East,Pennsylvania,Furniture,Tables,Bretford Conference Table,7433.07,663.52,10,0,Home Office,First Class
11/24/2023,East,Pennsylvania,Technology,Phones,Samsung Galaxy Charger,1344.44,63.43,3,0.5,Consumer,Second Class
07/01/2024,Central,Wisconsin,Technology,Phones,OtterBox Phone Cover,1773.46,-443.33,12,0.1,Home Office,Standard Class
02/20/2021,East,Massachusetts,Furniture,Bookcases,O'Sullivan 5-Shelf Bookcase,2873.91,-622.51,14,0.5,Consumer,First Class
06/08/2024,South,Louisiana,Furniture,Chairs,Bush Mid-Back Chair,5122.9,616.26,11,0.4,Corporate,Second Class
11/14/2023,East,New Jersey,Furniture,Chairs,HON Executive Leather Chair,1202.59,42.93,12,0.8,Corporate,First Class
03/02/2023,East,New Hampshire,Office Supplies,Labels,Kroy Label Tape,1404.76,334.47,12,0,Consumer,Standard Class
04/03/2024,Central,Iowa,Furniture,Furnishings,Eldon Desk Lamp,2938.48,840.21,5,0,Home Office,Same Day
07/22/2022,East,Maine,Furniture,Furnishings,Fellowes Monitor Stand,334.82,88.23,1,0,Home Office,Second Class
09/05/2024,Central,Kansas,Office Supplies,Art,Sharpie Marker Set,395.21,34.73,3,0.2,Corporate,Second Class
02/11/2023,Central,Wisconsin,Office Supplies,Art,Bic Pen Pack,529.36,50.62,8,0.6,Home Office,First Class
05/19/2021,West,Colorado,Technology,Accessories,Belkin Surge Protector,1026.88,-158.64,1,0,Consumer,Standard Class
08/04/2021,South,Louisiana,Office Supplies,Paper,HP Premium Paper,134.0,27.27,3,0.8,Corporate,Standard Class
06/24/2023,East,Connecticut,Furniture,Bookcases,Sauder Heritage Bookcase,5758.99,1465.13,13,0.2,Consumer,First Class
02/05/2022,East,New Hampshire,Office Supplies,Binders,GBC Binding Cover,331.51,-25.97,5,0.4,Consumer,Second Class
07/12/2024,South,Kentucky,Furniture,Bookcases,Sauder Heritage Bookcase,2190.26,516.91,11,0,Consumer,First Class
01/15/2022,South,Mississippi,Technology,Phones,Motorola Phone Stand,2531.23,473.26,11,0.8,Home Office,Same Day
01/01/2023,West,Nevada,Technology,Copiers,Sharp Digital Copier,5142.52,1187.7,10,0.5,Corporate,Same Day
11/26/2023,South,Georgia,Technology,Phones,Samsung Galaxy Charger,839.88,-93.78,5,0,Home Office,First Class
12/11/2024,East,Massachusetts,Office Supplies,Labels,Kroy Label Tape,1310.19,-203.45,6,0,Corporate,Standard Class
06/20/2024,West,Montana,Technology,Accessories,Belkin Surge Protector,423.05,-77.62,1,0.5,Corporate,First Class
02/15/2022,East,New York,Office Supplies,Fasteners,Officemate Paper Clips,219.26,17.16,6,0,Home Office,First Class
12/10/2022,East,Massachusetts,Office Supplies,Art,Newell Highlighters,210.48,24.72,2,0.3,Consumer,Same Day
03/14/2021,West,Arizona,Technology,Phones,Apple iPhone Case,1174.15,-46.78,8,0.5,Corporate,First Class
12/31/2023,West,California,Furniture,Bookcases,Hon Metal Bookcase,4340.76,836.7,10,0.3,Home Office,Same Day
12/07/2024,East,Vermont,Office Supplies,Binders,Cardinal Ring Binder,126.58,1.62,7,0.5,Home Office,First Class
05/03/2022,Central,Michigan,Office Supplies,Fasteners,Staples Standard Staples,591.91,-67.31,4,0,Home Office,Standard Class
09/17/2021,East,Massachusetts,Furniture,Bookcases,Sauder Heritage Bookcase,2149.48,-132.25,8,0,Home Office,Second Class
09/08/2024,Central,Ohio,Technology,Copiers,Ricoh Office Copier,71.92,-7.18,2,0.7,Home Office,Second Class
01/22/2023,South,Tennessee,Furniture,Furnishings,Advantus Wall Clock,1804.15,256.53,13,0.5,Home Office,First Class
12/11/2022,Central,Kansas,Technology,Phones,Apple iPhone Case,1599.02,66.72,7,0.8,Consumer,Second Class
09/09/2021,West,Montana,Furniture,Tables,Bush Somerset Table,886.1,-146.05,6,0.8,Consumer,Same Day
07/08/2022,South,Georgia,Furniture,Furnishings,Eldon Desk Lamp,716.15,176.39,5,0.6,Consumer,Standard Class
02/23/2023,Central,Nebraska,Office Supplies,Supplies,Scissors Set,54.66,-6.92,7,0.4,Consumer,Same Day
05/31/2024,East,Connecticut,Furniture,Tables,Bretford Conference Table,8652.54,2547.91,13,0.2,Home Office,Second Class
04/27/2021,East,Maine,Technology,Copiers,Ricoh Office Copier,8805.6,2830.86,13,0,Home Office,First Class
02/20/2023,South,Alabama,Technology,Accessories,Kensington Keyboard,1906.17,-204.08,8,0.8,Consumer,First Class
03/15/2024,Central,Illinois,Furniture,Tables,Chromcraft Round Table,3931.77,-129.68,7,0,Home Office,First Class
01/02/2022,East,Pennsylvania,Office Supplies,Envelopes,Security Envelopes,30.15,-7.38,8,0.4,Consumer,First Class
04/01/2024,South,Kentucky,Furniture,Furnishings,Eldon Desk Lamp,1375.98,111.27,2,0.15,Consumer,Same Day
09/18/2021,West,Arizona,Office Supplies,Labels,Kroy Label Tape,54.33,14.82,4,0.7,Home Office,Standard Class
11/02/2024,West,Washington,Technology,Phones,Samsung Galaxy Charger,3825.75,-860.13,9,0.4,Home Office,Second Class
01/12/2024,East,Connecticut,Office Supplies,Storage,Sterilite Storage Tote,1811.32,-72.75,12,0,Consumer,Same Day
10/30/2022,East,Rhode Island,Furniture,Chairs,HON Executive Leather Chair,5997.13,951.2,10,0.2,Consumer,Same Day
11/18/2022,Central,Ohio,Furniture,Tables,Chromcraft Round Table,734.47,231.72,7,0.7,Corporate,Standard Class
04/25/2024,West,Colorado,Furniture,Tables,Bush Somerset Table,555.95,130.55,1,0,Home Office,First Class
02/20/2023,West,Utah,Technology,Phones,Samsung Galaxy Charger,474.94,-96.7,13,0.7,Consumer,Same Day
10/12/2022,East,Rhode Island,Furniture,Furnishings,Fellowes Monitor Stand,3400.6,-252.19,5,0.1,Consumer,First Class
08/25/2021,West,Colorado,Furniture,Furnishings,Advantus Wall Clock,4445.35,1442.81,12,0.1,Corporate,First Class
08/31/2024,East,Maine,Technology,Phones,Motorola Phone Stand,958.43,212.56,8,0.6,Consumer,Second Class
08/11/2022,West,Utah,Technology,Machines,Brother Fax Machine,806.49,-3.95,6,0.2,Home Office,Second Class
12/08/2021,South,South Carolina,Furniture,Furnishings,Eldon Desk Lamp,352.48,29.17,2,0.3,Corporate,Standard Class
05/30/2021,West,California,Office Supplies,Storage,Iris Stackable Bin,325.48,98.03,3,0.5,Corporate,First Class
09/01/2021,West,Utah,Technology,Machines,Brother Fax Machine,3465.74,415.81,6,0.2,Home Office,Standard Class
06/12/2023,East,Maine,Office Supplies,Fasteners,Acco Binder Clips,526.88,100.14,5,0.4,Home Office,Standard Class
02/16/2023,West,California,Technology,Accessories,Belkin Surge Protector,852.35,156.42,6,0.4,Corporate,Standard Class
03/01/2024,West,Arizona,Office Supplies,Envelopes,Kraft Envelope Pack,656.09,168.25,9,0.5,Corporate,First Class
03/27/2021,Central,Missouri,Office Supplies,Binders,GBC Binding Cover,618.33,116.61,14,0.8,Corporate,First Class
08/31/2021,Central,Illinois,Office Supplies,Labels,Avery File Labels,521.41,-60.39,5,0.15,Consumer,First Class
10/16/2021,Central,Nebraska,Furniture,Chairs,Bush Mid-Back Chair,910.63,50.28,2,0.1,Consumer,Standard Class
09/28/2023,East,Rhode Island,Technology,Machines,Canon imageCLASS Printer,6473.07,-523.66,14,0,Home Office,Same Day
08/13/2021,South,Kentucky,Furniture,Furnishings,Advantus Wall Clock,1989.32,-354.17,12,0.8,Corporate,Same Day
12/26/2022,Central,Illinois,Furniture,Tables,Bretford Conference Table,8774.54,-1022.54,13,0,Consumer,First Class
07/15/2024,West,Montana,Office Supplies,Labels,Kroy Label Tape,1012.06,-208.03,12,0.5,Home Office,First Class
02/18/2024,East,Vermont,Furniture,Tables,Bush Somerset Table,169.49,22.15,11,0.7,Consumer,Second Class
08/21/2023,West,Utah,Furniture,Chairs,Bush Mid-Back Chair,1325.17,251.96,3,0.4,Corporate,Second Class
06/09/2023,West,Washington,Technology,Machines,Canon imageCLASS Printer,819.06,-102.28,2,0.4,Consumer,Standard Class
07/30/2024,South,Virginia,Technology,Copiers,Xerox WorkCentre Copier,2342.3,755.63,6,0.4,Corporate,Second Class
01/18/2024,Central,Iowa,Office Supplies,Fasteners,Officemate Paper Clips,176.39,-32.21,8,0.15,Corporate,Same Day
12/27/2021,South,Tennessee,Furniture,Furnishings,Eldon Desk Lamp,3848.57,-159.53,8,0.2,Corporate,Second Class
03/01/2021,South,Louisiana,Technology,Copiers,Xerox WorkCentre Copier,2650.98,752.58,5,0.15,Corporate,Standard Class
03/13/2023,Central,Wisconsin,Technology,Accessories,Belkin Surge Protector,4114.37,-385.02,13,0.4,Consumer,First Class
07/06/2023,South,South Carolina,Office Supplies,Storage,Sterilite Storage Tote,907.08,-136.13,7,0.1,Consumer,Standard Class
02/16/2023,Central,Ohio,Technology,Phones,Apple iPhone Case,167.98,-6.45,2,0.8,Home Office,Standard Class
11/18/2021,East,Rhode Island,Furniture,Tables,Bush Somerset Table,2576.44,465.54,14,0.5,Corporate,Second Class
01/28/2021,Central,Minnesota,Office Supplies,Paper,HP Premium Paper,189.27,12.48,1,0,Home Office,Same Day
02/19/2021,South,Florida,Furniture,Tables,Chromcraft Round Table,839.67,-85.32,4,0.7,Corporate,Standard Class
06/06/2021,South,Alabama,Furniture,Tables,Bretford Conference Table,655.46,135.96,2,0.5,Corporate,Standard Class
04/19/2024,East,Rhode Island,Technology,Machines,Canon imageCLASS Printer,2341.54,265.57,13,0.3,Corporate,First Class
07/16/2022,South,Kentucky,Technology,Phones,Motorola Phone Stand,1055.7,350.03,8,0.1,Home Office,Same Day
04/13/2023,South,Virginia,Office Supplies,Art,Sharpie Marker Set,932.31,274.66,9,0.15,Home Office,Second Class
01/25/2024,South,Florida,Office Supplies,Fasteners,Officemate Paper Clips,1369.96,132.51,12,0,Consumer,Same Day
08/09/2024,West,Idaho,Office Supplies,Supplies,Scissors Set,150.62,19.27,5,0.2,Consumer,Standard Class
10/17/2021,West,Nevada,Office Supplies,Paper,Xerox Copy Paper,587.56,37.63,7,0.6,Home Office,Second Class
11/23/2022,East,New Hampshire,Office Supplies,Fasteners,Officemate Paper Clips,154.76,25.29,14,0,Home Office,Same Day
01/23/2024,East,Connecticut,Technology,Machines,Epson Scanner,7376.55,-800.77,8,0.2,Corporate,Same Day
09/18/2021,East,Pennsylvania,Office Supplies,Art,Bic Pen Pack,548.59,109.11,13,0,Consumer,Second Class
12/16/2021,South,Georgia,Furniture,Furnishings,Fellowes Monitor Stand,2468.02,492.11,11,0.5,Home Office,Same Day
08/26/2022,South,Florida,Office Supplies,Art,Bic Pen Pack,249.24,-14.1,12,0.7,Corporate,Second Class
11/30/2023,West,Arizona,Technology,Machines,Brother Fax Machine,4950.13,-611.98,10,0.15,Corporate,Second Class
10/13/2022,West,Montana,Technology,Copiers,Canon Copier,1441.36,-302.36,7,0,Consumer,First Class
11/09/2022,West,Nevada,Technology,Phones,OtterBox Phone Cover,1522.44,162.4,2,0,Consumer,First Class
07/17/2022,West,Colorado,Technology,Phones,Samsung Galaxy Charger,2498.4,-166.27,5,0.3,Home Office,Same Day
04/28/2024,Central,Kansas,Technology,Machines,Canon imageCLASS Printer,2654.61,-217.7,3,0,Corporate,Standard Class
03/24/2024,West,Montana,Technology,Copiers,Sharp Digital Copier,3835.45,1265.68,13,0.6,Home Office,Same Day
07/07/2021,West,Oregon,Furniture,Chairs,HON Executive Leather Chair,774.35,-117.01,13,0.6,Consumer,First Class
09/23/2024,East,New York,Furniture,Furnishings,Fellowes Monitor Stand,1832.01,377.4,8,0.2,Consumer,Same Day
10/01/2022,South,Alabama,Technology,Copiers,Sharp Digital Copier,2806.0,-569.84,14,0.5,Home Office,Second Class
02/22/2024,West,Arizona,Technology,Machines,Epson Scanner,4047.68,-403.46,8,0.4,Consumer,Same Day
10/04/2024,Central,Ohio,Furniture,Tables,Lesro Reception Table,471.83,56.71,6,0.8,Consumer,Same Day
06/25/2023,Central,Ohio,Technology,Phones,Samsung Galaxy Charger,774.06,78.73,6,0.5,Corporate,Standard Class
03/10/2021,Central,Wisconsin,Technology,Phones,Motorola Phone Stand,7300.09,-80.47,11,0.15,Home Office,First Class
05/29/2024,Central,Texas,Technology,Phones,OtterBox Phone Cover,3984.1,135.73,11,0.4,Home Office,Standard Class
09/27/2021,East,Maine,Furniture,Chairs,HON Executive Leather Chair,1055.57,-188.25,2,0.3,Corporate,Standard Class
09/03/2024,Central,Illinois,Technology,Accessories,Kensington Keyboard,99.02,24.99,10,0.8,Corporate,Second Class
09/29/2024,Central,Kansas,Furniture,Furnishings,Fellowes Monitor Stand,848.76,207.97,11,0,Home Office,Second Class
07/19/2022,Central,Illinois,Furniture,Furnishings,Eldon Desk Lamp,5634.64,-25.07,10,0.1,Home Office,Standard Class
12/01/2022,Central,Wisconsin,Technology,Accessories,Logitech Wireless Mouse,3226.38,-639.93,8,0.6,Corporate,Standard Class
10/13/2022,East,Pennsylvania,Furniture,Bookcases,Hon Metal Bookcase,2609.62,548.11,10,0.7,Consumer,Second Class
10/26/2024,Central,Iowa,Furniture,Chairs,Bush Mid-Back Chair,6709.42,1294.02,11,0.1,Corporate,Standard Class
03/03/2024,South,Virginia,Furniture,Tables,Bush Somerset Table,919.15,-125.97,6,0.3,Consumer,Second Class
07/09/2021,Central,Wisconsin,Technology,Copiers,Sharp Digital Copier,4525.28,-184.11,8,0.2,Home Office,Same Day
01/07/2024,West,California,Technology,Copiers,Xerox WorkCentre Copier,10734.25,110.69,10,0.1,Home Office,First Class
11/18/2023,West,Colorado,Technology,Accessories,Logitech Wireless Mouse,3885.69,118.95,13,0.1,Consumer,Standard Class
02/02/2023,West,Idaho,Furniture,Furnishings,Advantus Wall Clock,4195.16,1219.81,10,0.3,Corporate,Standard Class
11/17/2022,Central,Texas,Furniture,Furnishings,Fellowes Monitor Stand,1466.32,-201.96,6,0.7,Corporate,First Class
06/19/2023,West,Idaho,Technology,Machines,Canon imageCLASS Printer,2933.02,280.34,13,0.6,Corporate,Same Day
09/16/2023,South,South Carolina,Office Supplies,Envelopes,Security Envelopes,588.61,195.69,11,0.3,Consumer,Standard Class
12/02/2021,South,Alabama,Office Supplies,Fasteners,Staples Standard Staples,2076.69,585.54,9,0,Home Office,Second Class
07/05/2021,West,Oregon,Technology,Accessories,Logitech Wireless Mouse,4838.71,122.07,5,0,Consumer,Same Day
09/22/2022,East,New Jersey,Furniture,Chairs,Bush Mid-Back Chair,455.68,-58.33,2,0,Consumer,Second Class
11/23/2021,West,Montana,Office Supplies,Storage,Rubbermaid File Bin,712.55,115.48,6,0,Home Office,Second Class
03/05/2023,South,Alabama,Office Supplies,Paper,Xerox Copy Paper,458.96,-77.97,3,0.2,Corporate,First Class
09/28/2023,South,Mississippi,Office Supplies,Art,Crayola Colored Pencils,533.76,-124.83,11,0.8,Home Office,Second Class
06/04/2024,West,Colorado,Office Supplies,Envelopes,Kraft Envelope Pack,1601.72,219.99,10,0.3,Consumer,Same Day
07/10/2021,West,California,Furniture,Tables,Lesro Reception Table,2501.35,13.57,6,0.3,Corporate,First Class
01/03/2022,South,Louisiana,Furniture,Tables,Lesro Reception Table,1302.96,326.44,3,0.3,Corporate,Standard Class
11/26/2021,Central,Illinois,Technology,Copiers,Canon Copier,4214.27,-82.62,6,0,Corporate,Standard Class
05/21/2023,South,Alabama,Office Supplies,Storage,Sterilite Storage Tote,159.26,17.87,5,0.8,Corporate,First Class
01/02/2022,South,Tennessee,Technology,Accessories,Logitech Wireless Mouse,3215.61,875.25,7,0.5,Consumer,Second Class
11/21/2023,East,Maine,Technology,Accessories,Kensington Keyboard,4935.42,113.48,14,0.6,Consumer,Same Day
01/22/2023,Central,Texas,Furniture,Furnishings,Fellowes Monitor Stand,249.61,-24.61,1,0.6,Corporate,First Class
01/01/2023,East,Rhode Island,Office Supplies,Binders,Wilson Jones Binder,789.59,-56.37,7,0,Consumer,Standard Class
12/25/2021,Central,Texas,Technology,Copiers,Xerox WorkCentre Copier,140.65,26.17,2,0.5,Home Office,Same Day
12/09/2023,South,Virginia,Office Supplies,Supplies,X-Acto Cutting Mat,72.47,-3.92,10,0.4,Consumer,Second Class
07/28/2024,East,Vermont,Technology,Phones,Motorola Phone Stand,5348.47,-1265.29,12,0.15,Home Office,First Class
09/13/2022,East,Vermont,Furniture,Chairs,Bush Mid-Back Chair,2472.29,559.32,10,0.5,Home Office,Standard Class
07/17/2022,Central,Nebraska,Office Supplies,Paper,Universal Legal Pad,468.05,-39.26,12,0.8,Home Office,Standard Class
01/11/2021,South,North Carolina,Technology,Accessories,SanDisk USB Drive,326.98,-0.46,7,0.1,Consumer,First Class
03/30/2022,Central,Iowa,Technology,Accessories,Logitech Wireless Mouse,3438.16,-403.52,4,0,Home Office,First Class
09/02/2023,South,Mississippi,Office Supplies,Envelopes,Manila Envelopes,783.47,-45.61,9,0,Corporate,Second Class
06/08/2022,South,Louisiana,Furniture,Chairs,Novimex Swivel Chair,4209.9,390.63,7,0,Consumer,Same Day
08/21/2022,Central,Illinois,Furniture,Tables,Chromcraft Round Table,4340.12,132.06,13,0.2,Consumer,Second Class
08/05/2022,Central,Nebraska,Office Supplies,Fasteners,Staples Standard Staples,222.67,-24.31,9,0.8,Home Office,Second Class
03/24/2022,South,Mississippi,Furniture,Bookcases,O'Sullivan 5-Shelf Bookcase,2089.02,-298.37,4,0,Consumer,Same Day
10/17/2022,South,Tennessee,Furniture,Furnishings,Advantus Wall Clock,5976.28,887.72,13,0.2,Home Office,First Class
08/10/2022,South,South Carolina,Office Supplies,Supplies,Tape Dispenser,343.8,94.2,14,0.4,Corporate,First Class
10/31/2024,East,Rhode Island,Office Supplies,Supplies,X-Acto Cutting Mat,204.23,0.18,2,0.3,Corporate,Same Day
06/02/2024,West,California,Technology,Machines,HP LaserJet Printer,5993.62,657.75,10,0.5,Home Office,Same Day
03/11/2024,East,Maine,Technology,Machines,HP LaserJet Printer,5482.65,1760.52,11,0.4,Consumer,Same Day
12/25/2021,West,Oregon,Office Supplies,Envelopes,Poly Mailer Bundle,368.81,-20.79,8,0.8,Corporate,Standard Class
05/17/2022,East,Massachusetts,Technology,Copiers,Ricoh Office Copier,2415.93,-253.36,11,0.6,Consumer,Same Day
05/24/2021,East,Maine,Furniture,Chairs,Novimex Swivel Chair,9.69,1.51,1,0.8,Home Office,Same Day
05/28/2024,South,Georgia,Office Supplies,Labels,Avery Round Labels,985.94,12.93,11,0.5,Home Office,Standard Class
03/30/2023,Central,Missouri,Technology,Phones,Motorola Phone Stand,4597.46,64.49,12,0.5,Consumer,Standard Class
01/21/2023,West,Arizona,Technology,Phones,Samsung Galaxy Charger,897.97,267.4,7,0.7,Corporate,Second Class
12/23/2024,Central,Illinois,Office Supplies,Art,Bic Pen Pack,1366.06,-60.84,8,0.1,Home Office,Same Day
05/02/2024,Central,Iowa,Technology,Accessories,SanDisk USB Drive,203.19,-15.63,1,0,Consumer,First Class
09/01/2023,Central,Wisconsin,Office Supplies,Binders,Wilson Jones Binder,1216.61,-191.42,12,0.4,Home Office,Second Class
02/27/2021,West,Arizona,Office Supplies,Labels,Avery File Labels,1847.68,-297.44,14,0.1,Consumer,First Class
06/20/2024,Central,Kansas,Technology,Copiers,Ricoh Office Copier,1879.94,192.28,3,0.2,Home Office,First Class
12/26/2021,Central,Missouri,Office Supplies,Binders,Cardinal Ring Binder,30.97,9.85,8,0.3,Corporate,Second Class
05/31/2024,Central,Michigan,Furniture,Chairs,Bush Mid-Back Chair,1857.86,260.1,13,0.8,Corporate,Same Day
02/19/2022,South,Mississippi,Technology,Phones,Samsung Galaxy Charger,123.16,15.5,6,0.7,Corporate,Standard Class
07/04/2023,Central,Kansas,Technology,Phones,Apple iPhone Case,1600.64,-154.23,10,0.5,Home Office,Second Class
03/24/2021,West,Nevada,Technology,Copiers,Xerox WorkCentre Copier,5744.4,-1121.22,10,0.15,Consumer,Standard Class
04/12/2022,West,Montana,Office Supplies,Storage,Iris Stackable Bin,305.43,11.11,4,0.6,Consumer,Standard Class
06/25/2023,Central,Illinois,Furniture,Furnishings,Eldon Desk Lamp,232.45,17.53,2,0.4,Consumer,Same Day
06/26/2023,Central,Nebraska,Furniture,Furnishings,Eldon Desk Lamp,746.55,174.29,13,0.7,Home Office,Same Day
07/16/2024,East,Connecticut,Office Supplies,Labels,Kroy Label Tape,306.74,17.95,3,0.2,Home Office,First Class
10/20/2024,Central,Kansas,Furniture,Tables,Chromcraft Round Table,1312.86,18.41,9,0.5,Consumer,Same Day
12/01/2021,East,Maine,Technology,Copiers,Ricoh Office Copier,2759.14,424.32,3,0,Consumer,Same Day
04/20/2022,Central,Kansas,Furniture,Chairs,Global Deluxe Task Chair,1569.32,-91.01,4,0.15,Home Office,Same Day
10/26/2022,East,Connecticut,Technology,Machines,HP LaserJet Printer,2502.05,554.17,3,0.1,Consumer,Second Class
04/14/2022,Central,Kansas,Office Supplies,Fasteners,Officemate Paper Clips,701.14,175.75,5,0.4,Corporate,Second Class
07/11/2023,Central,Minnesota,Technology,Accessories,SanDisk USB Drive,2411.66,500.7,5,0.3,Consumer,Same Day
07/16/2022,East,Vermont,Office Supplies,Binders,Cardinal Ring Binder,10.43,1.54,1,0.8,Corporate,First Class
10/30/2022,Central,Texas,Office Supplies,Fasteners,Acco Binder Clips,833.74,190.5,9,0.5,Home Office,Same Day
10/29/2022,Central,Illinois,Furniture,Chairs,HON Executive Leather Chair,6109.31,646.15,12,0.4,Consumer,Same Day
07/27/2021,South,South Carolina,Office Supplies,Fasteners,Staples Standard Staples,26.1,1.9,1,0.7,Corporate,First Class
04/28/2023,East,New Hampshire,Furniture,Bookcases,Bush Wood Bookcase,11047.07,1147.62,14,0,Home Office,Second Class
02/15/2024,East,New Hampshire,Furniture,Tables,Chromcraft Round Table,4795.19,-794.66,9,0.15,Consumer,First Class
10/20/2022,Central,Iowa,Technology,Machines,HP LaserJet Printer,4097.81,-205.68,8,0.1,Home Office,First Class
09/02/2021,Central,Nebraska,Technology,Phones,Samsung Galaxy Charger,4080.82,953.44,11,0.3,Consumer,Standard Class
10/30/2023,Central,Texas,Technology,Copiers,Canon Copier,10689.96,483.25,14,0.2,Home Office,First Class
12/26/2023,East,Pennsylvania,Technology,Phones,Apple iPhone Case,1530.26,-302.01,3,0.5,Corporate,Second Class
11/08/2021,East,Vermont,Office Supplies,Supplies,Tape Dispenser,176.97,24.55,11,0.2,Corporate,Same Day
07/01/2024,South,Florida,Office Supplies,Labels,Avery Round Labels,65.47,-7.52,14,0.3,Corporate,Second Class
08/31/2024,Central,Michigan,Technology,Accessories,Belkin Surge Protector,9215.07,872.33,11,0.1,Corporate,Second Class
07/26/2021,West,Oregon,Furniture,Tables,Bush Somerset Table,274.85,70.59,1,0.5,Consumer,First Class
02/18/2022,East,Maine,Office Supplies,Paper,HP Premium Paper,536.11,-46.83,5,0,Consumer,First Class
02/22/2021,East,New Jersey,Office Supplies,Art,Bic Pen Pack,342.14,-42.72,8,0.8,Consumer,Same Day
04/23/2024,South,Alabama,Furniture,Chairs,Novimex Swivel Chair,1423.93,-206.39,14,0,Home Office,Standard Class
10/11/2022,West,Nevada,Furniture,Furnishings,Advantus Wall Clock,1292.06,-252.63,7,0.1,Home Office,First Class
02/03/2021,South,Virginia,Technology,Phones,OtterBox Phone Cover,678.99,-6.66,1,0.3,Consumer,First Class
04/15/2022,Central,Wisconsin,Furniture,Furnishings,Advantus Wall Clock,7108.57,1678.35,12,0,Corporate,Standard Class
12/30/2021,Central,Minnesota,Furniture,Chairs,HON Executive Leather Chair,1325.95,-207.57,10,0,Home Office,Same Day
02/01/2023,East,New York,Technology,Machines,Brother Fax Machine,6952.42,10.73,10,0.3,Consumer,Second Class
10/16/2023,West,Colorado,Furniture,Chairs,Global Deluxe Task Chair,1275.73,-33.28,4,0.15,Corporate,First Class
03/12/2021,East,New York,Office Supplies,Storage,Rubbermaid File Bin,2742.8,-609.18,12,0,Corporate,Second Class
07/08/2021,West,Washington,Furniture,Tables,Bush Somerset Table,832.45,29.48,7,0,Corporate,Same Day
06/11/2022,West,California,Office Supplies,Supplies,Tape Dispenser,395.47,-12.12,3,0.2,Home Office,Standard Class
03/26/2022,South,Louisiana,Technology,Machines,HP LaserJet Printer,8751.36,-1439.1,9,0,Home Office,Standard Class
04/09/2022,East,Vermont,Office Supplies,Art,Sharpie Marker Set,915.24,-63.46,5,0,Home Office,Same Day
09/16/2024,Central,Ohio,Office Supplies,Fasteners,Officemate Paper Clips,221.56,57.71,3,0.6,Home Office,Same Day
07/23/2024,East,Massachusetts,Furniture,Bookcases,Hon Metal Bookcase,146.21,-8.26,1,0.1,Home Office,Same Day
03/16/2022,South,Tennessee,Furniture,Furnishings,Fellowes Monitor Stand,804.06,11.19,8,0.6,Home Office,First Class
09/26/2023,Central,Minnesota,Furniture,Tables,Chromcraft Round Table,2740.13,-526.37,13,0.5,Corporate,First Class
07/13/2021,East,Maine,Office Supplies,Storage,Iris Stackable Bin,498.86,-88.71,4,0.4,Home Office,First Class
02/08/2024,West,Colorado,Office Supplies,Supplies,Tape Dispenser,47.29,11.44,2,0.5,Home Office,Second Class
12/13/2023,West,Nevada,Furniture,Chairs,Bush Mid-Back Chair,5153.37,352.17,10,0,Consumer,First Class
07/25/2021,West,Montana,Furniture,Tables,Bush Somerset Table,6365.9,1689.28,11,0,Consumer,Second Class
08/31/2022,South,South Carolina,Office Supplies,Storage,Rubbermaid File Bin,850.7,243.51,7,0.5,Corporate,First Class
12/21/2024,West,Arizona,Furniture,Bookcases,Bush Wood Bookcase,794.37,241.35,9,0.7,Home Office,Standard Class
11/25/2021,East,Vermont,Furniture,Chairs,Novimex Swivel Chair,4262.19,-657.8,13,0.1,Corporate,Same Day
07/20/2022,West,Nevada,Office Supplies,Art,Sharpie Marker Set,68.5,13.27,3,0.3,Home Office,Second Class
01/23/2021,West,Idaho,Furniture,Tables,Chromcraft Round Table,5259.6,339.48,11,0,Home Office,Same Day
11/11/2021,West,Idaho,Office Supplies,Art,Bic Pen Pack,34.66,-3.01,2,0.8,Consumer,Same Day
04/13/2024,Central,Illinois,Technology,Copiers,Ricoh Office Copier,503.39,114.11,3,0.8,Corporate,Second Class
09/23/2024,East,Pennsylvania,Technology,Accessories,Kensington Keyboard,1851.19,5.56,8,0.8,Home Office,Standard Class
09/27/2024,Central,Wisconsin,Office Supplies,Envelopes,Manila Envelopes,2925.09,-585.44,14,0.15,Consumer,Same Day
08/01/2021,West,Idaho,Furniture,Furnishings,Advantus Wall Clock,1168.23,133.16,13,0.8,Home Office,Same Day
03/24/2024,South,Florida,Technology,Phones,Apple iPhone Case,2322.15,-248.08,2,0,Home Office,Same Day
03/20/2024,South,Florida,Office Supplies,Supplies,Tape Dispenser,78.71,-0.85,14,0.5,Home Office,Same Day
07/15/2024,East,Massachusetts,Technology,Machines,Canon imageCLASS Printer,2231.78,-6.06,6,0,Consumer,Same Day
05/25/2022,Central,Minnesota,Technology,Accessories,SanDisk USB Drive,2840.82,-157.08,5,0.4,Home Office,First Class
12/15/2022,West,Nevada,Technology,Accessories,Belkin Surge Protector,13238.19,3494.72,13,0,Corporate,First Class
08/02/2024,West,Colorado,Office Supplies,Art,Newell Highlighters,874.76,116.94,7,0.2,Corporate,Second Class
01/11/2023,Central,Iowa,Office Supplies,Envelopes,Manila Envelopes,3118.81,-175.73,13,0,Consumer,Second Class
03/27/2023,Central,Kansas,Technology,Accessories,Kensington Keyboard,237.69,-46.11,10,0.8,Home Office,Same Day
03/24/2023,Central,Ohio,Technology,Accessories,SanDisk USB Drive,317.61,102.79,3,0.3,Corporate,Standard Class
01/28/2024,Central,Michigan,Office Supplies,Storage,Iris Stackable Bin,223.37,-52.31,3,0.7,Consumer,Second Class
01/26/2021,West,Nevada,Office Supplies,Paper,HP Premium Paper,1085.48,287.13,5,0.1,Corporate,Same Day
01/17/2022,South,Kentucky,Technology,Machines,Epson Scanner,4967.54,627.66,14,0.5,Corporate,First Class
04/26/2022,Central,Wisconsin,Office Supplies,Envelopes,Security Envelopes,271.66,88.25,6,0.5,Consumer,First Class
11/06/2023,West,Montana,Technology,Machines,Canon imageCLASS Printer,4725.87,-884.28,12,0.4,Home Office,Second Class
03/22/2024,Central,Kansas,Furniture,Furnishings,Advantus Wall Clock,5950.14,75.7,14,0,Home Office,Same Day
12/13/2022,East,New Jersey,Furniture,Furnishings,Eldon Desk Lamp,240.22,38.24,8,0.8,Consumer,First Class
12/13/2024,Central,Texas,Technology,Copiers,Ricoh Office Copier,15390.2,-1860.33,13,0,Corporate,First Class
01/11/2024,Central,Minnesota,Furniture,Furnishings,Tenex Chair Mat,1305.58,-321.09,11,0.6,Home Office,Standard Class
12/21/2023,Central,Nebraska,Furniture,Bookcases,Sauder Heritage Bookcase,226.61,-30.19,7,0.8,Home Office,Second Class
11/11/2022,West,California,Technology,Copiers,Canon Copier,2273.98,214.67,2,0,Home Office,Same Day
12/05/2022,South,Alabama,Technology,Copiers,Xerox WorkCentre Copier,1182.3,-169.72,3,0,Corporate,First Class
02/15/2022,South,Georgia,Furniture,Tables,Lesro Reception Table,2839.55,368.59,4,0.2,Corporate,Same Day
02/15/2024,East,Rhode Island,Office Supplies,Storage,Fellowes Storage Box,28.36,-4.22,1,0.7,Home Office,Standard Class
03/09/2024,East,Maine,Office Supplies,Labels,Avery Round Labels,1720.97,556.61,10,0.2,Consumer,Same Day
10/31/2024,West,Montana,Furniture,Tables,Bretford Conference Table,419.12,-60.29,3,0.6,Corporate,Second Class
10/01/2022,West,Idaho,Furniture,Bookcases,Sauder Heritage Bookcase,1635.84,-231.88,5,0,Home Office,Second Class
07/21/2023,East,New Hampshire,Furniture,Chairs,Bush Mid-Back Chair,4135.77,911.68,11,0.5,Consumer,Standard Class
10/03/2023,Central,Michigan,Office Supplies,Binders,GBC Binding Cover,34.48,-7.41,4,0.3,Corporate,Standard Class
08/02/2022,East,Maine,Technology,Copiers,Xerox WorkCentre Copier,3324.29,-436.06,6,0,Home Office,Same Day
02/18/2021,South,Alabama,Office Supplies,Art,Bic Pen Pack,653.88,26.46,8,0,Corporate,First Class
01/21/2022,South,Virginia,Technology,Phones,Apple iPhone Case,1825.37,362.72,2,0.15,Home Office,Second Class
09/13/2022,Central,Texas,Technology,Phones,Apple iPhone Case,2781.86,202.12,7,0.1,Home Office,Same Day
07/22/2021,West,Montana,Office Supplies,Storage,Iris Stackable Bin,1786.43,317.0,8,0,Consumer,Second Class
02/21/2023,South,South Carolina,Technology,Phones,Apple iPhone Case,132.89,-10.06,4,0.8,Consumer,First Class
04/02/2021,West,Utah,Furniture,Tables,Lesro Reception Table,1640.7,201.9,3,0,Corporate,Same Day
11/14/2024,Central,Michigan,Technology,Accessories,Belkin Surge Protector,695.49,-16.5,1,0.3,Consumer,Same Day
11/26/2024,Central,Nebraska,Furniture,Furnishings,Eldon Desk Lamp,1040.69,170.36,13,0.4,Consumer,Standard Class
01/05/2024,East,New Jersey,Office Supplies,Art,Sharpie Marker Set,1415.93,-136.07,6,0,Home Office,Same Day
08/11/2021,Central,Kansas,Office Supplies,Labels,Avery Shipping Labels,1299.18,365.54,13,0,Consumer,Standard Class
09/08/2023,South,South Carolina,Furniture,Bookcases,O'Sullivan 5-Shelf Bookcase,442.42,110.54,2,0,Consumer,Standard Class
10/20/2021,East,Massachusetts,Office Supplies,Envelopes,Manila Envelopes,616.78,91.11,8,0.6,Home Office,Second Class
12/01/2022,West,Colorado,Furniture,Bookcases,Hon Metal Bookcase,9891.51,-394.96,14,0.15,Consumer,Standard Class
04/07/2022,South,Alabama,Furniture,Tables,Bretford Conference Table,171.92,24.9,3,0.7,Corporate,Standard Class
10/21/2021,South,Georgia,Furniture,Tables,Bush Somerset Table,503.33,80.96,9,0.2,Corporate,Standard Class
08/01/2021,West,Colorado,Office Supplies,Storage,Iris Stackable Bin,34.29,-8.5,11,0.1,Consumer,Same Day
02/10/2021,East,Massachusetts,Technology,Phones,Apple iPhone Case,7435.14,1017.68,11,0.4,Corporate,Same Day
12/08/2022,South,South Carolina,Technology,Copiers,Sharp Digital Copier,3897.83,1127.04,11,0.4,Corporate,First Class
06/11/2022,West,Oregon,Office Supplies,Binders,Cardinal Ring Binder,445.25,4.03,3,0.2,Corporate,Second Class
09/14/2021,East,New Hampshire,Office Supplies,Paper,Universal Legal Pad,376.02,118.49,14,0.7,Corporate,Same Day
01/15/2023,South,Louisiana,Office Supplies,Fasteners,Acco Binder Clips,801.66,-136.39,6,0.2,Home Office,Second Class
09/12/2024,West,Nevada,Technology,Machines,HP LaserJet Printer,2367.02,66.34,13,0.6,Corporate,First Class
08/11/2021,Central,Michigan,Office Supplies,Binders,Cardinal Ring Binder,308.27,90.26,9,0.7,Home Office,Same Day
09/12/2024,East,Massachusetts,Furniture,Tables,Bush Somerset Table,1399.89,442.25,7,0.5,Consumer,Second Class
10/25/2024,South,Mississippi,Technology,Machines,Brother Fax Machine,7802.49,741.56,10,0,Consumer,Second Class
09/24/2023,South,Tennessee,Office Supplies,Paper,HP Premium Paper,560.13,65.76,6,0.6,Home Office,Standard Class
04/19/2021,East,Pennsylvania,Furniture,Bookcases,Sauder Heritage Bookcase,1774.19,516.44,6,0,Consumer,Second Class
04/09/2024,West,Arizona,Furniture,Tables,Chromcraft Round Table,3679.85,633.53,14,0.4,Corporate,First Class
05/01/2023,East,Rhode Island,Furniture,Chairs,HON Executive Leather Chair,821.0,-3.44,2,0.5,Home Office,Same Day
07/18/2021,Central,Michigan,Furniture,Chairs,Novimex Swivel Chair,1811.25,-38.82,13,0,Corporate,Same Day
04/12/2024,West,California,Technology,Accessories,Belkin Surge Protector,5533.8,-1317.52,10,0,Corporate,First Class
10/04/2021,Central,Illinois,Office Supplies,Art,Sharpie Marker Set,1444.9,433.55,10,0.15,Consumer,Second Class
05/19/2024,Central,Wisconsin,Technology,Phones,Motorola Phone Stand,379.61,108.05,13,0.4,Corporate,Second Class
09/30/2023,Central,Wisconsin,Furniture,Tables,Bretford Conference Table,394.62,-42.11,6,0,Corporate,First Class
09/06/2024,South,Alabama,Office Supplies,Storage,Sterilite Storage Tote,52.56,4.24,8,0.7,Consumer,Standard Class
02/18/2023,East,Connecticut,Office Supplies,Paper,Universal Legal Pad,1221.02,-107.24,7,0,Corporate,First Class
09/29/2021,Central,Kansas,Office Supplies,Fasteners,Officemate Paper Clips,80.25,-10.77,6,0.8,Corporate,First Class
11/09/2023,East,New Hampshire,Technology,Phones,Motorola Phone Stand,1957.17,457.46,2,0,Consumer,Second Class
03/17/2024,East,New Jersey,Office Supplies,Art,Sharpie Marker Set,2283.39,612.44,13,0.1,Consumer,Standard Class
07/16/2024,Central,Nebraska,Furniture,Chairs,Novimex Swivel Chair,7972.11,-1486.8,14,0.2,Consumer,Standard Class
07/07/2021,West,Nevada,Technology,Phones,Samsung Galaxy Charger,413.93,93.12,12,0,Consumer,Second Class
09/02/2023,East,Pennsylvania,Office Supplies,Envelopes,Poly Mailer Bundle,2238.3,105.6,14,0.1,Home Office,Second Class
01/14/2022,South,Virginia,Technology,Phones,OtterBox Phone Cover,1107.75,370.56,9,0,Corporate,Second Class
01/19/2022,West,Washington,Technology,Phones,Samsung Galaxy Charger,10246.37,-1161.64,14,0.2,Corporate,First Class
05/24/2023,South,Kentucky,Technology,Accessories,Kensington Keyboard,3561.87,243.38,5,0.2,Home Office,First Class
10/09/2023,Central,Ohio,Furniture,Bookcases,Sauder Heritage Bookcase,87.79,17.86,6,0.8,Corporate,Standard Class
04/19/2024,South,Florida,Technology,Phones,Motorola Phone Stand,8806.19,997.78,13,0.2,Consumer,First Class
10/21/2023,Central,Iowa,Office Supplies,Supplies,Swingline Stapler,239.23,83.6,5,0.4,Consumer,Second Class
08/11/2023,West,California,Technology,Accessories,Belkin Surge Protector,7106.76,1832.75,8,0.2,Corporate,Same Day
05/10/2023,South,Louisiana,Furniture,Chairs,Novimex Swivel Chair,713.67,-15.08,1,0,Home Office,Second Class
11/06/2021,South,Tennessee,Furniture,Furnishings,Tenex Chair Mat,2109.55,-506.64,10,0,Corporate,Second Class
03/15/2023,Central,Minnesota,Furniture,Bookcases,O'Sullivan 5-Shelf Bookcase,1913.02,501.76,3,0.15,Corporate,Second Class
06/11/2023,West,Idaho,Technology,Copiers,Ricoh Office Copier,8402.66,1255.98,14,0,Corporate,Standard Class
10/17/2021,East,Maine,Technology,Copiers,Sharp Digital Copier,2267.41,526.43,4,0.5,Corporate,Same Day
07/15/2024,East,Connecticut,Technology,Machines,Brother Fax Machine,1130.43,132.23,5,0.7,Home Office,Second Class
01/27/2023,Central,Minnesota,Technology,Accessories,Kensington Keyboard,623.14,11.37,10,0.4,Corporate,Second Class
07/22/2024,West,Colorado,Technology,Machines,Brother Fax Machine,4619.55,445.01,8,0.15,Corporate,Second Class
05/26/2022,West,Colorado,Technology,Machines,HP LaserJet Printer,1854.75,-442.1,8,0.6,Home Office,Standard Class
12/20/2023,South,North Carolina,Technology,Accessories,Logitech Wireless Mouse,3528.2,1003.94,8,0.4,Home Office,First Class
12/28/2024,East,New Hampshire,Office Supplies,Paper,Boise Multi-Use Paper,509.39,-109.31,3,0.2,Consumer,Second Class
07/13/2022,East,Maine,Office Supplies,Supplies,X-Acto Cutting Mat,886.86,100.09,6,0.4,Home Office,Second Class
12/09/2023,West,Washington,Office Supplies,Storage,Iris Stackable Bin,468.32,105.1,13,0.5,Corporate,Standard Class
02/21/2021,Central,Wisconsin,Furniture,Chairs,Bush Mid-Back Chair,176.01,0.5,1,0.7,Corporate,Same Day
05/01/2024,West,Idaho,Technology,Copiers,Xerox WorkCentre Copier,998.79,-85.76,8,0.2,Corporate,Second Class
02/04/2021,South,Virginia,Furniture,Chairs,Bush Mid-Back Chair,1567.22,127.8,2,0,Corporate,Second Class
08/16/2024,Central,Missouri,Technology,Phones,OtterBox Phone Cover,1000.68,117.93,6,0.3,Consumer,First Class
09/28/2021,Central,Nebraska,Technology,Phones,Apple iPhone Case,8916.24,-1480.57,8,0,Consumer,Second Class
06/16/2021,West,Washington,Office Supplies,Envelopes,Security Envelopes,1053.98,47.93,7,0.2,Home Office,Standard Class
03/01/2022,South,Alabama,Technology,Machines,Canon imageCLASS Printer,1318.73,391.47,8,0,Corporate,Second Class
08/09/2024,West,California,Technology,Phones,Apple iPhone Case,822.8,-184.77,14,0.8,Consumer,Second Class
03/05/2023,West,Oregon,Technology,Accessories,SanDisk USB Drive,3175.41,-757.17,13,0.7,Corporate,Same Day
02/14/2022,East,Vermont,Technology,Phones,Apple iPhone Case,2743.39,273.36,10,0,Consumer,First Class
03/12/2022,East,Maine,Technology,Machines,Epson Scanner,57.9,7.33,3,0.5,Home Office,First Class
02/17/2022,Central,Kansas,Office Supplies,Fasteners,Bostitch Push Pins,340.9,-45.18,13,0.6,Corporate,Same Day
05/20/2024,East,Connecticut,Office Supplies,Storage,Rubbermaid File Bin,425.46,-2.8,11,0.7,Consumer,Standard Class
03/13/2024,East,Vermont,Furniture,Chairs,HON Executive Leather Chair,678.66,111.2,12,0.8,Consumer,First Class
03/21/2022,Central,Iowa,Furniture,Chairs,Bush Mid-Back Chair,2634.42,-316.51,9,0,Consumer,First Class
07/27/2023,West,Idaho,Technology,Copiers,Sharp Digital Copier,2553.64,772.45,7,0.6,Corporate,First Class
03/05/2021,West,Washington,Technology,Phones,Apple iPhone Case,10328.84,3285.32,10,0,Consumer,First Class
04/20/2021,South,Alabama,Technology,Machines,Canon imageCLASS Printer,4241.99,1410.73,6,0.1,Home Office,First Class
03/13/2021,East,Connecticut,Office Supplies,Storage,Sterilite Storage Tote,63.2,1.53,2,0.15,Consumer,Standard Class
06/26/2021,East,New Hampshire,Furniture,Bookcases,Sauder Heritage Bookcase,4542.64,1280.41,12,0.1,Home Office,First Class
11/17/2024,Central,Texas,Technology,Copiers,Canon Copier,286.83,44.98,3,0.1,Consumer,Standard Class
01/28/2021,South,Alabama,Office Supplies,Fasteners,Bostitch Push Pins,1648.39,536.81,10,0,Corporate,First Class
01/21/2022,South,South Carolina,Office Supplies,Storage,Sterilite Storage Tote,90.48,-22.51,4,0.8,Home Office,Standard Class
04/07/2021,South,Kentucky,Technology,Copiers,Xerox WorkCentre Copier,533.79,-15.81,5,0.2,Corporate,Second Class
08/02/2024,Central,Minnesota,Technology,Machines,Brother Fax Machine,980.85,-8.76,6,0.3,Corporate,First Class
01/08/2023,Central,Ohio,Technology,Copiers,Ricoh Office Copier,5141.62,1444.09,7,0,Corporate,First Class
12/05/2022,South,Louisiana,Technology,Machines,Canon imageCLASS Printer,539.21,-24.27,9,0.7,Home Office,Second Class
05/09/2023,West,Nevada,Technology,Copiers,Canon Copier,666.48,41.15,2,0.5,Home Office,Standard Class
11/01/2024,Central,Kansas,Technology,Machines,HP LaserJet Printer,5782.47,-316.35,12,0.2,Corporate,Same Day
11/09/2024,South,South Carolina,Technology,Accessories,Belkin Surge Protector,3824.64,521.46,13,0,Consumer,Second Class
05/28/2021,East,Rhode Island,Furniture,Furnishings,Tenex Chair Mat,2374.7,-15.03,12,0.15,Consumer,Standard Class
09/05/2021,West,California,Furniture,Bookcases,Bush Wood Bookcase,2993.35,473.81,4,0,Consumer,First Class
01/22/2021,South,Georgia,Office Supplies,Envelopes,Manila Envelopes,366.98,-6.37,12,0.6,Consumer,First Class
10/22/2024,South,Mississippi,Technology,Copiers,Canon Copier,4919.95,-192.38,8,0,Corporate,Same Day
11/03/2024,South,Kentucky,Furniture,Furnishings,Advantus Wall Clock,2834.97,928.91,8,0,Consumer,Same Day
07/16/2024,Central,Kansas,Furniture,Bookcases,Hon Metal Bookcase,425.12,-20.22,2,0.4,Home Office,Same Day
06/10/2024,East,Maine,Office Supplies,Supplies,X-Acto Cutting Mat,31.87,-5.51,7,0,Home Office,Standard Class
07/17/2022,South,Georgia,Technology,Machines,Epson Scanner,2324.01,708.8,12,0.6,Home Office,Standard Class
07/15/2023,Central,Nebraska,Furniture,Furnishings,Tenex Chair Mat,275.19,30.46,5,0,Corporate,Standard Class
05/26/2022,West,Washington,Furniture,Furnishings,Fellowes Monitor Stand,491.86,115.14,1,0.3,Consumer,Same Day
10/30/2024,East,Connecticut,Furniture,Chairs,Bush Mid-Back Chair,1327.71,22.31,10,0.4,Home Office,Standard Class
06/17/2023,East,New Jersey,Furniture,Chairs,Global Deluxe Task Chair,4601.71,36.74,8,0.2,Home Office,First Class
06/13/2023,East,Vermont,Office Supplies,Storage,Sterilite Storage Tote,192.09,-40.51,9,0.8,Corporate,First Class
09/05/2021,South,Alabama,Technology,Machines,HP LaserJet Printer,131.06,-18.08,1,0,Consumer,Same Day
09/06/2024,Central,Kansas,Office Supplies,Supplies,Scissors Set,125.38,10.76,3,0.6,Consumer,Second Class
02/01/2023,West,Arizona,Furniture,Furnishings,Eldon Desk Lamp,356.76,-65.05,1,0.5,Home Office,First Class
09/11/2023,East,Connecticut,Furniture,Tables,Bush Somerset Table,2176.52,75.86,13,0.1,Corporate,Second Class
09/28/2024,East,New Jersey,Office Supplies,Art,Sharpie Marker Set,57.09,11.78,3,0.5,Corporate,Standard Class
04/07/2022,West,Nevada,Technology,Copiers,Sharp Digital Copier,6015.19,1211.6,14,0.15,Consumer,First Class
07/11/2023,South,Florida,Furniture,Tables,Lesro Reception Table,6108.98,-1060.54,10,0.1,Home Office,Same Day
06/03/2021,West,Nevada,Technology,Accessories,Belkin Surge Protector,185.27,-38.94,7,0.6,Consumer,Second Class
08/10/2023,East,Maine,Office Supplies,Fasteners,Officemate Paper Clips,679.95,48.4,11,0.2,Corporate,First Class
08/20/2023,South,Kentucky,Office Supplies,Fasteners,Bostitch Push Pins,1040.84,348.82,6,0,Home Office,Standard Class
10/04/2022,Central,Wisconsin,Office Supplies,Labels,Avery File Labels,768.81,-31.44,6,0.1,Corporate,Second Class
06/25/2022,Central,Kansas,Technology,Copiers,Sharp Digital Copier,5694.72,-780.11,10,0.3,Home Office,Second Class
02/23/2022,Central,Michigan,Technology,Accessories,SanDisk USB Drive,5543.04,-809.01,13,0.4,Home Office,First Class
08/19/2024,West,Nevada,Technology,Accessories,Kensington Keyboard,3656.24,-54.92,13,0.4,Home Office,First Class
05/26/2024,South,Kentucky,Office Supplies,Binders,Wilson Jones Binder,55.86,-1.34,2,0.15,Home Office,Same Day
07/21/2023,East,Pennsylvania,Furniture,Tables,Lesro Reception Table,2673.43,151.51,9,0.6,Corporate,Second Class
09/03/2023,Central,Texas,Office Supplies,Supplies,Scissors Set,390.33,-64.86,7,0.3,Consumer,First Class
01/29/2024,East,New York,Furniture,Tables,Bretford Conference Table,1010.81,-194.55,9,0.15,Home Office,Same Day
08/17/2021,West,California,Technology,Phones,Apple iPhone Case,2092.56,-166.33,6,0.6,Consumer,Second Class
11/07/2021,West,Arizona,Technology,Accessories,Kensington Keyboard,356.71,73.99,1,0.5,Consumer,Same Day
07/06/2021,West,Montana,Technology,Phones,Samsung Galaxy Charger,1497.07,500.7,10,0.8,Corporate,Standard Class
07/31/2023,East,Massachusetts,Office Supplies,Paper,HP Premium Paper,2231.88,670.85,10,0,Corporate,Standard Class
04/02/2024,East,Massachusetts,Technology,Accessories,Belkin Surge Protector,5734.51,101.5,14,0.6,Consumer,Standard Class
11/04/2021,East,Vermont,Technology,Copiers,Ricoh Office Copier,8611.56,1725.9,12,0.3,Consumer,First Class
02/12/2021,West,Idaho,Office Supplies,Envelopes,Security Envelopes,618.71,156.49,8,0.5,Home Office,Second Class
12/11/2021,Central,Ohio,Technology,Phones,OtterBox Phone Cover,2478.32,-152.35,13,0.3,Corporate,First Class
02/19/2021,West,Arizona,Furniture,Furnishings,Fellowes Monitor Stand,1033.05,174.12,11,0.6,Corporate,Standard Class
02/11/2021,South,Mississippi,Office Supplies,Envelopes,Manila Envelopes,1016.94,300.52,8,0.3,Consumer,Same Day
06/17/2022,Central,Minnesota,Furniture,Tables,Chromcraft Round Table,1346.53,353.04,8,0,Home Office,Second Class
07/04/2021,East,Vermont,Office Supplies,Storage,Iris Stackable Bin,298.91,49.97,12,0,Consumer,First Class
08/24/2022,East,Rhode Island,Office Supplies,Supplies,X-Acto Cutting Mat,149.25,44.71,3,0.3,Consumer,Same Day
07/08/2021,Central,Ohio,Technology,Phones,Samsung Galaxy Charger,6999.53,1538.92,10,0,Home Office,Second Class
04/29/2022,Central,Kansas,Office Supplies,Fasteners,Bostitch Push Pins,136.31,-27.78,1,0.1,Consumer,First Class
01/02/2022,West,Montana,Furniture,Furnishings,Advantus Wall Clock,1260.44,-129.34,3,0.5,Consumer,First Class
03/18/2023,West,Arizona,Technology,Phones,Apple iPhone Case,259.69,-40.63,3,0,Consumer,Second Class
07/21/2023,Central,Nebraska,Office Supplies,Supplies,X-Acto Cutting Mat,17.55,-1.77,3,0.8,Home Office,Standard Class
08/02/2023,East,Vermont,Furniture,Bookcases,Bush Wood Bookcase,3327.6,-43.23,9,0.4,Home Office,Same Day
12/09/2023,South,Kentucky,Office Supplies,Fasteners,Officemate Paper Clips,887.47,44.23,7,0,Consumer,Second Class
02/23/2023,East,Maine,Office Supplies,Art,Bic Pen Pack,563.22,-34.51,7,0.15,Consumer,Standard Class
04/24/2024,West,Utah,Technology,Machines,Epson Scanner,503.41,113.9,13,0.8,Corporate,Second Class
09/24/2023,West,California,Furniture,Furnishings,Advantus Wall Clock,2718.84,-73.57,7,0.4,Consumer,Same Day
08/03/2024,West,Utah,Furniture,Chairs,HON Executive Leather Chair,593.56,-23.54,2,0.15,Corporate,Same Day
09/09/2023,East,Connecticut,Office Supplies,Supplies,Scissors Set,134.72,-8.59,2,0.2,Home Office,Second Class
02/20/2021,East,Pennsylvania,Furniture,Tables,Bretford Conference Table,4657.45,-126.87,9,0.1,Corporate,Same Day
08/07/2022,Central,Nebraska,Office Supplies,Envelopes,Security Envelopes,1204.22,122.08,6,0,Corporate,Same Day
02/13/2023,South,Kentucky,Furniture,Bookcases,Hon Metal Bookcase,1167.41,220.49,6,0.7,Home Office,First Class
07/19/2022,West,Oregon,Furniture,Bookcases,O'Sullivan 5-Shelf Bookcase,358.25,-24.45,7,0.1,Consumer,Second Class
05/25/2023,South,Mississippi,Furniture,Furnishings,Tenex Chair Mat,880.31,263.78,9,0.6,Consumer,Standard Class
03/25/2022,West,California,Office Supplies,Supplies,Scissors Set,1850.85,85.3,8,0,Consumer,Same Day
06/13/2022,Central,Nebraska,Technology,Accessories,Belkin Surge Protector,3355.36,975.72,10,0.5,Home Office,First Class
04/09/2022,Central,Kansas,Furniture,Tables,Bush Somerset Table,5625.32,-487.64,14,0,Home Office,First Class
08/07/2021,South,Alabama,Furniture,Tables,Chromcraft Round Table,7117.77,1827.08,14,0,Consumer,Second Class
03/30/2023,South,North Carolina,Furniture,Tables,Lesro Reception Table,872.11,-175.58,7,0.6,Consumer,Same Day
06/05/2023,East,Maine,Furniture,Furnishings,Fellowes Monitor Stand,916.43,-212.28,3,0.3,Corporate,Standard Class
04/20/2024,Central,Michigan,Office Supplies,Supplies,Tape Dispenser,304.27,-33.15,4,0.3,Consumer,Second Class
06/19/2021,Central,Ohio,Technology,Accessories,Belkin Surge Protector,252.61,48.62,2,0,Consumer,Same Day
01/05/2021,South,Georgia,Technology,Machines,Canon imageCLASS Printer,545.93,-41.02,8,0,Corporate,First Class
07/24/2021,East,New York,Furniture,Tables,Chromcraft Round Table,36.99,-8.37,1,0.6,Consumer,Second Class
04/30/2024,West,Utah,Office Supplies,Art,Crayola Colored Pencils,419.08,-86.75,5,0.6,Home Office,First Class
08/10/2024,West,Washington,Office Supplies,Labels,Avery File Labels,337.2,16.13,13,0.8,Consumer,First Class
07/16/2023,East,Vermont,Office Supplies,Binders,Cardinal Ring Binder,233.96,33.24,6,0.5,Corporate,Same Day
05/08/2022,West,Arizona,Technology,Accessories,Kensington Keyboard,6822.28,-1554.94,8,0,Consumer,Standard Class
05/31/2021,West,Washington,Office Supplies,Binders,GBC Binding Cover,690.22,67.34,5,0.2,Home Office,Same Day
08/28/2023,South,Alabama,Furniture,Tables,Bush Somerset Table,3745.55,-58.14,11,0,Corporate,Standard Class
10/17/2023,East,New York,Office Supplies,Fasteners,Bostitch Push Pins,580.09,127.76,8,0.7,Corporate,Same Day
03/06/2024,West,Colorado,Technology,Copiers,Sharp Digital Copier,686.66,186.43,14,0.8,Consumer,First Class
03/28/2021,South,Georgia,Office Supplies,Envelopes,Poly Mailer Bundle,348.76,16.47,3,0.1,Corporate,Second Class
12/27/2024,West,Utah,Furniture,Bookcases,Bush Wood Bookcase,835.83,-207.58,6,0.6,Corporate,Second Class
12/19/2023,West,Oregon,Office Supplies,Labels,Kroy Label Tape,927.17,-122.39,10,0.6,Home Office,Standard Class
04/02/2021,South,Mississippi,Technology,Accessories,Belkin Surge Protector,203.84,21.12,5,0.2,Consumer,Same Day
04/25/2024,South,Louisiana,Technology,Machines,Brother Fax Machine,815.28,232.28,4,0.4,Consumer,Second Class
03/25/2021,Central,Missouri,Office Supplies,Storage,Iris Stackable Bin,147.04,-36.56,4,0.4,Consumer,Standard Class
10/25/2023,Central,Kansas,Technology,Copiers,Canon Copier,2687.21,360.12,14,0.8,Corporate,Standard Class
04/26/2022,South,Mississippi,Furniture,Tables,Bretford Conference Table,2305.22,-331.16,7,0.5,Home Office,Second Class
09/10/2023,East,Vermont,Furniture,Tables,Bush Somerset Table,134.29,26.81,1,0,Corporate,Second Class
02/22/2022,Central,Wisconsin,Office Supplies,Binders,Cardinal Ring Binder,1099.61,229.88,12,0,Corporate,First Class
05/06/2022,East,Pennsylvania,Furniture,Bookcases,Sauder Heritage Bookcase,1477.85,-268.94,2,0.15,Corporate,First Class
09/13/2023,East,Rhode Island,Technology,Copiers,Canon Copier,1564.69,-313.0,11,0.6,Consumer,First Class
06/24/2024,West,Utah,Furniture,Tables,Bretford Conference Table,11609.89,-1771.96,13,0,Corporate,Second Class
11/28/2022,West,Idaho,Technology,Accessories,Logitech Wireless Mouse,9382.7,88.58,14,0.3,Home Office,Same Day
04/10/2022,West,Oregon,Furniture,Furnishings,Eldon Desk Lamp,3535.31,772.32,14,0.7,Home Office,Same Day
03/27/2021,South,Tennessee,Technology,Accessories,Kensington Keyboard,150.03,13.89,1,0.4,Consumer,First Class
08/08/2023,Central,Missouri,Technology,Phones,Motorola Phone Stand,2032.67,217.07,2,0,Home Office,Standard Class
07/03/2024,West,Idaho,Office Supplies,Envelopes,Kraft Envelope Pack,2560.54,340.16,13,0,Consumer,First Class
09/07/2022,South,Virginia,Furniture,Bookcases,Sauder Heritage Bookcase,6956.38,1665.47,11,0,Consumer,First Class
10/18/2023,Central,Missouri,Furniture,Tables,Bretford Conference Table,283.84,-67.09,5,0.8,Corporate,First Class
08/21/2021,West,Washington,Furniture,Bookcases,Bush Wood Bookcase,1182.93,-69.81,2,0.15,Consumer,Second Class
09/30/2022,West,Washington,Furniture,Bookcases,Bush Wood Bookcase,4789.82,1426.33,14,0.5,Consumer,First Class
05/11/2023,Central,Illinois,Office Supplies,Storage,Sterilite Storage Tote,50.79,9.89,2,0.7,Consumer,Standard Class
08/19/2023,East,New York,Furniture,Furnishings,Eldon Desk Lamp,3923.61,-729.26,13,0.2,Consumer,Second Class
07/15/2024,East,Maine,Furniture,Chairs,Global Deluxe Task Chair,5640.41,1056.16,13,0,Consumer,Second Class
10/06/2023,West,Utah,Furniture,Tables,Bush Somerset Table,585.2,-72.21,9,0.1,Home Office,Same Day
04/09/2023,West,Montana,Office Supplies,Envelopes,Poly Mailer Bundle,1595.06,-123.46,10,0.3,Consumer,Standard Class
08/23/2021,South,Virginia,Technology,Copiers,Canon Copier,710.26,-69.77,7,0.6,Consumer,Second Class
05/27/2022,East,Massachusetts,Furniture,Bookcases,Hon Metal Bookcase,7962.03,1277.44,12,0,Consumer,Second Class
08/15/2021,Central,Illinois,Technology,Phones,Samsung Galaxy Charger,129.08,-23.99,14,0.8,Consumer,Same Day
10/28/2022,West,Oregon,Technology,Phones,Motorola Phone Stand,3928.03,621.37,7,0.3,Corporate,Second Class
09/25/2024,West,Nevada,Office Supplies,Envelopes,Poly Mailer Bundle,261.27,11.33,14,0.7,Corporate,Same Day
11/21/2021,East,Connecticut,Furniture,Furnishings,Fellowes Monitor Stand,678.53,43.81,1,0,Consumer,Same Day
12/29/2021,East,Connecticut,Furniture,Tables,Chromcraft Round Table,3055.12,634.18,7,0,Consumer,Same Day
02/16/2022,Central,Wisconsin,Technology,Machines,Epson Scanner,10324.21,3387.42,12,0.15,Corporate,Second Class
04/26/2022,South,South Carolina,Office Supplies,Binders,Avery Durable Binder,642.68,219.73,11,0.4,Home Office,Second Class
11/13/2024,East,Connecticut,Technology,Accessories,SanDisk USB Drive,1765.52,105.73,2,0.15,Corporate,Same Day
08/03/2022,East,Pennsylvania,Technology,Phones,Samsung Galaxy Charger,4124.48,623.08,5,0.1,Home Office,Second Class
11/02/2022,South,Kentucky,Furniture,Chairs,Global Deluxe Task Chair,1813.04,3.33,13,0.8,Corporate,Standard Class
05/21/2023,South,South Carolina,Furniture,Bookcases,Bush Wood Bookcase,728.04,74.05,5,0.8,Home Office,Same Day
05/17/2022,Central,Illinois,Office Supplies,Supplies,X-Acto Cutting Mat,1288.4,-46.22,6,0,Consumer,First Class
07/31/2021,South,South Carolina,Office Supplies,Storage,Fellowes Storage Box,593.63,160.24,10,0,Consumer,Same Day
10/26/2024,South,Kentucky,Technology,Phones,Apple iPhone Case,4701.05,-552.66,9,0.4,Consumer,Second Class
04/18/2024,Central,Illinois,Furniture,Tables,Bretford Conference Table,6246.5,848.35,7,0,Corporate,Second Class
05/28/2022,East,Maine,Furniture,Bookcases,Sauder Heritage Bookcase,2560.81,326.41,13,0.6,Consumer,Standard Class
09/30/2023,South,Virginia,Technology,Machines,Canon imageCLASS Printer,12108.54,3420.43,14,0.1,Consumer,Standard Class
01/01/2023,West,Arizona,Furniture,Furnishings,Advantus Wall Clock,3974.35,-601.81,13,0.4,Home Office,Standard Class
04/25/2022,East,Connecticut,Furniture,Chairs,HON Executive Leather Chair,7974.57,-1056.52,12,0,Consumer,Second Class
04/08/2022,West,Arizona,Office Supplies,Storage,Rubbermaid File Bin,98.1,18.19,10,0,Home Office,Second Class
11/09/2024,Central,Wisconsin,Technology,Copiers,Xerox WorkCentre Copier,1168.53,-286.79,2,0,Corporate,Standard Class
03/10/2022,West,Utah,Furniture,Bookcases,Hon Metal Bookcase,770.49,8.3,2,0,Home Office,Second Class
11/19/2021,Central,Kansas,Technology,Accessories,Belkin Surge Protector,3659.22,330.71,14,0.6,Corporate,Same Day
05/26/2024,West,Idaho,Office Supplies,Envelopes,Security Envelopes,159.98,40.21,4,0.8,Consumer,Same Day
04/05/2024,Central,Missouri,Technology,Copiers,Canon Copier,71.33,-15.53,2,0.8,Home Office,Standard Class
11/27/2023,South,Alabama,Technology,Machines,Canon imageCLASS Printer,1582.03,362.86,3,0.5,Consumer,Standard Class
12/12/2023,East,Massachusetts,Technology,Phones,Motorola Phone Stand,3004.2,-152.48,9,0,Consumer,Second Class
03/28/2022,East,Vermont,Office Supplies,Paper,HP Premium Paper,87.0,-14.03,12,0.7,Corporate,Standard Class
12/04/2021,South,Kentucky,Furniture,Tables,Lesro Reception Table,8355.36,-395.97,11,0.15,Consumer,Standard Class
10/23/2022,East,New York,Technology,Phones,Apple iPhone Case,585.2,59.4,3,0.8,Consumer,Second Class
07/15/2024,South,Georgia,Office Supplies,Envelopes,Kraft Envelope Pack,40.36,-6.46,12,0.6,Corporate,First Class
06/19/2022,South,Georgia,Technology,Accessories,SanDisk USB Drive,2005.67,-323.38,3,0,Home Office,Same Day
12/26/2021,Central,Iowa,Technology,Phones,Samsung Galaxy Charger,7338.21,1636.32,14,0.15,Corporate,Same Day
02/23/2021,South,Florida,Technology,Copiers,Ricoh Office Copier,34.86,5.13,1,0.6,Consumer,Same Day
12/22/2023,Central,Minnesota,Furniture,Tables,Chromcraft Round Table,740.03,-130.42,3,0.3,Corporate,Second Class
09/16/2024,Central,Kansas,Furniture,Tables,Chromcraft Round Table,234.33,-34.65,1,0.2,Home Office,Same Day
04/19/2021,East,Rhode Island,Technology,Phones,OtterBox Phone Cover,1960.91,218.17,7,0.1,Home Office,Same Day
05/13/2021,Central,Texas,Technology,Machines,HP LaserJet Printer,823.08,252.59,1,0.15,Corporate,First Class
07/05/2024,East,Rhode Island,Technology,Phones,Motorola Phone Stand,11788.32,1606.35,12,0.15,Home Office,Same Day
01/20/2022,South,South Carolina,Technology,Machines,Epson Scanner,283.7,-25.34,9,0.7,Consumer,Standard Class
12/05/2023,West,Utah,Technology,Accessories,Kensington Keyboard,2439.93,459.51,10,0.7,Corporate,First Class
01/25/2023,West,California,Furniture,Furnishings,Tenex Chair Mat,1832.72,15.64,12,0.8,Consumer,First Class
08/21/2022,Central,Illinois,Office Supplies,Storage,Rubbermaid File Bin,314.58,99.94,11,0.3,Corporate,First Class
11/28/2022,East,New Jersey,Office Supplies,Paper,Boise Multi-Use Paper,130.59,-17.63,9,0.7,Home Office,Standard Class
07/28/2022,East,New Hampshire,Office Supplies,Labels,Kroy Label Tape,1537.71,501.27,14,0.15,Home Office,Standard Class
07/19/2022,West,Washington,Office Supplies,Paper,HP Premium Paper,291.81,8.58,6,0.8,Home Office,Standard Class
05/05/2022,Central,Texas,Office Supplies,Storage,Sterilite Storage Tote,193.74,40.5,4,0.1,Corporate,Second Class
03/31/2022,Central,Nebraska,Office Supplies,Art,Bic Pen Pack,2624.38,-514.29,13,0,Home Office,Same Day
05/09/2022,South,Georgia,Technology,Phones,Samsung Galaxy Charger,7681.22,-1007.82,10,0,Consumer,Second Class
03/13/2021,South,Tennessee,Furniture,Bookcases,O'Sullivan 5-Shelf Bookcase,10337.58,3110.35,12,0,Home Office,Same Day
02/06/2024,Central,Missouri,Furniture,Furnishings,Fellowes Monitor Stand,4828.83,-1176.29,12,0.5,Consumer,Second Class
04/30/2023,East,New York,Technology,Phones,Motorola Phone Stand,179.65,19.46,2,0.5,Consumer,Second Class
08/04/2022,South,Tennessee,Office Supplies,Supplies,Swingline Stapler,177.44,32.8,14,0.6,Corporate,Standard Class
04/29/2021,West,Utah,Office Supplies,Envelopes,Poly Mailer Bundle,257.92,60.64,2,0.15,Home Office,First Class
03/25/2023,East,Rhode Island,Office Supplies,Paper,HP Premium Paper,470.08,-110.08,9,0.4,Consumer,Same Day
05/27/2024,West,Oregon,Technology,Machines,HP LaserJet Printer,1015.11,-107.51,10,0.5,Corporate,First Class
03/16/2021,Central,Missouri,Furniture,Bookcases,Bush Wood Bookcase,1858.57,-136.85,12,0.8,Home Office,Same Day
05/02/2022,East,Maine,Technology,Phones,Motorola Phone Stand,2976.64,981.61,8,0.3,Home Office,Standard Class
02/06/2021,East,Pennsylvania,Technology,Machines,Epson Scanner,948.2,-205.54,1,0.1,Consumer,First Class
03/03/2023,South,Alabama,Technology,Phones,Apple iPhone Case,506.78,-29.28,3,0.7,Home Office,Second Class
12/30/2022,East,New Jersey,Furniture,Tables,Chromcraft Round Table,327.59,-45.85,1,0.3,Home Office,Standard Class
12/11/2023,South,Louisiana,Office Supplies,Binders,GBC Binding Cover,880.83,288.8,14,0.15,Consumer,Second Class
12/03/2022,Central,Kansas,Furniture,Furnishings,Tenex Chair Mat,1978.47,297.29,5,0.1,Home Office,Second Class
06/12/2024,South,Florida,Furniture,Chairs,Bush Mid-Back Chair,803.91,120.76,12,0,Corporate,Standard Class
08/09/2022,East,Rhode Island,Office Supplies,Art,Crayola Colored Pencils,2338.7,418.14,10,0,Corporate,First Class
09/07/2024,West,Utah,Technology,Copiers,Ricoh Office Copier,1952.12,401.54,5,0.5,Home Office,Same Day
04/01/2024,East,Rhode Island,Office Supplies,Binders,Wilson Jones Binder,499.97,-50.54,7,0.7,Corporate,Standard Class
12/25/2021,Central,Texas,Technology,Accessories,Kensington Keyboard,985.59,215.06,4,0,Consumer,First Class
06/28/2024,West,Utah,Office Supplies,Storage,Rubbermaid File Bin,2970.31,100.36,12,0,Corporate,Standard Class
03/19/2022,South,Alabama,Furniture,Furnishings,Tenex Chair Mat,2124.67,392.3,5,0.5,Home Office,Second Class
09/08/2024,Central,Nebraska,Office Supplies,Paper,HP Premium Paper,1883.89,637.81,9,0,Consumer,First Class
03/03/2021,South,Georgia,Furniture,Furnishings,Advantus Wall Clock,3397.35,706.18,9,0,Home Office,Second Class
12/07/2022,South,Virginia,Furniture,Furnishings,Fellowes Monitor Stand,176.54,43.7,7,0.7,Consumer,Same Day
12/19/2023,South,Georgia,Technology,Machines,HP LaserJet Printer,1017.88,309.74,6,0.6,Consumer,First Class
04/18/2024,West,Arizona,Office Supplies,Binders,GBC Binding Cover,2350.79,-204.19,13,0.15,Consumer,Standard Class
09/29/2024,West,Idaho,Furniture,Bookcases,Sauder Heritage Bookcase,2814.97,-43.9,14,0.5,Corporate,Standard Class
06/16/2021,East,Pennsylvania,Office Supplies,Paper,Xerox Copy Paper,2019.1,-99.13,11,0.1,Consumer,Standard Class
06/14/2021,East,Vermont,Technology,Phones,Motorola Phone Stand,1109.47,293.68,5,0.7,Corporate,Standard Class
08/07/2024,South,Alabama,Furniture,Chairs,Novimex Swivel Chair,307.46,57.8,7,0.7,Consumer,First Class
05/11/2024,Central,Texas,Office Supplies,Supplies,Tape Dispenser,147.89,26.41,5,0.3,Corporate,Second Class
12/07/2022,South,Alabama,Technology,Machines,HP LaserJet Printer,482.22,95.25,1,0.5,Corporate,Same Day
02/16/2021,South,Florida,Furniture,Bookcases,Bush Wood Bookcase,2147.87,-198.29,7,0.5,Consumer,Second Class
10/06/2022,West,Idaho,Furniture,Bookcases,Hon Metal Bookcase,1006.73,-129.29,6,0.8,Corporate,Standard Class
02/24/2022,South,Kentucky,Furniture,Furnishings,Eldon Desk Lamp,8633.36,-1751.22,14,0,Consumer,Standard Class
11/18/2023,South,Georgia,Furniture,Furnishings,Tenex Chair Mat,1200.97,56.98,11,0.2,Home Office,First Class
06/02/2021,South,Georgia,Furniture,Chairs,Novimex Swivel Chair,1546.16,-141.07,11,0.5,Consumer,Second Class
11/12/2023,Central,Texas,Furniture,Furnishings,Advantus Wall Clock,399.42,-31.61,1,0,Consumer,Second Class
03/27/2023,South,South Carolina,Technology,Accessories,Logitech Wireless Mouse,626.76,-103.38,8,0.5,Corporate,Same Day
08/01/2024,West,Oregon,Furniture,Bookcases,Hon Metal Bookcase,968.35,100.12,2,0.4,Consumer,Standard Class
03/18/2024,West,Arizona,Technology,Copiers,Xerox WorkCentre Copier,6403.83,286.79,9,0.2,Home Office,Same Day
11/22/2023,West,Utah,Furniture,Chairs,Global Deluxe Task Chair,929.62,-54.79,3,0.5,Consumer,First Class
12/10/2024,West,Idaho,Technology,Phones,OtterBox Phone Cover,4357.22,31.43,10,0.5,Home Office,Standard Class
10/14/2023,South,Louisiana,Technology,Phones,OtterBox Phone Cover,1781.88,417.96,4,0.3,Consumer,First Class
09/11/2024,East,Vermont,Technology,Machines,Canon imageCLASS Printer,3375.75,430.42,14,0,Corporate,Second Class
11/18/2022,East,Vermont,Technology,Accessories,Logitech Wireless Mouse,6082.34,985.63,9,0.4,Corporate,Second Class
03/14/2024,East,Rhode Island,Technology,Machines,Canon imageCLASS Printer,1666.57,552.22,3,0.2,Home Office,Standard Class
11/21/2021,Central,Michigan,Office Supplies,Labels,Avery Round Labels,639.05,146.36,3,0,Home Office,Second Class
08/20/2024,South,Mississippi,Technology,Accessories,SanDisk USB Drive,2709.41,-128.34,3,0.15,Home Office,Standard Class
03/15/2021,East,Connecticut,Office Supplies,Supplies,Tape Dispenser,401.29,-14.38,12,0.7,Consumer,Second Class
01/10/2024,South,Louisiana,Office Supplies,Supplies,X-Acto Cutting Mat,188.44,58.48,13,0.7,Corporate,First Class
10/11/2023,South,Georgia,Technology,Phones,OtterBox Phone Cover,3030.96,227.89,10,0.5,Home Office,Same Day
10/09/2023,South,North Carolina,Furniture,Tables,Bush Somerset Table,8587.98,595.01,12,0,Home Office,Standard Class
04/17/2021,South,North Carolina,Technology,Machines,Brother Fax Machine,10843.97,1606.45,12,0.15,Corporate,Same Day
03/04/2021,South,Mississippi,Office Supplies,Supplies,Scissors Set,480.08,139.16,11,0,Consumer,First Class
08/02/2023,Central,Wisconsin,Office Supplies,Binders,Cardinal Ring Binder,354.44,-13.54,10,0.3,Home Office,First Class
03/13/2023,West,Nevada,Technology,Machines,Brother Fax Machine,13148.88,-1752.21,14,0.1,Home Office,Standard Class
11/02/2024,Central,Missouri,Furniture,Tables,Bretford Conference Table,1621.04,335.39,11,0.2,Home Office,Same Day
04/07/2023,West,Colorado,Office Supplies,Binders,GBC Binding Cover,1956.12,-228.16,10,0.1,Home Office,First Class
01/27/2023,East,Massachusetts,Technology,Phones,OtterBox Phone Cover,6860.43,300.34,6,0,Corporate,Same Day
10/24/2024,Central,Texas,Technology,Accessories,Belkin Surge Protector,1242.37,-165.86,5,0.15,Home Office,Standard Class
04/07/2021,East,Pennsylvania,Office Supplies,Supplies,X-Acto Cutting Mat,417.18,-20.79,4,0.5,Consumer,First Class
09/22/2022,East,Pennsylvania,Office Supplies,Paper,Universal Legal Pad,119.72,-22.21,2,0.2,Corporate,Second Class
06/22/2024,East,Massachusetts,Technology,Machines,Brother Fax Machine,1642.9,423.09,4,0.3,Home Office,Standard Class
02/02/2021,West,Utah,Office Supplies,Envelopes,Kraft Envelope Pack,2025.36,-324.44,10,0.15,Home Office,Standard Class
07/25/2023,Central,Illinois,Furniture,Tables,Bush Somerset Table,1359.98,474.03,7,0.6,Home Office,Same Day
01/10/2023,East,New Jersey,Office Supplies,Storage,Sterilite Storage Tote,571.01,37.73,3,0.1,Corporate,Same Day
04/30/2021,West,Oregon,Office Supplies,Fasteners,Acco Binder Clips,306.23,69.02,6,0.6,Corporate,Same Day
12/17/2024,Central,Wisconsin,Furniture,Chairs,Novimex Swivel Chair,950.43,184.84,6,0.5,Home Office,First Class
12/30/2024,Central,Nebraska,Office Supplies,Envelopes,Security Envelopes,411.22,21.06,14,0.6,Corporate,Standard Class
01/13/2021,East,Vermont,Office Supplies,Storage,Iris Stackable Bin,40.67,-2.68,1,0,Home Office,Second Class
10/30/2022,West,Washington,Furniture,Chairs,Global Deluxe Task Chair,906.45,-223.58,14,0.2,Corporate,Same Day
10/28/2024,East,Rhode Island,Furniture,Furnishings,Tenex Chair Mat,487.68,127.13,2,0.15,Home Office,Same Day
10/21/2023,South,Mississippi,Technology,Copiers,Xerox WorkCentre Copier,3328.76,-388.63,14,0.8,Corporate,Same Day
01/21/2023,Central,Missouri,Furniture,Bookcases,Hon Metal Bookcase,6206.31,1068.79,14,0.5,Corporate,First Class
12/20/2024,West,Washington,Technology,Machines,HP LaserJet Printer,8031.1,-1090.19,9,0,Consumer,Second Class
07/02/2024,West,Oregon,Technology,Phones,Motorola Phone Stand,942.55,-231.05,2,0,Consumer,Second Class
02/07/2024,South,Virginia,Office Supplies,Binders,GBC Binding Cover,51.25,-7.74,8,0.2,Corporate,Same Day
09/11/2023,East,New Hampshire,Furniture,Chairs,Bush Mid-Back Chair,1594.24,532.44,8,0.2,Home Office,First Class
10/29/2022,South,North Carolina,Office Supplies,Binders,Avery Durable Binder,29.25,7.02,3,0.6,Home Office,Same Day
04/19/2021,South,Kentucky,Furniture,Bookcases,O'Sullivan 5-Shelf Bookcase,5868.85,1914.48,9,0,Home Office,Same Day
06/27/2023,West,Washington,Office Supplies,Paper,HP Premium Paper,474.81,145.04,13,0.8,Home Office,Second Class
03/26/2024,East,Maine,Furniture,Chairs,HON Executive Leather Chair,833.63,-2.36,10,0.6,Consumer,Standard Class
04/29/2022,South,Tennessee,Technology,Phones,Motorola Phone Stand,892.49,257.06,9,0.5,Corporate,First Class
07/01/2022,West,Montana,Furniture,Tables,Chromcraft Round Table,3152.88,431.2,7,0,Home Office,Same Day
02/10/2021,West,Oregon,Office Supplies,Labels,Avery File Labels,533.9,-52.14,10,0.2,Corporate,Standard Class
01/18/2022,West,Idaho,Technology,Copiers,Canon Copier,5449.66,-832.42,10,0,Corporate,Second Class
10/02/2023,South,Kentucky,Office Supplies,Art,Sharpie Marker Set,348.41,111.75,12,0.2,Home Office,Second Class
01/17/2023,West,Oregon,Furniture,Bookcases,Hon Metal Bookcase,1002.0,268.32,7,0.8,Home Office,Second Class
05/27/2024,West,California,Furniture,Tables,Lesro Reception Table,3114.72,190.54,13,0.7,Home Office,Same Day
01/14/2022,Central,Michigan,Technology,Accessories,SanDisk USB Drive,787.13,239.75,4,0.7,Consumer,Second Class
08/14/2024,East,Connecticut,Office Supplies,Paper,Universal Legal Pad,171.27,16.15,2,0.6,Consumer,Same Day
02/16/2021,East,Maine,Furniture,Chairs,Global Deluxe Task Chair,7614.91,-1138.52,13,0,Home Office,First Class
07/22/2022,East,Pennsylvania,Office Supplies,Paper,Universal Legal Pad,283.41,-61.21,11,0.8,Consumer,Standard Class
07/10/2021,South,Louisiana,Furniture,Chairs,Novimex Swivel Chair,1477.62,-326.48,10,0,Consumer,Second Class
04/20/2023,East,Massachusetts,Furniture,Bookcases,O'Sullivan 5-Shelf Bookcase,342.91,-62.03,8,0.7,Home Office,Standard Class
09/23/2021,East,Pennsylvania,Office Supplies,Fasteners,Staples Standard Staples,95.99,17.57,3,0,Corporate,Second Class
06/29/2024,Central,Kansas,Office Supplies,Paper,HP Premium Paper,132.23,-9.76,12,0.8,Consumer,Same Day
07/22/2023,South,Tennessee,Furniture,Bookcases,Hon Metal Bookcase,2421.9,523.1,11,0.7,Consumer,Second Class
02/16/2021,Central,Ohio,Furniture,Bookcases,Bush Wood Bookcase,4037.0,505.47,13,0.5,Consumer,First Class
02/09/2023,East,Maine,Furniture,Chairs,Bush Mid-Back Chair,2277.58,238.78,3,0,Home Office,First Class
09/27/2024,Central,Missouri,Furniture,Bookcases,Hon Metal Bookcase,1295.24,281.76,10,0.6,Home Office,Same Day
10/18/2021,East,Pennsylvania,Furniture,Furnishings,Eldon Desk Lamp,1768.49,-61.17,5,0.1,Corporate,First Class
06/16/2022,South,Virginia,Furniture,Chairs,Global Deluxe Task Chair,282.04,-66.17,2,0.8,Corporate,Standard Class
04/18/2022,South,Georgia,Office Supplies,Binders,Cardinal Ring Binder,383.0,-57.52,9,0.4,Home Office,Standard Class
04/25/2023,South,Georgia,Office Supplies,Fasteners,Staples Standard Staples,133.47,-10.83,4,0,Home Office,Standard Class
03/31/2022,Central,Minnesota,Office Supplies,Binders,Avery Durable Binder,520.51,-120.01,12,0.8,Consumer,Standard Class
01/25/2023,East,Maine,Office Supplies,Supplies,Tape Dispenser,931.06,-25.57,7,0.15,Home Office,First Class
05/30/2022,Central,Wisconsin,Office Supplies,Binders,GBC Binding Cover,287.53,67.87,8,0,Corporate,Same Day
11/20/2023,East,Pennsylvania,Furniture,Bookcases,Sauder Heritage Bookcase,404.71,94.56,2,0,Home Office,Same Day
07/04/2021,West,Washington,Office Supplies,Fasteners,Officemate Paper Clips,856.83,-192.29,8,0,Consumer,Standard Class
08/10/2021,Central,Iowa,Furniture,Chairs,Global Deluxe Task Chair,88.21,-17.58,6,0.8,Home Office,Standard Class
08/05/2023,South,Louisiana,Furniture,Chairs,Global Deluxe Task Chair,3372.65,1117.24,12,0.1,Corporate,First Class
12/25/2021,Central,Iowa,Office Supplies,Paper,Universal Legal Pad,20.3,-4.86,2,0.8,Corporate,Second Class
05/23/2023,Central,Kansas,Technology,Accessories,Belkin Surge Protector,6111.06,291.52,12,0.3,Consumer,Standard Class
11/17/2021,East,Maine,Furniture,Chairs,Novimex Swivel Chair,6983.2,1766.74,14,0.4,Corporate,Same Day
10/11/2021,West,Washington,Office Supplies,Art,Sharpie Marker Set,48.29,-10.4,12,0.4,Corporate,Same Day
07/07/2024,South,Alabama,Furniture,Tables,Chromcraft Round Table,6844.85,1554.21,10,0,Consumer,Same Day
02/10/2021,South,Louisiana,Furniture,Tables,Bretford Conference Table,904.22,-98.04,12,0.7,Home Office,Standard Class
09/29/2024,Central,Nebraska,Furniture,Tables,Bush Somerset Table,3583.99,-525.87,12,0,Corporate,Standard Class
08/01/2024,Central,Nebraska,Office Supplies,Fasteners,Acco Binder Clips,21.78,0.61,4,0.7,Corporate,Standard Class
04/22/2023,South,Alabama,Technology,Accessories,Logitech Wireless Mouse,1425.72,58.42,7,0,Consumer,Same Day
12/23/2021,South,Mississippi,Office Supplies,Paper,HP Premium Paper,1147.64,-141.66,13,0.2,Home Office,First Class
12/05/2021,East,New Hampshire,Furniture,Bookcases,Bush Wood Bookcase,299.92,-36.41,7,0.7,Consumer,Same Day
11/21/2021,West,Washington,Furniture,Furnishings,Eldon Desk Lamp,1980.5,254.48,11,0.7,Home Office,First Class
11/02/2024,East,Rhode Island,Furniture,Chairs,Bush Mid-Back Chair,2510.28,269.31,12,0.6,Home Office,Same Day
01/06/2024,West,Washington,Furniture,Furnishings,Eldon Desk Lamp,1450.25,-110.42,9,0.7,Home Office,Standard Class
01/01/2024,East,Rhode Island,Office Supplies,Labels,Avery Shipping Labels,569.83,11.84,3,0,Corporate,Second Class
01/10/2024,South,Kentucky,Office Supplies,Supplies,Scissors Set,610.03,-57.53,3,0,Consumer,Same Day
01/22/2022,South,Tennessee,Office Supplies,Art,Sharpie Marker Set,64.71,6.95,7,0.6,Consumer,Standard Class
05/13/2024,West,Montana,Office Supplies,Labels,Avery File Labels,1084.18,57.26,11,0.3,Corporate,Same Day
04/15/2022,South,Florida,Office Supplies,Storage,Sterilite Storage Tote,793.75,178.02,12,0,Home Office,Same Day
02/05/2024,East,Maine,Office Supplies,Storage,Rubbermaid File Bin,454.44,-36.14,11,0.1,Home Office,Second Class
04/04/2024,Central,Missouri,Office Supplies,Art,Bic Pen Pack,655.85,-7.28,13,0.7,Corporate,Standard Class
01/25/2024,South,Virginia,Technology,Copiers,Ricoh Office Copier,271.88,31.83,4,0.8,Consumer,First Class
06/29/2023,South,Kentucky,Office Supplies,Binders,Avery Durable Binder,141.09,-26.62,1,0,Consumer,Second Class
01/17/2024,Central,Nebraska,Furniture,Furnishings,Advantus Wall Clock,182.72,60.41,9,0,Consumer,First Class
06/12/2023,South,Kentucky,Technology,Machines,Canon imageCLASS Printer,1255.54,-199.88,3,0.15,Home Office,Same Day
09/07/2022,East,Vermont,Furniture,Bookcases,Sauder Heritage Bookcase,1617.96,-294.84,2,0.1,Home Office,Second Class
04/15/2023,Central,Nebraska,Technology,Machines,HP LaserJet Printer,503.3,91.51,2,0.1,Consumer,First Class
02/14/2024,West,Nevada,Furniture,Tables,Chromcraft Round Table,3352.82,730.43,9,0,Home Office,Standard Class
10/24/2021,West,Colorado,Office Supplies,Labels,Kroy Label Tape,774.19,5.69,5,0,Home Office,Standard Class
04/04/2023,West,Arizona,Office Supplies,Storage,Rubbermaid File Bin,1660.0,322.37,14,0,Home Office,Standard Class
04/01/2023,West,Arizona,Technology,Phones,Apple iPhone Case,800.75,-69.75,8,0.5,Corporate,First Class
06/28/2024,South,Kentucky,Furniture,Chairs,Bush Mid-Back Chair,1199.94,381.95,3,0.3,Home Office,Same Day
11/04/2023,West,Utah,Technology,Copiers,Sharp Digital Copier,1107.26,316.14,7,0.6,Consumer,First Class
08/15/2021,Central,Nebraska,Office Supplies,Envelopes,Kraft Envelope Pack,28.34,3.1,2,0.6,Consumer,Standard Class
12/21/2022,South,Tennessee,Furniture,Furnishings,Eldon Desk Lamp,875.09,3.05,2,0,Home Office,Standard Class
05/13/2023,West,Montana,Technology,Copiers,Xerox WorkCentre Copier,2757.37,484.23,6,0.1,Consumer,Standard Class
09/22/2023,Central,Minnesota,Office Supplies,Storage,Rubbermaid File Bin,8.14,1.17,1,0,Home Office,First Class
04/07/2021,West,Arizona,Technology,Accessories,Kensington Keyboard,4194.43,668.78,5,0.3,Corporate,Same Day
06/12/2023,South,Louisiana,Office Supplies,Storage,Sterilite Storage Tote,27.8,6.24,5,0,Corporate,First Class
01/06/2024,South,Tennessee,Office Supplies,Supplies,Swingline Stapler,45.5,14.64,1,0.6,Corporate,Second Class
09/25/2021,West,Montana,Technology,Phones,OtterBox Phone Cover,1062.28,-7.8,4,0.2,Corporate,Second Class
08/11/2021,West,Utah,Office Supplies,Labels,Avery Round Labels,178.15,20.48,7,0.7,Consumer,Standard Class
12/25/2021,East,Vermont,Furniture,Chairs,Global Deluxe Task Chair,457.26,94.75,3,0.15,Corporate,Same Day
10/10/2022,South,Louisiana,Office Supplies,Fasteners,Bostitch Push Pins,987.56,-185.47,10,0,Consumer,First Class
05/03/2021,East,Pennsylvania,Office Supplies,Labels,Kroy Label Tape,2.86,0.1,1,0.5,Home Office,Same Day
06/12/2021,South,Louisiana,Technology,Machines,HP LaserJet Printer,872.12,274.77,3,0.6,Corporate,Standard Class
12/03/2021,Central,Iowa,Furniture,Furnishings,Advantus Wall Clock,669.92,126.12,11,0.3,Consumer,Standard Class
12/02/2022,West,Montana,Office Supplies,Paper,Universal Legal Pad,245.67,25.36,4,0.3,Corporate,Standard Class
06/27/2022,South,Kentucky,Office Supplies,Binders,Wilson Jones Binder,709.39,-124.82,9,0,Home Office,Second Class
03/06/2021,Central,Wisconsin,Office Supplies,Labels,Avery Round Labels,501.33,71.03,11,0.3,Corporate,Same Day
10/14/2021,Central,Ohio,Furniture,Bookcases,Sauder Heritage Bookcase,3369.98,1148.61,4,0,Corporate,Same Day
05/13/2022,East,New Hampshire,Office Supplies,Fasteners,Bostitch Push Pins,1514.48,237.94,11,0.15,Consumer,Same Day
05/30/2021,West,California,Furniture,Furnishings,Tenex Chair Mat,4150.47,593.65,8,0.2,Consumer,Standard Class
07/25/2024,South,South Carolina,Furniture,Tables,Chromcraft Round Table,1440.88,499.41,4,0,Consumer,First Class
04/16/2022,West,Arizona,Technology,Machines,Brother Fax Machine,359.22,108.66,5,0,Home Office,Standard Class
11/20/2023,East,Vermont,Office Supplies,Supplies,Swingline Stapler,122.7,-17.99,2,0.3,Corporate,First Class
12/25/2023,Central,Wisconsin,Office Supplies,Fasteners,Staples Standard Staples,439.99,71.74,4,0.5,Corporate,Second Class
05/09/2022,South,Kentucky,Furniture,Bookcases,Bush Wood Bookcase,565.54,40.71,11,0.6,Home Office,First Class
11/15/2024,South,Mississippi,Technology,Copiers,Xerox WorkCentre Copier,3881.08,1324.11,10,0,Corporate,Second Class
06/04/2022,South,Georgia,Office Supplies,Supplies,X-Acto Cutting Mat,69.52,-13.65,7,0.1,Home Office,Same Day
02/15/2024,Central,Ohio,Office Supplies,Binders,GBC Binding Cover,1474.24,-224.61,11,0.1,Consumer,Second Class
03/14/2023,East,New Jersey,Furniture,Furnishings,Eldon Desk Lamp,11906.4,1070.97,14,0,Consumer,Standard Class
08/28/2021,West,Oregon,Furniture,Bookcases,Sauder Heritage Bookcase,222.42,63.03,1,0,Consumer,Standard Class
04/03/2021,South,Louisiana,Office Supplies,Fasteners,Staples Standard Staples,105.32,11.39,1,0.5,Home Office,Same Day
01/23/2022,South,Georgia,Furniture,Bookcases,Bush Wood Bookcase,3029.19,-232.47,6,0.3,Home Office,Second Class
04/22/2024,Central,Minnesota,Technology,Machines,Canon imageCLASS Printer,8548.36,-719.62,9,0,Home Office,Second Class
10/17/2024,West,Colorado,Office Supplies,Fasteners,Officemate Paper Clips,138.42,-18.11,13,0,Consumer,Same Day
11/06/2022,South,North Carolina,Furniture,Tables,Chromcraft Round Table,1697.7,425.2,12,0.6,Corporate,Standard Class
07/05/2022,East,Vermont,Office Supplies,Fasteners,Acco Binder Clips,10.47,1.45,2,0,Corporate,First Class
01/04/2021,East,Pennsylvania,Technology,Machines,Brother Fax Machine,5177.13,-981.88,13,0.4,Home Office,First Class
02/25/2024,South,Florida,Technology,Phones,Motorola Phone Stand,6235.85,492.26,13,0.1,Corporate,Second Class
03/07/2023,South,Kentucky,Technology,Copiers,Xerox WorkCentre Copier,5690.08,379.94,10,0.4,Home Office,Same Day
01/16/2023,East,New Hampshire,Technology,Copiers,Canon Copier,775.47,5.62,1,0.2,Corporate,Same Day
09/17/2021,East,New Hampshire,Office Supplies,Storage,Iris Stackable Bin,34.91,9.73,1,0,Corporate,Same Day
02/08/2024,West,Utah,Furniture,Tables,Bretford Conference Table,9656.17,3266.1,14,0,Home Office,First Class
11/12/2023,West,Washington,Office Supplies,Envelopes,Security Envelopes,697.33,16.84,6,0,Home Office,Standard Class
06/02/2021,West,Idaho,Office Supplies,Fasteners,Bostitch Push Pins,168.9,42.37,2,0.5,Home Office,Second Class
06/12/2023,Central,Illinois,Technology,Copiers,Xerox WorkCentre Copier,1101.9,123.3,5,0,Corporate,First Class
06/30/2022,East,New Hampshire,Furniture,Tables,Chromcraft Round Table,2233.53,-93.88,3,0,Corporate,First Class
01/06/2021,South,Florida,Office Supplies,Fasteners,Bostitch Push Pins,207.77,53.34,14,0.6,Corporate,Same Day
07/18/2024,East,New York,Technology,Phones,Apple iPhone Case,7009.69,2026.4,7,0.1,Corporate,First Class
07/25/2022,East,New Hampshire,Furniture,Chairs,HON Executive Leather Chair,7499.97,388.94,14,0.4,Home Office,First Class
12/02/2023,Central,Texas,Furniture,Bookcases,O'Sullivan 5-Shelf Bookcase,994.6,162.43,11,0.5,Home Office,Same Day
03/09/2023,West,Washington,Furniture,Furnishings,Eldon Desk Lamp,183.58,-38.64,9,0.2,Corporate,Standard Class
06/04/2024,East,Pennsylvania,Technology,Accessories,Logitech Wireless Mouse,1919.72,-354.14,3,0.4,Home Office,Standard Class
01/13/2023,Central,Ohio,Office Supplies,Art,Newell Highlighters,36.49,3.35,4,0.4,Consumer,Standard Class
10/25/2024,East,New Hampshire,Furniture,Furnishings,Advantus Wall Clock,862.14,-82.89,1,0,Home Office,Standard Class
04/10/2022,Central,Kansas,Technology,Accessories,SanDisk USB Drive,759.7,68.75,13,0.7,Corporate,Same Day
07/26/2022,West,Utah,Office Supplies,Binders,Wilson Jones Binder,836.22,158.57,8,0,Home Office,Second Class
05/25/2021,South,South Carolina,Office Supplies,Art,Sharpie Marker Set,71.75,-11.32,1,0.15,Home Office,Same Day
03/13/2022,West,Oregon,Furniture,Furnishings,Advantus Wall Clock,875.55,-84.39,13,0.8,Consumer,First Class
07/14/2022,West,Utah,Technology,Phones,OtterBox Phone Cover,475.86,3.6,9,0.3,Consumer,Second Class
12/29/2021,Central,Wisconsin,Technology,Machines,Brother Fax Machine,2579.43,874.01,6,0.1,Home Office,First Class
11/16/2022,South,North Carolina,Technology,Phones,Motorola Phone Stand,591.05,180.98,1,0.4,Home Office,Standard Class
06/13/2021,South,Tennessee,Office Supplies,Envelopes,Security Envelopes,174.49,15.48,6,0.3,Home Office,Standard Class
03/29/2021,East,Rhode Island,Office Supplies,Envelopes,Kraft Envelope Pack,421.34,79.37,8,0.7,Home Office,Standard Class
11/06/2023,West,Washington,Furniture,Bookcases,O'Sullivan 5-Shelf Bookcase,3842.33,622.48,7,0,Consumer,First Class
11/07/2024,Central,Iowa,Technology,Copiers,Canon Copier,2721.39,-641.5,12,0,Home Office,First Class
01/02/2021,West,Colorado,Office Supplies,Art,Sharpie Marker Set,21.32,0.27,2,0.7,Corporate,First Class
06/11/2021,East,New York,Furniture,Furnishings,Eldon Desk Lamp,1900.74,508.82,6,0,Consumer,First Class
06/17/2023,Central,Iowa,Technology,Accessories,Logitech Wireless Mouse,5741.79,260.61,5,0,Corporate,Second Class
12/21/2024,West,Idaho,Technology,Phones,Motorola Phone Stand,3929.59,535.79,12,0.6,Consumer,Standard Class
09/15/2022,East,New York,Office Supplies,Labels,Avery File Labels,13.07,2.14,13,0.8,Home Office,Standard Class
03/16/2022,East,Connecticut,Office Supplies,Binders,Avery Durable Binder,893.25,151.17,7,0,Corporate,Standard Class
09/01/2024,East,Rhode Island,Office Supplies,Art,Sharpie Marker Set,371.8,-54.08,6,0.6,Home Office,First Class
04/04/2021,Central,Michigan,Office Supplies,Envelopes,Poly Mailer Bundle,82.0,-17.58,6,0.3,Corporate,Standard Class
05/31/2021,East,Vermont,Technology,Copiers,Canon Copier,5474.96,199.84,9,0.3,Consumer,Second Class
09/18/2024,South,Kentucky,Office Supplies,Binders,GBC Binding Cover,339.8,-22.41,4,0.6,Home Office,First Class
07/28/2023,West,California,Furniture,Furnishings,Fellowes Monitor Stand,2198.51,-539.01,7,0,Consumer,First Class
10/04/2022,East,Pennsylvania,Office Supplies,Paper,Universal Legal Pad,1124.57,-157.23,5,0,Consumer,Same Day
09/16/2024,Central,Ohio,Technology,Phones,Samsung Galaxy Charger,1883.09,-223.52,10,0.8,Consumer,First Class
03/16/2024,Central,Illinois,Furniture,Bookcases,Sauder Heritage Bookcase,242.29,0.74,1,0.7,Home Office,Standard Class
05/13/2022,Central,Michigan,Furniture,Furnishings,Advantus Wall Clock,800.03,-144.01,1,0,Corporate,Same Day
10/21/2024,South,South Carolina,Furniture,Bookcases,Bush Wood Bookcase,1130.37,311.84,6,0.4,Home Office,Same Day
04/30/2024,Central,Nebraska,Furniture,Bookcases,Hon Metal Bookcase,3352.98,-211.2,12,0.6,Corporate,Standard Class
11/22/2024,West,Nevada,Office Supplies,Binders,Avery Durable Binder,168.79,10.53,3,0.4,Consumer,First Class
07/01/2023,South,Louisiana,Furniture,Chairs,Global Deluxe Task Chair,1450.03,369.92,2,0,Consumer,Standard Class
08/18/2024,West,Nevada,Office Supplies,Binders,Avery Durable Binder,946.08,-139.5,13,0.6,Corporate,Standard Class
06/08/2023,South,Florida,Technology,Accessories,Logitech Wireless Mouse,1237.33,-152.36,2,0,Corporate,First Class
12/09/2021,East,Maine,Technology,Copiers,Ricoh Office Copier,336.5,28.13,12,0.8,Consumer,Standard Class
01/27/2024,Central,Michigan,Office Supplies,Paper,Xerox Copy Paper,660.14,36.38,7,0.6,Home Office,Same Day
04/20/2021,West,Montana,Office Supplies,Envelopes,Security Envelopes,2737.53,-457.55,11,0,Home Office,Same Day
06/13/2024,West,California,Furniture,Chairs,HON Executive Leather Chair,330.41,101.1,5,0.5,Consumer,Second Class
07/25/2022,West,California,Office Supplies,Art,Crayola Colored Pencils,1117.91,210.93,8,0.15,Home Office,Standard Class
10/10/2024,East,Vermont,Office Supplies,Paper,Xerox Copy Paper,94.54,-22.89,3,0.8,Consumer,Second Class
09/26/2021,East,Connecticut,Technology,Machines,HP LaserJet Printer,326.11,-11.25,3,0.8,Consumer,Standard Class
09/25/2021,West,Colorado,Technology,Machines,Canon imageCLASS Printer,4670.79,1316.24,9,0,Corporate,First Class
05/03/2024,South,South Carolina,Furniture,Bookcases,Bush Wood Bookcase,1013.01,-36.96,4,0.4,Home Office,Standard Class
05/10/2024,West,Oregon,Furniture,Bookcases,Hon Metal Bookcase,869.01,206.63,2,0.3,Home Office,Standard Class
04/07/2024,South,Virginia,Office Supplies,Storage,Iris Stackable Bin,336.64,106.54,12,0.5,Consumer,First Class
03/14/2023,West,Montana,Office Supplies,Art,Bic Pen Pack,428.21,98.86,3,0,Consumer,Standard Class
04/12/2023,South,Louisiana,Furniture,Bookcases,Bush Wood Bookcase,6282.56,3.84,9,0.2,Corporate,Same Day
06/22/2021,East,Vermont,Furniture,Furnishings,Tenex Chair Mat,3638.4,-119.23,10,0.5,Consumer,First Class
06/03/2023,Central,Wisconsin,Office Supplies,Storage,Rubbermaid File Bin,1082.62,122.11,7,0.1,Consumer,Second Class
12/09/2021,South,Tennessee,Furniture,Tables,Lesro Reception Table,964.36,-143.34,8,0.1,Consumer,Same Day
03/20/2022,East,Pennsylvania,Office Supplies,Binders,Wilson Jones Binder,1520.02,458.71,13,0.3,Home Office,First Class
10/22/2024,Central,Wisconsin,Technology,Machines,Canon imageCLASS Printer,3484.76,1125.49,9,0.5,Home Office,Same Day
12/27/2024,East,Vermont,Furniture,Chairs,Bush Mid-Back Chair,329.21,52.55,2,0.7,Corporate,Second Class
07/31/2022,West,Montana,Office Supplies,Paper,HP Premium Paper,1779.7,267.0,8,0,Corporate,Second Class
11/13/2024,West,Nevada,Office Supplies,Paper,Xerox Copy Paper,86.06,21.57,4,0,Home Office,Same Day
08/15/2023,South,Florida,Office Supplies,Labels,Avery Shipping Labels,256.93,42.11,13,0.8,Home Office,First Class
07/25/2024,South,Tennessee,Office Supplies,Fasteners,Officemate Paper Clips,493.57,-52.34,6,0.1,Corporate,Same Day
06/02/2023,Central,Missouri,Office Supplies,Fasteners,Staples Standard Staples,113.44,-16.31,4,0.15,Corporate,First Class
06/20/2024,East,Rhode Island,Technology,Phones,Motorola Phone Stand,331.05,-14.89,5,0.5,Corporate,Second Class
09/11/2022,Central,Minnesota,Technology,Copiers,Ricoh Office Copier,2037.98,534.09,14,0.4,Consumer,Standard Class
04/20/2024,South,Virginia,Furniture,Chairs,Bush Mid-Back Chair,305.66,-53.94,2,0.15,Corporate,Standard Class
11/19/2021,Central,Kansas,Technology,Machines,HP LaserJet Printer,2675.17,-160.4,7,0,Corporate,Second Class
09/09/2024,East,New Hampshire,Technology,Copiers,Xerox WorkCentre Copier,2296.53,750.12,13,0.4,Home Office,Standard Class
12/24/2023,East,Rhode Island,Technology,Phones,OtterBox Phone Cover,12388.44,-2040.96,14,0.2,Consumer,Standard Class
10/14/2022,Central,Kansas,Office Supplies,Art,Crayola Colored Pencils,248.3,82.36,3,0.1,Corporate,Second Class
10/25/2024,South,Kentucky,Office Supplies,Labels,Avery Shipping Labels,414.21,-75.61,11,0.7,Consumer,Second Class
04/01/2022,East,Rhode Island,Office Supplies,Envelopes,Poly Mailer Bundle,548.81,52.9,8,0.4,Corporate,First Class
08/17/2021,South,South Carolina,Furniture,Furnishings,Eldon Desk Lamp,2941.1,-652.97,5,0,Home Office,First Class
01/23/2023,West,Idaho,Technology,Phones,Apple iPhone Case,1147.32,390.61,6,0.7,Consumer,Standard Class
05/15/2021,West,Idaho,Technology,Machines,HP LaserJet Printer,2020.76,298.14,5,0,Consumer,Standard Class
03/20/2024,South,Florida,Technology,Accessories,Kensington Keyboard,11160.12,-1332.85,12,0,Corporate,Standard Class
02/10/2022,South,North Carolina,Furniture,Chairs,Global Deluxe Task Chair,908.21,159.4,7,0.6,Home Office,Same Day
05/20/2022,West,California,Technology,Machines,Epson Scanner,5228.34,1724.39,6,0,Corporate,Second Class
04/10/2022,West,Oregon,Furniture,Chairs,Novimex Swivel Chair,899.0,56.93,12,0.6,Home Office,Second Class
12/27/2022,East,Connecticut,Office Supplies,Supplies,X-Acto Cutting Mat,232.82,1.42,4,0,Home Office,First Class
02/03/2024,East,New Hampshire,Office Supplies,Art,Newell Highlighters,1030.72,-17.05,8,0,Corporate,Standard Class
01/29/2021,West,Nevada,Office Supplies,Storage,Fellowes Storage Box,325.45,-61.88,8,0,Home Office,Second Class
12/30/2023,West,Washington,Office Supplies,Fasteners,Officemate Paper Clips,2323.82,86.18,14,0.15,Corporate,Same Day
11/15/2024,Central,Ohio,Furniture,Chairs,HON Executive Leather Chair,2574.03,776.81,3,0,Home Office,Standard Class
02/22/2024,East,Connecticut,Office Supplies,Binders,Wilson Jones Binder,313.25,56.51,11,0.8,Home Office,Second Class
01/10/2022,West,Colorado,Office Supplies,Storage,Rubbermaid File Bin,1390.14,-66.0,14,0.6,Corporate,Standard Class
05/17/2021,South,South Carolina,Technology,Copiers,Xerox WorkCentre Copier,689.83,-149.52,14,0.7,Corporate,Same Day
10/02/2024,Central,Illinois,Furniture,Bookcases,O'Sullivan 5-Shelf Bookcase,4179.38,1336.84,6,0.1,Consumer,First Class
03/01/2023,West,California,Technology,Phones,Samsung Galaxy Charger,1687.32,93.19,3,0.3,Corporate,Same Day
05/10/2021,West,Idaho,Technology,Accessories,Belkin Surge Protector,424.7,15.16,6,0.8,Corporate,First Class
01/25/2023,Central,Nebraska,Furniture,Chairs,Global Deluxe Task Chair,1232.1,-110.15,2,0.3,Consumer,First Class
03/26/2024,Central,Missouri,Office Supplies,Storage,Fellowes Storage Box,1250.94,-153.98,12,0.3,Corporate,Same Day
01/02/2021,South,Tennessee,Furniture,Bookcases,O'Sullivan 5-Shelf Bookcase,467.75,-69.58,13,0,Consumer,Standard Class
11/03/2021,East,New Hampshire,Furniture,Chairs,Global Deluxe Task Chair,4239.52,394.04,5,0,Home Office,Same Day
03/16/2021,South,Louisiana,Technology,Copiers,Ricoh Office Copier,2926.21,-601.29,10,0.5,Corporate,Same Day
06/16/2023,South,South Carolina,Furniture,Chairs,HON Executive Leather Chair,4727.46,-1101.54,11,0.3,Corporate,Same Day
02/20/2022,South,Tennessee,Furniture,Chairs,Bush Mid-Back Chair,80.55,17.07,2,0.6,Corporate,First Class
04/23/2022,West,California,Technology,Accessories,Kensington Keyboard,166.89,-29.6,2,0,Consumer,First Class
08/03/2022,East,Maine,Office Supplies,Fasteners,Officemate Paper Clips,345.33,104.63,10,0.7,Corporate,Standard Class
03/22/2023,East,New York,Furniture,Furnishings,Fellowes Monitor Stand,2122.39,440.42,5,0.15,Corporate,Same Day
07/02/2021,Central,Nebraska,Office Supplies,Supplies,Swingline Stapler,615.15,-25.51,7,0.1,Home Office,Standard Class
05/16/2022,Central,Minnesota,Furniture,Bookcases,O'Sullivan 5-Shelf Bookcase,3048.71,98.03,6,0.2,Consumer,Same Day
06/23/2023,Central,Nebraska,Office Supplies,Binders,Cardinal Ring Binder,441.84,39.44,2,0,Corporate,Second Class
11/23/2024,South,South Carolina,Office Supplies,Paper,Xerox Copy Paper,282.13,-69.19,6,0.6,Corporate,First Class
04/27/2023,East,New Jersey,Technology,Machines,Epson Scanner,5237.92,-571.65,11,0.1,Consumer,First Class
12/16/2022,Central,Kansas,Technology,Accessories,Belkin Surge Protector,2797.3,-283.06,5,0.3,Corporate,First Class
09/18/2022,Central,Michigan,Office Supplies,Labels,Avery Round Labels,1000.89,307.07,10,0,Home Office,Second Class
04/09/2022,West,Arizona,Office Supplies,Supplies,Swingline Stapler,1865.87,-171.14,10,0.15,Home Office,Second Class
09/20/2021,West,Nevada,Furniture,Tables,Lesro Reception Table,879.57,273.64,10,0.8,Home Office,First Class
03/15/2024,East,Massachusetts,Furniture,Bookcases,Sauder Heritage Bookcase,590.88,-86.27,8,0,Corporate,Standard Class
08/11/2022,South,Tennessee,Office Supplies,Envelopes,Poly Mailer Bundle,432.35,-11.96,11,0.8,Corporate,Second Class
09/11/2022,West,California,Furniture,Bookcases,Sauder Heritage Bookcase,801.79,-54.01,5,0.6,Consumer,Second Class
08/07/2021,West,California,Furniture,Chairs,Bush Mid-Back Chair,598.67,160.6,3,0,Corporate,Same Day
11/09/2022,Central,Kansas,Technology,Copiers,Xerox WorkCentre Copier,6118.12,1552.47,10,0.2,Consumer,Same Day
02/06/2024,East,Massachusetts,Furniture,Tables,Chromcraft Round Table,1117.12,-59.93,5,0.1,Corporate,Second Class
02/24/2022,East,Pennsylvania,Furniture,Tables,Bretford Conference Table,938.17,-5.22,5,0,Home Office,Second Class
08/23/2022,East,Massachusetts,Furniture,Tables,Lesro Reception Table,963.36,138.35,3,0.15,Consumer,First Class
01/12/2024,West,Idaho,Technology,Copiers,Ricoh Office Copier,955.13,214.79,14,0,Home Office,First Class
09/01/2024,West,Arizona,Office Supplies,Storage,Iris Stackable Bin,99.8,4.23,2,0.7,Corporate,Standard Class
03/02/2022,South,Virginia,Furniture,Bookcases,Bush Wood Bookcase,800.04,-90.38,14,0.2,Corporate,Standard Class
03/12/2023,West,Oregon,Technology,Accessories,Belkin Surge Protector,3328.16,-159.54,6,0,Consumer,Second Class
01/20/2021,West,Oregon,Technology,Machines,HP LaserJet Printer,561.89,-5.19,3,0,Consumer,Second Class
02/09/2022,West,California,Furniture,Bookcases,Hon Metal Bookcase,1512.81,-316.73,5,0.3,Home Office,Standard Class
05/25/2023,South,Louisiana,Office Supplies,Storage,Rubbermaid File Bin,275.76,-11.46,3,0.4,Corporate,Second Class
04/25/2021,East,New Jersey,Office Supplies,Envelopes,Poly Mailer Bundle,455.48,86.92,2,0,Home Office,First Class
07/09/2022,South,North Carolina,Furniture,Bookcases,Hon Metal Bookcase,732.8,54.31,12,0,Corporate,Standard Class
09/17/2024,East,Pennsylvania,Office Supplies,Binders,GBC Binding Cover,969.58,270.17,13,0,Consumer,Same Day
09/03/2023,South,Virginia,Technology,Copiers,Canon Copier,2766.89,-158.63,11,0.7,Corporate,Same Day
01/07/2023,East,New Jersey,Office Supplies,Storage,Rubbermaid File Bin,321.16,87.82,11,0.5,Corporate,Second Class
11/15/2021,South,North Carolina,Office Supplies,Art,Sharpie Marker Set,28.67,9.27,6,0.6,Home Office,First Class
11/05/2023,South,Alabama,Technology,Accessories,SanDisk USB Drive,485.99,-49.36,12,0.8,Consumer,Second Class
09/24/2021,South,Mississippi,Furniture,Chairs,Global Deluxe Task Chair,1763.61,-314.74,2,0,Corporate,Standard Class
10/03/2024,West,Colorado,Technology,Copiers,Canon Copier,1236.5,331.1,2,0.4,Corporate,First Class
08/01/2021,East,Massachusetts,Technology,Machines,Brother Fax Machine,3008.73,501.46,10,0.6,Consumer,First Class
10/19/2021,East,New Hampshire,Furniture,Chairs,HON Executive Leather Chair,3800.3,-380.55,8,0.3,Home Office,Same Day
11/03/2021,West,Oregon,Furniture,Tables,Chromcraft Round Table,1051.8,-25.11,3,0,Corporate,First Class
02/19/2022,South,South Carolina,Furniture,Bookcases,Hon Metal Bookcase,1214.64,335.64,5,0.15,Consumer,First Class
07/09/2022,South,Kentucky,Technology,Accessories,Logitech Wireless Mouse,7769.55,-1894.26,8,0,Corporate,Same Day
10/28/2024,Central,Illinois,Technology,Accessories,Kensington Keyboard,1589.44,272.1,8,0.4,Consumer,Same Day
04/23/2022,South,South Carolina,Furniture,Tables,Lesro Reception Table,2090.34,102.02,5,0,Corporate,Second Class
05/07/2023,West,Colorado,Technology,Machines,Canon imageCLASS Printer,614.14,-122.69,2,0.3,Home Office,Second Class
04/28/2024,East,Maine,Technology,Machines,HP LaserJet Printer,567.31,172.71,5,0,Corporate,Second Class
09/23/2024,East,New Jersey,Technology,Accessories,SanDisk USB Drive,2402.89,27.72,12,0.6,Corporate,Second Class
03/29/2021,South,North Carolina,Technology,Accessories,Kensington Keyboard,582.7,86.21,7,0.3,Home Office,Standard Class
04/02/2022,Central,Illinois,Furniture,Chairs,Global Deluxe Task Chair,3789.77,-855.47,11,0.5,Corporate,Second Class
11/07/2021,West,Washington,Technology,Phones,Samsung Galaxy Charger,1890.14,-50.53,2,0,Corporate,Standard Class
01/03/2024,Central,Kansas,Furniture,Furnishings,Fellowes Monitor Stand,1580.32,-387.08,8,0.3,Home Office,Standard Class
09/26/2022,Central,Wisconsin,Technology,Phones,OtterBox Phone Cover,5047.45,778.48,5,0,Consumer,Same Day
05/16/2022,West,Montana,Office Supplies,Supplies,Tape Dispenser,1468.92,316.64,14,0.2,Corporate,Same Day
05/05/2024,Central,Missouri,Technology,Accessories,Logitech Wireless Mouse,253.8,-18.35,7,0.8,Consumer,Standard Class
01/31/2022,West,Utah,Furniture,Chairs,Global Deluxe Task Chair,866.89,-183.45,3,0,Corporate,Second Class
09/22/2023,Central,Kansas,Furniture,Bookcases,Bush Wood Bookcase,2519.23,428.3,9,0.6,Consumer,Standard Class
04/19/2024,South,Mississippi,Office Supplies,Binders,Cardinal Ring Binder,976.95,-81.47,10,0.6,Home Office,Standard Class
01/31/2024,West,Montana,Technology,Machines,Canon imageCLASS Printer,286.63,2.64,1,0,Corporate,Standard Class
02/07/2022,West,California,Furniture,Bookcases,Bush Wood Bookcase,5934.39,-795.0,12,0,Corporate,Second Class
01/03/2022,East,New York,Office Supplies,Storage,Sterilite Storage Tote,998.11,288.94,5,0.1,Home Office,Standard Class
06/15/2024,Central,Kansas,Technology,Machines,Epson Scanner,846.61,178.11,3,0.7,Consumer,Standard Class
07/26/2023,South,Alabama,Technology,Copiers,Xerox WorkCentre Copier,10212.64,2703.05,13,0.3,Consumer,Second Class
06/20/2021,South,South Carolina,Furniture,Furnishings,Fellowes Monitor Stand,4167.36,1166.71,9,0.2,Home Office,Same Day
06/08/2023,West,Utah,Office Supplies,Art,Sharpie Marker Set,1846.35,-341.21,9,0.15,Consumer,Second Class
05/31/2024,West,Montana,Furniture,Chairs,HON Executive Leather Chair,1836.79,476.63,3,0,Home Office,Second Class
10/29/2022,Central,Ohio,Office Supplies,Art,Bic Pen Pack,564.87,-134.51,12,0.8,Corporate,Same Day
07/12/2024,South,Georgia,Technology,Phones,OtterBox Phone Cover,9560.26,-1431.85,12,0.2,Home Office,Standard Class
05/27/2024,Central,Michigan,Furniture,Chairs,Novimex Swivel Chair,687.49,206.89,8,0.3,Home Office,Standard Class
12/18/2022,Central,Nebraska,Office Supplies,Paper,Boise Multi-Use Paper,304.87,47.36,11,0.4,Home Office,Second Class
12/16/2021,South,Alabama,Office Supplies,Fasteners,Acco Binder Clips,1156.3,-223.72,10,0.2,Corporate,Same Day
10/30/2022,West,Arizona,Technology,Machines,Brother Fax Machine,558.74,6.2,4,0.6,Home Office,Standard Class
07/04/2022,South,Virginia,Furniture,Bookcases,O'Sullivan 5-Shelf Bookcase,960.91,115.7,11,0.4,Corporate,First Class
02/14/2021,East,New Hampshire,Technology,Copiers,Ricoh Office Copier,6095.68,653.29,9,0,Corporate,Same Day
07/19/2022,Central,Kansas,Office Supplies,Labels,Kroy Label Tape,50.0,5.75,2,0.5,Home Office,First Class
07/28/2023,East,Vermont,Office Supplies,Paper,Boise Multi-Use Paper,235.32,-2.54,9,0.7,Home Office,Standard Class
08/17/2022,South,Virginia,Technology,Phones,Motorola Phone Stand,5742.19,-861.33,6,0,Home Office,Same Day
12/02/2021,East,Maine,Furniture,Bookcases,Sauder Heritage Bookcase,6060.87,-1373.09,7,0,Corporate,First Class
12/31/2023,East,New York,Technology,Machines,Brother Fax Machine,5349.36,-1002.34,14,0.15,Consumer,Standard Class
09/27/2024,West,California,Office Supplies,Supplies,Swingline Stapler,970.65,117.75,14,0.5,Home Office,Same Day
04/30/2022,Central,Illinois,Technology,Accessories,Belkin Surge Protector,1112.78,20.3,1,0,Corporate,Standard Class
03/11/2023,East,New York,Furniture,Bookcases,Bush Wood Bookcase,1462.12,153.97,13,0.7,Home Office,First Class
07/18/2021,West,California,Office Supplies,Fasteners,Officemate Paper Clips,1470.93,-198.65,9,0.15,Corporate,First Class
02/09/2021,South,Louisiana,Technology,Phones,OtterBox Phone Cover,7161.65,-1094.32,11,0,Home Office,Standard Class
02/02/2023,East,Pennsylvania,Technology,Machines,Epson Scanner,1028.38,-89.64,12,0,Corporate,First Class
09/19/2023,Central,Ohio,Technology,Phones,OtterBox Phone Cover,646.87,2.05,5,0.7,Corporate,First Class
09/16/2021,West,Arizona,Furniture,Furnishings,Tenex Chair Mat,1313.51,153.38,2,0.2,Corporate,Same Day
01/06/2022,West,Colorado,Office Supplies,Binders,GBC Binding Cover,3.17,-0.34,2,0.6,Home Office,First Class
09/11/2023,South,Florida,Office Supplies,Supplies,Swingline Stapler,810.47,130.36,7,0.15,Corporate,First Class
04/20/2022,West,Utah,Office Supplies,Binders,Avery Durable Binder,644.03,27.99,9,0.1,Consumer,Second Class
07/28/2021,Central,Minnesota,Technology,Accessories,Kensington Keyboard,599.89,173.78,3,0.8,Consumer,Standard Class
05/20/2021,West,Utah,Furniture,Chairs,Global Deluxe Task Chair,1644.55,357.33,12,0.4,Consumer,Same Day
06/18/2024,South,North Carolina,Office Supplies,Labels,Avery File Labels,244.81,37.96,6,0.5,Home Office,First Class
10/27/2024,West,Oregon,Technology,Accessories,Kensington Keyboard,2169.81,576.15,14,0.2,Consumer,Same Day
06/13/2024,East,Rhode Island,Office Supplies,Supplies,Swingline Stapler,22.21,-1.08,2,0.4,Consumer,Standard Class
07/07/2023,Central,Wisconsin,Technology,Phones,Motorola Phone Stand,2346.11,-262.31,8,0.15,Corporate,Second Class
08/18/2021,Central,Ohio,Office Supplies,Supplies,Swingline Stapler,264.87,26.05,14,0.4,Home Office,Same Day
11/14/2022,West,Arizona,Office Supplies,Paper,Xerox Copy Paper,308.68,-71.56,4,0.4,Consumer,Standard Class
05/06/2022,West,Utah,Furniture,Bookcases,Hon Metal Bookcase,2010.23,222.18,14,0.7,Consumer,Same Day
12/24/2022,East,Rhode Island,Office Supplies,Binders,Avery Durable Binder,1573.26,55.27,13,0,Consumer,First Class
01/07/2022,South,North Carolina,Office Supplies,Art,Crayola Colored Pencils,208.19,-1.01,2,0.4,Home Office,Second Class
11/15/2023,Central,Michigan,Office Supplies,Storage,Fellowes Storage Box,903.48,145.76,10,0,Consumer,First Class
06/26/2023,Central,Missouri,Office Supplies,Art,Bic Pen Pack,1961.5,206.93,12,0.3,Corporate,Standard Class
04/18/2024,Central,Michigan,Furniture,Furnishings,Tenex Chair Mat,984.47,-23.98,10,0.6,Corporate,First Class
08/18/2021,Central,Texas,Technology,Phones,Apple iPhone Case,363.41,-16.65,1,0.5,Consumer,Standard Class
01/12/2024,West,Colorado,Furniture,Bookcases,Sauder Heritage Bookcase,4227.6,-320.01,10,0.3,Corporate,Second Class
04/08/2024,Central,Missouri,Office Supplies,Labels,Kroy Label Tape,159.6,47.32,6,0.4,Corporate,Same Day
04/28/2024,Central,Nebraska,Office Supplies,Binders,Avery Durable Binder,37.58,0.55,1,0,Home Office,Same Day
06/17/2021,East,New Jersey,Office Supplies,Paper,Universal Legal Pad,1853.64,371.41,8,0,Home Office,First Class
05/22/2023,Central,Minnesota,Furniture,Tables,Bush Somerset Table,3842.43,-58.67,8,0,Home Office,Standard Class
03/06/2022,East,New Jersey,Technology,Machines,Canon imageCLASS Printer,1934.15,20.6,9,0.5,Home Office,Standard Class
07/18/2022,East,Massachusetts,Technology,Copiers,Canon Copier,103.89,25.21,6,0.6,Home Office,Second Class
10/09/2022,East,New Hampshire,Office Supplies,Storage,Sterilite Storage Tote,323.46,98.58,3,0.5,Home Office,Second Class
08/10/2023,West,Colorado,Furniture,Tables,Bretford Conference Table,8358.55,1265.16,12,0,Consumer,Second Class
03/24/2024,South,Florida,Technology,Phones,Apple iPhone Case,197.42,-19.91,4,0.6,Home Office,Second Class
09/06/2021,South,Virginia,Furniture,Tables,Chromcraft Round Table,316.32,29.85,4,0.8,Home Office,First Class
08/04/2022,East,Rhode Island,Technology,Phones,Apple iPhone Case,6352.82,-447.23,6,0,Home Office,Same Day
02/26/2022,West,Utah,Furniture,Tables,Lesro Reception Table,701.08,9.76,7,0.3,Consumer,First Class
05/11/2022,South,Mississippi,Furniture,Chairs,Bush Mid-Back Chair,380.18,-93.42,13,0.6,Corporate,First Class
09/25/2024,South,Georgia,Office Supplies,Labels,Kroy Label Tape,653.46,174.12,4,0,Corporate,Second Class
08/25/2021,South,Mississippi,Furniture,Tables,Chromcraft Round Table,385.5,-5.5,2,0.3,Home Office,Standard Class
01/08/2022,West,Montana,Furniture,Furnishings,Fellowes Monitor Stand,6181.03,474.84,8,0,Corporate,Same Day
12/29/2021,South,Florida,Office Supplies,Paper,Boise Multi-Use Paper,861.05,-83.58,9,0,Consumer,Same Day
07/23/2024,East,New York,Furniture,Furnishings,Advantus Wall Clock,1571.72,378.6,4,0.2,Corporate,Same Day
01/22/2022,Central,Texas,Office Supplies,Art,Newell Highlighters,756.92,-127.75,11,0.5,Consumer,Standard Class
05/15/2023,Central,Ohio,Office Supplies,Fasteners,Bostitch Push Pins,327.52,-30.14,3,0.5,Corporate,First Class
03/09/2022,South,Georgia,Technology,Machines,Brother Fax Machine,204.7,46.75,1,0.6,Corporate,Same Day
12/21/2021,South,Virginia,Technology,Phones,Samsung Galaxy Charger,4154.99,-345.15,9,0.5,Home Office,Same Day
11/05/2022,Central,Minnesota,Office Supplies,Art,Sharpie Marker Set,402.13,-67.77,9,0.8,Corporate,Standard Class
02/07/2024,South,Virginia,Furniture,Bookcases,O'Sullivan 5-Shelf Bookcase,6427.58,1314.67,9,0,Corporate,Standard Class
02/25/2022,West,Arizona,Furniture,Bookcases,O'Sullivan 5-Shelf Bookcase,2214.03,439.37,9,0.4,Home Office,Second Class
07/10/2023,West,Nevada,Office Supplies,Labels,Kroy Label Tape,21.58,3.89,1,0.15,Home Office,Standard Class
01/17/2022,East,Maine,Furniture,Furnishings,Eldon Desk Lamp,3315.51,-135.24,9,0,Consumer,Standard Class
06/24/2021,Central,Illinois,Technology,Machines,HP LaserJet Printer,8772.69,-318.8,10,0,Corporate,Second Class
04/26/2021,East,Connecticut,Office Supplies,Art,Newell Highlighters,299.27,31.41,12,0.8,Home Office,First Class
05/07/2022,East,Massachusetts,Furniture,Tables,Chromcraft Round Table,4102.4,-879.15,14,0.5,Corporate,First Class
02/27/2021,East,New Jersey,Furniture,Tables,Lesro Reception Table,1334.27,46.43,10,0.8,Home Office,Same Day
12/30/2021,Central,Nebraska,Office Supplies,Paper,HP Premium Paper,1487.88,379.69,6,0,Consumer,Second Class
05/09/2023,Central,Texas,Office Supplies,Paper,HP Premium Paper,268.65,33.07,2,0,Consumer,Second Class
11/09/2024,Central,Missouri,Technology,Copiers,Canon Copier,559.47,-135.84,7,0.1,Home Office,Same Day
03/07/2021,South,North Carolina,Furniture,Chairs,Global Deluxe Task Chair,5647.21,-610.65,10,0.2,Corporate,Second Class
01/21/2021,East,Maine,Furniture,Furnishings,Eldon Desk Lamp,1579.32,-98.24,6,0.4,Consumer,Standard Class
02/23/2021,South,South Carolina,Furniture,Tables,Bretford Conference Table,1639.91,44.09,13,0.4,Consumer,Standard Class
02/23/2022,South,North Carolina,Furniture,Bookcases,Sauder Heritage Bookcase,3265.96,639.95,9,0.3,Corporate,Standard Class
02/21/2021,South,Louisiana,Furniture,Chairs,Global Deluxe Task Chair,3295.86,999.4,13,0.15,Corporate,Same Day
08/29/2023,East,New Hampshire,Furniture,Chairs,Global Deluxe Task Chair,5882.99,-389.24,14,0,Corporate,Standard Class
01/12/2022,West,Nevada,Office Supplies,Labels,Avery File Labels,150.15,-1.74,6,0,Consumer,First Class
10/18/2021,West,Nevada,Technology,Accessories,Logitech Wireless Mouse,3184.55,318.47,12,0.7,Corporate,Same Day
10/13/2024,South,North Carolina,Office Supplies,Storage,Iris Stackable Bin,338.32,-12.9,3,0.3,Consumer,Second Class
05/19/2024,West,Idaho,Office Supplies,Art,Bic Pen Pack,2149.25,-506.23,14,0.15,Home Office,Second Class
08/18/2021,Central,Minnesota,Technology,Accessories,SanDisk USB Drive,1286.27,-239.53,7,0,Home Office,Standard Class
05/31/2023,Central,Kansas,Technology,Phones,Samsung Galaxy Charger,7511.11,1290.94,9,0.3,Home Office,Same Day
09/17/2021,Central,Iowa,Technology,Copiers,Ricoh Office Copier,1137.27,-244.2,4,0.4,Consumer,First Class
06/17/2023,Central,Iowa,Office Supplies,Storage,Iris Stackable Bin,589.08,-115.96,14,0.7,Home Office,Standard Class
06/15/2023,East,New Hampshire,Office Supplies,Binders,Avery Durable Binder,72.44,6.72,5,0,Home Office,Second Class
10/30/2022,South,Mississippi,Technology,Machines,HP LaserJet Printer,2251.44,125.89,4,0.15,Corporate,Same Day
03/21/2024,East,Rhode Island,Furniture,Bookcases,Hon Metal Bookcase,1892.1,17.06,9,0.3,Consumer,Standard Class
11/06/2024,West,Washington,Furniture,Chairs,Novimex Swivel Chair,9387.28,-323.22,12,0,Corporate,Standard Class
02/07/2021,West,Nevada,Furniture,Bookcases,Sauder Heritage Bookcase,1582.54,357.6,9,0.5,Home Office,Same Day
01/07/2021,South,South Carolina,Technology,Phones,Apple iPhone Case,3145.2,682.15,9,0.5,Consumer,Standard Class
04/02/2024,Central,Illinois,Office Supplies,Storage,Fellowes Storage Box,1362.93,275.01,14,0,Home Office,Second Class
07/25/2023,West,Oregon,Technology,Copiers,Xerox WorkCentre Copier,3925.0,1244.39,12,0.6,Home Office,Same Day
01/18/2024,East,Vermont,Furniture,Tables,Chromcraft Round Table,11895.33,3211.27,14,0,Home Office,Same Day
04/14/2021,South,Virginia,Office Supplies,Paper,Xerox Copy Paper,81.74,27.26,1,0.6,Home Office,First Class
05/16/2022,West,Nevada,Office Supplies,Art,Newell Highlighters,1860.27,119.12,8,0,Consumer,First Class
11/07/2022,East,Rhode Island,Technology,Accessories,SanDisk USB Drive,8264.69,2708.44,9,0,Corporate,Second Class
05/21/2021,East,Massachusetts,Technology,Accessories,Logitech Wireless Mouse,2208.67,-235.21,6,0.1,Corporate,Same Day
08/04/2022,East,New Hampshire,Office Supplies,Fasteners,Officemate Paper Clips,139.58,-1.03,10,0.8,Corporate,Second Class
08/11/2024,East,Pennsylvania,Furniture,Chairs,Bush Mid-Back Chair,8794.8,1528.57,12,0,Home Office,Standard Class
05/06/2024,West,Oregon,Technology,Machines,Epson Scanner,12848.18,-2061.17,13,0.15,Corporate,Second Class
06/21/2022,East,Rhode Island,Office Supplies,Art,Bic Pen Pack,2173.43,66.38,12,0.2,Corporate,Second Class
07/20/2023,South,Virginia,Furniture,Chairs,Bush Mid-Back Chair,279.3,-43.1,1,0,Consumer,Second Class
05/23/2021,Central,Illinois,Technology,Phones,OtterBox Phone Cover,10449.7,3497.85,11,0,Corporate,Standard Class
08/10/2023,Central,Missouri,Furniture,Bookcases,Sauder Heritage Bookcase,2127.76,-194.26,10,0,Corporate,Standard Class
07/28/2023,East,Pennsylvania,Furniture,Chairs,HON Executive Leather Chair,197.93,54.9,2,0,Consumer,Second Class
09/14/2021,West,Utah,Furniture,Tables,Bretford Conference Table,244.77,77.81,1,0.7,Home Office,First Class
10/28/2022,East,New Hampshire,Technology,Copiers,Ricoh Office Copier,878.99,177.87,4,0.8,Corporate,Same Day
06/20/2023,East,Connecticut,Technology,Machines,HP LaserJet Printer,6470.05,-453.5,7,0.1,Consumer,Standard Class
10/20/2023,East,Maine,Furniture,Bookcases,Bush Wood Bookcase,1734.54,589.43,12,0.8,Home Office,First Class
02/18/2024,South,North Carolina,Office Supplies,Paper,Boise Multi-Use Paper,866.67,-3.55,7,0,Consumer,Second Class
09/30/2024,Central,Illinois,Technology,Machines,Epson Scanner,1176.18,-291.37,3,0.3,Corporate,Same Day
09/24/2021,South,Tennessee,Technology,Copiers,Xerox WorkCentre Copier,5744.9,705.71,5,0,Corporate,Same Day
08/15/2023,South,Kentucky,Office Supplies,Labels,Kroy Label Tape,2327.82,225.59,14,0,Home Office,Second Class
11/12/2023,Central,Texas,Furniture,Furnishings,Eldon Desk Lamp,1294.38,447.92,5,0.5,Consumer,Second Class
04/20/2021,West,Colorado,Office Supplies,Paper,Boise Multi-Use Paper,105.98,20.49,5,0.8,Corporate,Second Class
06/02/2022,East,New Jersey,Furniture,Tables,Lesro Reception Table,1362.13,-206.8,10,0.8,Corporate,Second Class
08/09/2024,East,Vermont,Technology,Accessories,SanDisk USB Drive,12973.88,-2456.67,14,0,Home Office,Same Day
08/08/2023,West,Montana,Technology,Phones,Samsung Galaxy Charger,4131.58,30.66,4,0,Corporate,Second Class
12/18/2023,Central,Nebraska,Office Supplies,Binders,Avery Durable Binder,1128.36,2.1,9,0.15,Consumer,Same Day
07/26/2021,South,Virginia,Furniture,Tables,Bretford Conference Table,100.18,23.95,1,0,Corporate,First Class
03/02/2021,West,Arizona,Furniture,Chairs,HON Executive Leather Chair,149.31,-9.47,2,0.8,Home Office,Same Day
08/07/2024,East,Massachusetts,Office Supplies,Binders,Avery Durable Binder,682.45,233.72,14,0.5,Consumer,Second Class
06/14/2021,East,Massachusetts,Furniture,Furnishings,Eldon Desk Lamp,82.52,-19.98,2,0.15,Corporate,Same Day
04/22/2024,East,Massachusetts,Furniture,Furnishings,Eldon Desk Lamp,5800.17,480.63,14,0.4,Consumer,Standard Class
07/21/2021,South,North Carolina,Office Supplies,Storage,Sterilite Storage Tote,217.96,73.43,10,0.7,Corporate,First Class
02/26/2022,Central,Texas,Technology,Phones,Apple iPhone Case,1865.25,126.96,8,0.2,Home Office,Standard Class
08/24/2023,East,New Hampshire,Furniture,Furnishings,Eldon Desk Lamp,984.41,-212.89,3,0.4,Consumer,Same Day
02/06/2024,East,Vermont,Furniture,Furnishings,Eldon Desk Lamp,706.44,84.31,12,0.5,Consumer,Second Class
09/05/2021,West,Utah,Office Supplies,Supplies,Tape Dispenser,990.8,250.18,9,0.1,Consumer,Same Day
08/11/2022,South,Kentucky,Furniture,Bookcases,Hon Metal Bookcase,5515.99,991.72,9,0,Corporate,First Class
08/26/2024,South,Kentucky,Furniture,Bookcases,Hon Metal Bookcase,1175.93,-157.0,5,0.7,Consumer,Second Class
04/13/2024,South,North Carolina,Furniture,Bookcases,O'Sullivan 5-Shelf Bookcase,385.12,80.12,1,0.3,Home Office,First Class
03/08/2023,South,Virginia,Office Supplies,Supplies,Scissors Set,1335.33,-48.2,13,0.4,Corporate,Standard Class
10/22/2022,West,Colorado,Technology,Machines,Canon imageCLASS Printer,33.01,-0.2,1,0.8,Corporate,Second Class
03/22/2022,South,Georgia,Furniture,Furnishings,Eldon Desk Lamp,194.72,61.26,4,0.2,Home Office,First Class
03/29/2024,West,Arizona,Furniture,Bookcases,Hon Metal Bookcase,1266.86,-94.13,3,0.15,Consumer,Second Class
05/15/2024,East,New York,Office Supplies,Art,Bic Pen Pack,2650.49,-159.46,13,0,Consumer,Standard Class
09/03/2023,West,Washington,Office Supplies,Art,Bic Pen Pack,1837.3,328.11,12,0.2,Corporate,First Class
09/27/2022,South,South Carolina,Furniture,Tables,Bush Somerset Table,920.3,-50.15,9,0,Consumer,First Class
11/02/2023,South,Alabama,Office Supplies,Binders,Cardinal Ring Binder,1104.52,290.84,14,0.6,Consumer,First Class
08/16/2021,South,South Carolina,Technology,Accessories,SanDisk USB Drive,1397.1,410.05,3,0.5,Corporate,First Class
11/04/2023,East,New Jersey,Furniture,Tables,Lesro Reception Table,542.09,-85.18,2,0.2,Home Office,Standard Class
11/11/2021,South,North Carolina,Furniture,Furnishings,Eldon Desk Lamp,1712.39,330.3,5,0.15,Corporate,First Class
01/04/2023,South,Louisiana,Office Supplies,Binders,Avery Durable Binder,32.68,0.86,2,0.4,Consumer,Same Day
12/25/2023,East,Maine,Office Supplies,Labels,Kroy Label Tape,1201.13,220.52,11,0.1,Consumer,Standard Class
01/16/2022,South,Tennessee,Office Supplies,Paper,Xerox Copy Paper,1398.7,355.72,8,0.15,Home Office,First Class
02/27/2024,South,North Carolina,Office Supplies,Storage,Iris Stackable Bin,159.29,32.02,3,0.2,Home Office,Same Day
07/08/2023,West,Idaho,Furniture,Tables,Bretford Conference Table,1178.9,-287.45,7,0.3,Home Office,Same Day
11/24/2022,West,Oregon,Office Supplies,Art,Sharpie Marker Set,110.42,33.4,4,0.8,Corporate,Same Day
12/20/2023,West,Colorado,Technology,Machines,HP LaserJet Printer,867.47,30.46,7,0.8,Consumer,Same Day
12/28/2021,East,Connecticut,Technology,Copiers,Xerox WorkCentre Copier,84.3,-2.33,1,0.8,Consumer,First Class
02/14/2022,East,Maine,Furniture,Chairs,Novimex Swivel Chair,4711.97,1527.6,10,0.3,Corporate,Same Day
10/28/2024,South,Virginia,Furniture,Tables,Bush Somerset Table,666.75,13.43,11,0.8,Home Office,Same Day
06/06/2022,South,Louisiana,Technology,Accessories,SanDisk USB Drive,2152.77,219.62,3,0.3,Consumer,Second Class
04/05/2023,Central,Ohio,Furniture,Furnishings,Tenex Chair Mat,5049.46,-637.52,12,0,Consumer,Second Class
06/03/2021,West,Oregon,Office Supplies,Art,Newell Highlighters,1746.13,245.77,14,0.4,Corporate,Same Day
04/28/2021,East,New Hampshire,Furniture,Furnishings,Tenex Chair Mat,1753.64,490.71,13,0.15,Corporate,Standard Class
03/08/2021,Central,Wisconsin,Technology,Copiers,Xerox WorkCentre Copier,6778.78,1703.69,6,0,Home Office,Standard Class
04/27/2023,West,Oregon,Furniture,Bookcases,Hon Metal Bookcase,161.22,56.13,10,0.5,Corporate,Second Class
05/15/2023,South,Virginia,Office Supplies,Art,Newell Highlighters,1956.16,39.8,9,0,Consumer,Second Class
12/03/2022,East,Vermont,Furniture,Furnishings,Eldon Desk Lamp,9332.39,-702.51,11,0,Consumer,Second Class
07/27/2022,West,Utah,Office Supplies,Binders,Wilson Jones Binder,161.06,-29.33,7,0.6,Corporate,Second Class
01/11/2024,Central,Iowa,Office Supplies,Paper,Xerox Copy Paper,16.1,-0.18,4,0.6,Corporate,First Class
12/02/2024,East,New Jersey,Office Supplies,Envelopes,Kraft Envelope Pack,1665.57,-191.67,10,0.1,Corporate,Second Class
03/18/2024,South,North Carolina,Technology,Phones,Samsung Galaxy Charger,405.98,57.38,2,0.3,Corporate,Same Day
03/21/2023,East,New Jersey,Office Supplies,Fasteners,Acco Binder Clips,1816.03,40.26,11,0.2,Consumer,First Class
06/30/2024,Central,Michigan,Technology,Copiers,Sharp Digital Copier,2577.85,-608.28,12,0.7,Home Office,Standard Class
01/15/2023,South,Virginia,Furniture,Furnishings,Fellowes Monitor Stand,6960.67,-1649.54,13,0.3,Consumer,Standard Class
01/17/2022,East,New Jersey,Technology,Phones,Samsung Galaxy Charger,14141.64,3054.28,13,0,Corporate,Second Class
12/22/2021,East,Connecticut,Office Supplies,Storage,Iris Stackable Bin,574.48,-58.39,3,0.2,Consumer,Standard Class
11/12/2021,West,Nevada,Office Supplies,Art,Newell Highlighters,2357.22,549.74,13,0.2,Corporate,Standard Class
10/30/2024,East,Massachusetts,Office Supplies,Labels,Avery Shipping Labels,192.71,18.99,1,0.1,Home Office,First Class
08/27/2022,West,Nevada,Furniture,Chairs,HON Executive Leather Chair,4621.94,-702.87,14,0.1,Corporate,Second Class
09/08/2021,East,Rhode Island,Furniture,Tables,Bush Somerset Table,1739.97,-340.55,3,0.15,Home Office,Standard Class
06/06/2024,South,Tennessee,Technology,Copiers,Sharp Digital Copier,746.64,-161.37,10,0.6,Consumer,Second Class
07/31/2023,South,Alabama,Furniture,Bookcases,O'Sullivan 5-Shelf Bookcase,694.18,-106.88,5,0.6,Consumer,Same Day
07/07/2023,West,Arizona,Technology,Phones,Samsung Galaxy Charger,2840.64,-543.49,6,0.6,Consumer,Second Class
09/14/2023,South,Louisiana,Furniture,Chairs,Global Deluxe Task Chair,3541.54,-613.16,6,0.1,Corporate,First Class
02/24/2023,South,Tennessee,Furniture,Furnishings,Advantus Wall Clock,1274.15,362.13,2,0,Corporate,Standard Class
09/13/2024,South,South Carolina,Furniture,Bookcases,Hon Metal Bookcase,4884.6,-296.77,12,0.5,Consumer,First Class
12/26/2022,East,Massachusetts,Furniture,Bookcases,Sauder Heritage Bookcase,8390.01,-312.31,12,0.1,Corporate,Standard Class
04/06/2024,Central,Michigan,Technology,Machines,Canon imageCLASS Printer,4184.73,626.51,11,0,Consumer,Same Day
08/13/2023,South,Mississippi,Office Supplies,Binders,Wilson Jones Binder,948.42,184.7,10,0,Consumer,Second Class
07/10/2024,East,Rhode Island,Technology,Machines,Brother Fax Machine,1583.26,489.33,13,0.7,Consumer,Second Class
03/26/2021,East,Connecticut,Technology,Copiers,Ricoh Office Copier,3241.71,803.0,7,0.4,Consumer,Second Class
07/15/2021,West,Oregon,Technology,Copiers,Sharp Digital Copier,2719.26,-409.09,6,0.6,Corporate,First Class
12/16/2023,South,Virginia,Furniture,Tables,Chromcraft Round Table,6074.98,454.96,9,0.1,Corporate,Same Day
11/07/2023,South,North Carolina,Office Supplies,Binders,Avery Durable Binder,425.6,61.74,5,0.3,Consumer,First Class
06/14/2021,Central,Michigan,Technology,Accessories,SanDisk USB Drive,2539.65,211.48,13,0.6,Consumer,Second Class
09/21/2024,Central,Texas,Furniture,Chairs,Bush Mid-Back Chair,1292.39,361.55,11,0.3,Corporate,Same Day
01/05/2022,West,Montana,Office Supplies,Paper,Boise Multi-Use Paper,269.27,85.48,11,0,Consumer,Second Class
01/28/2021,Central,Illinois,Office Supplies,Binders,Avery Durable Binder,328.94,-4.39,10,0.8,Home Office,Same Day
06/22/2022,East,New Jersey,Office Supplies,Fasteners,Staples Standard Staples,2322.34,-507.27,14,0.2,Home Office,First Class
08/07/2022,South,South Carolina,Furniture,Bookcases,O'Sullivan 5-Shelf Bookcase,401.63,-44.6,11,0,Consumer,Standard Class
01/09/2024,East,Massachusetts,Furniture,Tables,Bush Somerset Table,1383.33,-98.59,10,0,Corporate,Standard Class
05/10/2023,East,Massachusetts,Office Supplies,Storage,Fellowes Storage Box,18.8,0.78,1,0.5,Consumer,First Class
04/23/2021,South,Virginia,Office Supplies,Art,Bic Pen Pack,1219.88,-18.84,8,0.3,Consumer,First Class
08/07/2023,East,New York,Technology,Accessories,Kensington Keyboard,938.28,-183.83,3,0.1,Corporate,Second Class
08/23/2021,West,Washington,Furniture,Chairs,Novimex Swivel Chair,253.33,30.48,1,0.7,Corporate,Standard Class
03/08/2023,South,Virginia,Furniture,Chairs,Global Deluxe Task Chair,4140.88,-320.41,6,0.15,Home Office,Second Class
12/08/2023,South,North Carolina,Office Supplies,Supplies,Tape Dispenser,856.27,245.39,6,0.4,Consumer,Same Day
07/01/2024,West,Arizona,Technology,Accessories,Kensington Keyboard,900.66,211.94,1,0.15,Corporate,First Class
06/27/2021,Central,Illinois,Technology,Copiers,Canon Copier,6342.63,563.09,14,0.4,Consumer,First Class
07/01/2023,West,California,Furniture,Tables,Bush Somerset Table,2970.39,-603.99,5,0.15,Corporate,Second Class
02/07/2022,West,Arizona,Office Supplies,Fasteners,Officemate Paper Clips,907.23,17.4,9,0.3,Consumer,Second Class
02/15/2023,Central,Wisconsin,Technology,Accessories,Kensington Keyboard,7267.19,659.08,14,0,Corporate,Same Day
05/10/2021,West,Nevada,Technology,Copiers,Sharp Digital Copier,12932.98,-3208.31,11,0,Corporate,Second Class
07/07/2021,Central,Minnesota,Office Supplies,Labels,Avery File Labels,99.5,-5.69,7,0.8,Home Office,Standard Class
10/08/2024,East,Massachusetts,Office Supplies,Art,Crayola Colored Pencils,543.0,140.02,7,0,Home Office,Same Day
07/19/2022,East,Connecticut,Furniture,Furnishings,Advantus Wall Clock,156.2,29.15,4,0.4,Consumer,Same Day
09/27/2021,Central,Missouri,Office Supplies,Fasteners,Acco Binder Clips,1457.18,-10.96,11,0.3,Consumer,First Class
05/03/2021,Central,Illinois,Technology,Accessories,Logitech Wireless Mouse,1055.15,176.7,3,0.4,Home Office,Standard Class
11/29/2024,East,Rhode Island,Office Supplies,Envelopes,Kraft Envelope Pack,505.52,44.11,8,0.7,Consumer,First Class
11/23/2022,West,Colorado,Office Supplies,Fasteners,Staples Standard Staples,159.35,2.63,1,0.1,Corporate,Second Class
09/25/2024,West,California,Office Supplies,Supplies,Tape Dispenser,818.88,26.7,4,0,Consumer,Second Class
03/22/2024,West,Oregon,Office Supplies,Fasteners,Acco Binder Clips,1818.32,215.63,11,0.15,Home Office,Same Day
03/05/2023,South,Tennessee,Furniture,Tables,Bretford Conference Table,3772.25,-480.55,8,0.1,Home Office,Second Class
02/14/2021,South,Alabama,Furniture,Tables,Chromcraft Round Table,2437.62,225.73,14,0.7,Consumer,Standard Class
01/22/2024,South,Florida,Office Supplies,Fasteners,Staples Standard Staples,1679.06,26.31,14,0.3,Corporate,Same Day
11/30/2021,West,Oregon,Furniture,Bookcases,O'Sullivan 5-Shelf Bookcase,2426.27,-584.98,10,0.7,Consumer,Second Class
02/25/2024,East,Rhode Island,Furniture,Furnishings,Eldon Desk Lamp,1340.09,441.51,3,0.3,Consumer,Second Class
09/23/2022,South,Georgia,Office Supplies,Storage,Rubbermaid File Bin,378.77,38.78,10,0.15,Consumer,Standard Class
10/13/2024,West,Montana,Technology,Machines,Canon imageCLASS Printer,13460.15,-922.13,13,0.1,Home Office,Standard Class
02/24/2021,East,Connecticut,Office Supplies,Fasteners,Acco Binder Clips,130.34,15.66,7,0.6,Home Office,Same Day
07/11/2022,West,California,Office Supplies,Labels,Avery File Labels,456.58,89.26,4,0.5,Corporate,Second Class
01/09/2024,East,New Jersey,Technology,Phones,OtterBox Phone Cover,814.28,216.61,2,0.3,Consumer,Same Day
12/05/2022,South,Virginia,Technology,Machines,Canon imageCLASS Printer,3896.65,792.43,11,0.5,Consumer,Standard Class
11/04/2022,South,Virginia,Technology,Machines,Canon imageCLASS Printer,1016.27,218.32,1,0.1,Consumer,Same Day
07/03/2023,East,New Jersey,Office Supplies,Labels,Avery Round Labels,8.74,1.11,1,0.1,Consumer,Standard Class
05/15/2024,South,North Carolina,Office Supplies,Binders,GBC Binding Cover,157.9,42.96,7,0.5,Corporate,First Class
10/29/2021,Central,Texas,Technology,Phones,OtterBox Phone Cover,3608.69,1189.3,9,0.5,Home Office,Second Class
01/11/2024,South,Virginia,Furniture,Bookcases,O'Sullivan 5-Shelf Bookcase,591.23,95.34,1,0.3,Home Office,Same Day
09/29/2021,East,New Jersey,Office Supplies,Fasteners,Acco Binder Clips,5.1,-0.87,1,0.5,Consumer,Second Class
02/03/2022,East,New Hampshire,Furniture,Chairs,Novimex Swivel Chair,2495.87,-297.0,11,0.15,Home Office,Same Day
06/16/2021,West,Arizona,Office Supplies,Supplies,Scissors Set,553.42,-40.32,3,0,Home Office,Second Class
04/16/2023,Central,Ohio,Technology,Accessories,Kensington Keyboard,7151.13,2240.25,10,0,Consumer,Second Class
02/04/2024,South,Tennessee,Furniture,Bookcases,Hon Metal Bookcase,834.37,203.38,5,0.6,Home Office,Standard Class
09/28/2021,West,Utah,Technology,Copiers,Canon Copier,3463.86,-204.55,13,0.15,Home Office,First Class
06/08/2022,East,Maine,Office Supplies,Paper,Universal Legal Pad,1580.2,377.81,9,0,Corporate,First Class
09/01/2021,East,Massachusetts,Office Supplies,Labels,Avery File Labels,172.02,60.01,6,0.8,Consumer,First Class
09/18/2021,Central,Missouri,Office Supplies,Binders,GBC Binding Cover,32.29,-0.26,4,0.3,Corporate,Same Day
04/05/2024,Central,Nebraska,Furniture,Chairs,Bush Mid-Back Chair,1477.21,488.48,5,0.6,Home Office,Second Class
01/13/2022,West,California,Office Supplies,Binders,Cardinal Ring Binder,297.76,-51.43,3,0.3,Corporate,Same Day
01/23/2022,South,Georgia,Office Supplies,Fasteners,Bostitch Push Pins,644.06,66.99,6,0.3,Home Office,Second Class
02/13/2024,West,Nevada,Office Supplies,Supplies,Tape Dispenser,961.79,19.78,9,0.4,Consumer,First Class
06/06/2022,South,Florida,Office Supplies,Art,Sharpie Marker Set,127.05,40.47,9,0,Corporate,Second Class
11/13/2021,East,Maine,Furniture,Chairs,Global Deluxe Task Chair,60.19,-14.89,3,0.3,Consumer,First Class
10/28/2021,Central,Texas,Technology,Copiers,Ricoh Office Copier,4914.12,1554.52,14,0.6,Corporate,Second Class
09/08/2022,East,Connecticut,Technology,Phones,Samsung Galaxy Charger,537.65,127.38,2,0,Corporate,First Class
04/26/2024,West,Montana,Office Supplies,Binders,Avery Durable Binder,549.13,-29.47,10,0.5,Home Office,Same Day
01/24/2021,Central,Ohio,Technology,Machines,Brother Fax Machine,2794.7,389.52,6,0.6,Consumer,Second Class
05/24/2023,West,Colorado,Furniture,Bookcases,O'Sullivan 5-Shelf Bookcase,2378.1,-448.55,7,0.6,Corporate,Same Day
12/30/2023,West,Montana,Furniture,Tables,Lesro Reception Table,284.86,41.4,3,0,Consumer,Standard Class
12/14/2023,South,Mississippi,Office Supplies,Fasteners,Staples Standard Staples,236.98,9.05,7,0.6,Home Office,First Class
06/12/2022,East,Connecticut,Furniture,Tables,Lesro Reception Table,65.51,-7.51,2,0.8,Consumer,Second Class
01/27/2021,South,Mississippi,Office Supplies,Fasteners,Staples Standard Staples,74.14,-9.8,1,0.4,Consumer,Standard Class
06/26/2021,South,Tennessee,Furniture,Chairs,Novimex Swivel Chair,3589.97,-511.2,13,0.6,Consumer,Second Class
11/23/2023,Central,Nebraska,Technology,Phones,Samsung Galaxy Charger,1984.76,-448.18,8,0.1,Corporate,Second Class
02/01/2024,Central,Wisconsin,Office Supplies,Supplies,Swingline Stapler,1953.73,89.93,10,0,Consumer,Same Day
01/11/2021,South,North Carolina,Furniture,Tables,Bretford Conference Table,2764.18,-564.64,12,0.4,Home Office,Standard Class
09/17/2023,South,Florida,Technology,Accessories,Logitech Wireless Mouse,12467.37,-1871.66,12,0.1,Home Office,First Class
06/08/2022,East,Connecticut,Office Supplies,Fasteners,Bostitch Push Pins,81.54,6.93,1,0.6,Corporate,Standard Class
10/20/2022,Central,Minnesota,Technology,Phones,Apple iPhone Case,2812.9,509.1,14,0.4,Home Office,Same Day
04/07/2021,Central,Michigan,Technology,Phones,OtterBox Phone Cover,6539.76,-1624.37,11,0.4,Corporate,Standard Class
10/01/2022,West,California,Technology,Accessories,SanDisk USB Drive,353.26,-84.42,2,0.5,Consumer,Second Class
04/20/2024,West,Washington,Technology,Phones,Samsung Galaxy Charger,4555.36,958.03,7,0.3,Home Office,Standard Class
07/10/2024,West,Montana,Office Supplies,Fasteners,Officemate Paper Clips,17.32,0.29,12,0.8,Home Office,Standard Class
07/05/2021,West,Utah,Office Supplies,Binders,Wilson Jones Binder,1033.09,181.39,7,0.15,Consumer,Second Class
02/14/2022,West,Colorado,Technology,Copiers,Xerox WorkCentre Copier,663.96,20.62,1,0.1,Corporate,Standard Class
03/29/2021,East,Vermont,Office Supplies,Storage,Rubbermaid File Bin,121.75,19.2,10,0,Consumer,Standard Class
10/26/2024,Central,Michigan,Furniture,Bookcases,Hon Metal Bookcase,10268.52,-234.7,14,0,Consumer,First Class
11/30/2021,Central,Kansas,Office Supplies,Storage,Sterilite Storage Tote,562.02,81.43,13,0.3,Consumer,Same Day
02/07/2021,East,Connecticut,Office Supplies,Binders,GBC Binding Cover,815.15,26.27,6,0.1,Consumer,Same Day
09/11/2023,South,Virginia,Office Supplies,Labels,Avery Shipping Labels,575.35,-124.26,12,0.8,Home Office,Second Class
03/11/2023,West,Washington,Office Supplies,Art,Crayola Colored Pencils,2472.87,230.91,12,0,Home Office,Second Class
09/28/2021,Central,Missouri,Office Supplies,Fasteners,Acco Binder Clips,456.59,-24.64,14,0.3,Home Office,Same Day
02/27/2023,East,Maine,Furniture,Bookcases,Hon Metal Bookcase,196.19,-47.11,2,0.8,Corporate,Same Day
04/10/2021,South,Florida,Furniture,Furnishings,Fellowes Monitor Stand,2197.0,-494.51,6,0,Corporate,Second Class
12/24/2023,South,Florida,Office Supplies,Storage,Iris Stackable Bin,1786.96,13.15,11,0,Consumer,Standard Class
12/04/2021,East,Massachusetts,Technology,Phones,Apple iPhone Case,61.52,-14.32,1,0.8,Corporate,Second Class
08/01/2023,East,Connecticut,Office Supplies,Binders,GBC Binding Cover,1486.88,249.3,13,0.2,Corporate,Second Class
06/30/2024,East,New Jersey,Office Supplies,Storage,Fellowes Storage Box,652.41,-111.02,12,0.5,Corporate,First Class
07/14/2022,South,Virginia,Technology,Accessories,SanDisk USB Drive,5031.97,-1125.62,11,0.6,Corporate,First Class
02/16/2024,Central,Minnesota,Furniture,Bookcases,Sauder Heritage Bookcase,154.12,27.9,1,0.7,Home Office,Same Day
08/03/2022,Central,Minnesota,Technology,Machines,Brother Fax Machine,5156.53,-32.55,13,0.2,Consumer,First Class
10/07/2022,West,Washington,Office Supplies,Supplies,Scissors Set,808.18,-88.22,12,0.3,Corporate,Standard Class
07/06/2023,South,North Carolina,Office Supplies,Fasteners,Staples Standard Staples,96.33,12.93,1,0.15,Corporate,Same Day
01/20/2023,East,New Jersey,Furniture,Tables,Bretford Conference Table,316.17,-8.01,9,0.2,Consumer,Standard Class
10/15/2023,East,New Hampshire,Furniture,Bookcases,O'Sullivan 5-Shelf Bookcase,3875.42,-843.36,13,0,Home Office,Same Day
09/11/2022,East,Maine,Furniture,Chairs,Bush Mid-Back Chair,424.55,-22.99,2,0.1,Corporate,First Class
07/18/2021,East,Vermont,Office Supplies,Envelopes,Poly Mailer Bundle,1533.05,525.08,11,0.2,Corporate,Standard Class
06/10/2023,Central,Iowa,Furniture,Bookcases,O'Sullivan 5-Shelf Bookcase,7812.17,-56.49,12,0.15,Consumer,Same Day
10/23/2022,Central,Missouri,Furniture,Chairs,HON Executive Leather Chair,2186.44,276.19,12,0.6,Home Office,Same Day
04/11/2021,South,Kentucky,Furniture,Tables,Lesro Reception Table,11363.31,3935.03,13,0,Home Office,Same Day
01/13/2021,South,Georgia,Technology,Accessories,Kensington Keyboard,574.49,-79.64,13,0.7,Consumer,First Class
10/22/2021,South,Louisiana,Furniture,Chairs,HON Executive Leather Chair,1323.02,49.53,12,0.8,Home Office,Second Class
01/17/2022,West,Utah,Office Supplies,Labels,Avery Round Labels,1613.83,-91.51,14,0.5,Consumer,Same Day
12/05/2021,South,Alabama,Technology,Machines,Brother Fax Machine,5301.99,653.04,8,0.4,Home Office,Second Class
10/07/2021,West,Montana,Office Supplies,Binders,Avery Durable Binder,56.67,5.39,4,0.7,Corporate,Standard Class
12/25/2021,East,Vermont,Technology,Machines,HP LaserJet Printer,2855.0,-349.88,9,0.15,Corporate,Same Day
11/10/2022,East,Rhode Island,Furniture,Bookcases,O'Sullivan 5-Shelf Bookcase,8720.05,-462.57,14,0.2,Corporate,First Class
06/13/2023,West,Utah,Furniture,Furnishings,Advantus Wall Clock,1112.46,-231.77,10,0.8,Home Office,Second Class
05/19/2022,East,New York,Furniture,Furnishings,Advantus Wall Clock,187.39,40.12,4,0.7,Corporate,Second Class
03/24/2022,West,Idaho,Office Supplies,Supplies,Tape Dispenser,418.85,77.73,4,0,Home Office,Standard Class
06/27/2023,South,Alabama,Office Supplies,Supplies,Scissors Set,126.46,-27.64,1,0.1,Corporate,Standard Class
10/05/2021,Central,Nebraska,Office Supplies,Binders,Wilson Jones Binder,215.37,52.65,11,0.15,Home Office,Same Day
02/07/2021,Central,Texas,Furniture,Furnishings,Advantus Wall Clock,2588.25,87.86,11,0.7,Corporate,Second Class
03/11/2024,South,Louisiana,Office Supplies,Binders,Wilson Jones Binder,145.56,-35.19,1,0.3,Consumer,Second Class
06/22/2022,South,South Carolina,Technology,Accessories,Belkin Surge Protector,158.26,14.91,7,0.8,Corporate,First Class
04/17/2024,South,Mississippi,Furniture,Bookcases,Hon Metal Bookcase,2965.75,590.59,12,0.6,Home Office,First Class
04/21/2024,East,Connecticut,Technology,Copiers,Canon Copier,5135.19,1223.82,12,0.6,Consumer,First Class
03/20/2022,West,Oregon,Office Supplies,Fasteners,Officemate Paper Clips,560.5,187.89,3,0,Corporate,Same Day
09/14/2024,East,New Jersey,Furniture,Chairs,Global Deluxe Task Chair,4339.99,-334.22,14,0,Corporate,Second Class
11/03/2024,Central,Texas,Furniture,Bookcases,Hon Metal Bookcase,3765.19,1290.05,8,0.3,Consumer,Second Class
09/07/2022,West,Montana,Technology,Accessories,Belkin Surge Protector,197.18,-2.24,3,0.7,Corporate,Same Day
02/24/2022,East,Rhode Island,Technology,Machines,HP LaserJet Printer,3129.05,436.06,8,0.5,Consumer,First Class
11/29/2024,Central,Illinois,Office Supplies,Storage,Rubbermaid File Bin,20.63,3.8,2,0.8,Home Office,First Class
02/20/2021,South,Virginia,Office Supplies,Labels,Kroy Label Tape,321.72,2.26,13,0.7,Corporate,First Class
06/25/2024,South,South Carolina,Technology,Machines,Canon imageCLASS Printer,1767.14,-23.0,14,0.4,Consumer,Standard Class
04/01/2023,East,New Jersey,Office Supplies,Art,Bic Pen Pack,79.62,-4.49,3,0,Corporate,Same Day
10/23/2022,South,Virginia,Office Supplies,Supplies,Tape Dispenser,1067.23,-41.37,6,0.2,Consumer,First Class
04/18/2021,South,Alabama,Office Supplies,Storage,Fellowes Storage Box,394.48,24.7,7,0.5,Corporate,Second Class
02/23/2023,Central,Texas,Office Supplies,Art,Bic Pen Pack,421.38,-66.43,6,0.15,Corporate,First Class
01/11/2021,Central,Illinois,Technology,Copiers,Sharp Digital Copier,717.83,-4.36,3,0.1,Home Office,Same Day
03/27/2021,East,Rhode Island,Furniture,Tables,Lesro Reception Table,5019.83,1631.44,12,0,Corporate,Second Class
11/16/2023,East,Connecticut,Office Supplies,Binders,GBC Binding Cover,131.43,-29.29,11,0.3,Home Office,First Class
05/31/2024,East,Rhode Island,Technology,Machines,Canon imageCLASS Printer,9985.31,-1222.65,13,0.15,Home Office,Standard Class
03/25/2024,South,Georgia,Technology,Copiers,Ricoh Office Copier,8108.95,-389.38,8,0,Consumer,First Class
12/15/2023,East,Massachusetts,Office Supplies,Fasteners,Officemate Paper Clips,68.69,-15.43,1,0.15,Consumer,First Class
10/18/2023,South,Louisiana,Office Supplies,Storage,Sterilite Storage Tote,786.81,73.82,11,0.7,Home Office,Standard Class
09/09/2024,Central,Nebraska,Technology,Phones,Samsung Galaxy Charger,1590.72,191.2,7,0,Corporate,Second Class
11/12/2022,East,Massachusetts,Furniture,Tables,Bush Somerset Table,4263.05,1162.12,9,0.15,Corporate,Second Class
02/29/2024,Central,Ohio,Furniture,Chairs,Global Deluxe Task Chair,4357.36,142.48,12,0.4,Home Office,Same Day
09/06/2024,South,Tennessee,Technology,Accessories,Logitech Wireless Mouse,3153.89,16.45,5,0,Corporate,Second Class
08/06/2024,West,California,Technology,Machines,Brother Fax Machine,5321.66,1243.08,9,0.3,Corporate,Standard Class
05/30/2023,South,North Carolina,Furniture,Chairs,HON Executive Leather Chair,117.14,21.5,1,0.8,Corporate,First Class
11/24/2023,West,Idaho,Office Supplies,Supplies,Swingline Stapler,850.51,13.67,4,0,Home Office,Standard Class
01/31/2023,South,Alabama,Furniture,Chairs,Global Deluxe Task Chair,832.52,190.59,2,0.5,Consumer,Same Day
11/28/2022,West,Arizona,Furniture,Furnishings,Advantus Wall Clock,3269.11,259.1,10,0.15,Consumer,Same Day
03/27/2022,West,Nevada,Furniture,Furnishings,Tenex Chair Mat,823.43,102.77,11,0.4,Home Office,Standard Class
03/15/2021,West,Oregon,Furniture,Furnishings,Eldon Desk Lamp,2506.52,-216.46,12,0.3,Home Office,Same Day
04/04/2024,East,Rhode Island,Office Supplies,Supplies,Tape Dispenser,79.62,10.05,6,0.8,Corporate,Same Day
01/21/2024,South,Tennessee,Office Supplies,Paper,Xerox Copy Paper,619.21,158.39,9,0.6,Home Office,Second Class
10/19/2022,South,Kentucky,Furniture,Tables,Bretford Conference Table,227.55,22.44,8,0.6,Corporate,Same Day
02/02/2024,West,Utah,Technology,Machines,Brother Fax Machine,2758.86,179.53,9,0.4,Consumer,Standard Class
04/30/2024,South,Alabama,Furniture,Chairs,HON Executive Leather Chair,243.01,-44.06,7,0.7,Home Office,Standard Class
03/07/2024,Central,Illinois,Technology,Phones,Samsung Galaxy Charger,3530.47,-62.91,11,0.5,Home Office,Standard Class
04/03/2023,West,California,Technology,Copiers,Canon Copier,1287.58,424.17,7,0.8,Consumer,Standard Class
09/13/2023,East,New Hampshire,Technology,Machines,HP LaserJet Printer,9355.99,-1530.76,13,0,Home Office,Second Class
05/29/2024,West,Arizona,Technology,Copiers,Sharp Digital Copier,2510.83,-151.38,8,0,Corporate,Same Day
01/27/2022,Central,Iowa,Technology,Copiers,Xerox WorkCentre Copier,4021.94,-973.46,6,0.2,Corporate,Same Day
10/24/2022,West,Washington,Furniture,Chairs,Global Deluxe Task Chair,2766.1,439.28,6,0.2,Corporate,Same Day
06/19/2024,East,Maine,Furniture,Bookcases,O'Sullivan 5-Shelf Bookcase,2375.74,-276.57,10,0.7,Corporate,First Class
08/03/2021,Central,Texas,Office Supplies,Envelopes,Poly Mailer Bundle,30.34,8.58,2,0.15,Consumer,Standard Class
02/11/2022,West,Nevada,Technology,Accessories,Logitech Wireless Mouse,4161.02,-756.06,7,0.5,Home Office,Same Day
06/19/2024,East,New York,Technology,Copiers,Ricoh Office Copier,370.08,103.43,8,0.5,Consumer,First Class
04/24/2023,Central,Minnesota,Office Supplies,Labels,Avery Shipping Labels,649.38,-152.71,8,0.6,Consumer,Same Day
03/23/2022,South,Virginia,Furniture,Bookcases,O'Sullivan 5-Shelf Bookcase,361.18,-42.92,3,0.6,Corporate,Second Class
07/17/2023,East,Maine,Technology,Copiers,Sharp Digital Copier,8803.94,1514.11,12,0,Consumer,Same Day
12/26/2024,West,Washington,Technology,Copiers,Xerox WorkCentre Copier,690.97,-135.96,1,0,Home Office,First Class
09/07/2022,Central,Ohio,Furniture,Chairs,HON Executive Leather Chair,1080.79,207.33,2,0.3,Consumer,First Class
02/19/2021,Central,Kansas,Furniture,Furnishings,Fellowes Monitor Stand,2044.11,463.66,8,0.1,Corporate,First Class
07/18/2024,South,North Carolina,Technology,Phones,Motorola Phone Stand,5339.04,748.43,10,0.2,Home Office,Same Day
06/25/2023,Central,Nebraska,Furniture,Furnishings,Eldon Desk Lamp,25.24,-3.86,1,0.2,Consumer,Standard Class
07/22/2021,East,Vermont,Technology,Phones,Motorola Phone Stand,3434.68,517.22,4,0.15,Corporate,Standard Class
08/13/2022,Central,Kansas,Furniture,Furnishings,Fellowes Monitor Stand,179.34,18.81,1,0.8,Home Office,Second Class
02/28/2021,South,Virginia,Technology,Machines,HP LaserJet Printer,6850.48,1792.39,13,0,Corporate,Standard Class
02/12/2023,South,North Carolina,Furniture,Chairs,Novimex Swivel Chair,616.03,121.82,8,0.4,Corporate,Same Day
03/19/2023,South,Georgia,Furniture,Chairs,Bush Mid-Back Chair,588.3,188.3,4,0.15,Consumer,Second Class
06/10/2024,West,Oregon,Technology,Machines,Brother Fax Machine,381.76,110.63,10,0.5,Consumer,Same Day
01/04/2023,South,Kentucky,Furniture,Furnishings,Fellowes Monitor Stand,68.42,2.37,10,0.8,Corporate,Standard Class
04/07/2023,Central,Ohio,Technology,Accessories,SanDisk USB Drive,635.3,76.28,2,0.15,Consumer,Second Class
01/09/2023,Central,Illinois,Office Supplies,Labels,Kroy Label Tape,218.65,51.47,7,0.15,Consumer,Standard Class
03/23/2022,South,South Carolina,Office Supplies,Binders,Cardinal Ring Binder,117.58,23.55,2,0.6,Home Office,Same Day
09/23/2023,Central,Minnesota,Technology,Machines,HP LaserJet Printer,3098.61,862.9,11,0.4,Consumer,First Class
01/02/2022,East,New York,Furniture,Tables,Bretford Conference Table,3091.99,578.71,12,0.2,Consumer,First Class
10/16/2021,Central,Wisconsin,Technology,Copiers,Ricoh Office Copier,1643.11,-185.32,3,0.5,Consumer,First Class
01/10/2023,South,South Carolina,Furniture,Bookcases,Bush Wood Bookcase,2322.14,388.85,5,0.3,Corporate,Same Day
07/10/2021,Central,Nebraska,Furniture,Chairs,Bush Mid-Back Chair,1076.24,110.87,2,0.15,Home Office,Same Day
08/16/2022,Central,Michigan,Furniture,Chairs,Global Deluxe Task Chair,121.43,-12.59,1,0.6,Corporate,Same Day
12/01/2024,South,Georgia,Technology,Machines,Canon imageCLASS Printer,4445.26,-951.89,9,0.2,Home Office,Same Day
10/27/2022,West,Washington,Office Supplies,Paper,Xerox Copy Paper,128.08,1.27,2,0,Home Office,Same Day
01/29/2024,West,Washington,Furniture,Furnishings,Eldon Desk Lamp,479.17,73.23,8,0,Home Office,First Class
04/19/2021,South,Virginia,Furniture,Tables,Lesro Reception Table,1054.55,266.5,7,0.7,Consumer,Same Day
06/24/2022,West,Nevada,Technology,Phones,Motorola Phone Stand,539.62,-130.94,3,0.8,Consumer,Standard Class
11/18/2022,West,Nevada,Furniture,Chairs,Novimex Swivel Chair,1868.45,553.01,11,0.8,Consumer,First Class
08/16/2022,West,Oregon,Office Supplies,Art,Newell Highlighters,114.04,-0.53,13,0,Consumer,Standard Class
02/09/2021,Central,Illinois,Office Supplies,Envelopes,Poly Mailer Bundle,150.16,-15.03,2,0.3,Home Office,Second Class
03/06/2021,West,Oregon,Furniture,Tables,Bretford Conference Table,4237.78,433.37,6,0.1,Consumer,Second Class
07/15/2021,East,Maine,Office Supplies,Binders,Avery Durable Binder,339.37,-75.4,11,0.8,Consumer,Standard Class
04/03/2022,West,Arizona,Technology,Accessories,Kensington Keyboard,2551.58,344.58,10,0,Corporate,Second Class
05/09/2024,South,Georgia,Furniture,Chairs,HON Executive Leather Chair,3010.06,-8.93,5,0.2,Corporate,First Class
09/04/2022,West,Nevada,Office Supplies,Binders,Cardinal Ring Binder,1692.13,11.71,13,0.15,Consumer,Second Class
01/31/2022,Central,Nebraska,Technology,Copiers,Ricoh Office Copier,4510.73,847.16,5,0,Home Office,First Class
07/21/2022,West,Utah,Office Supplies,Supplies,X-Acto Cutting Mat,609.12,76.17,11,0.6,Consumer,Same Day
11/10/2024,West,Colorado,Office Supplies,Art,Crayola Colored Pencils,515.54,-3.83,3,0.3,Corporate,Standard Class
05/20/2022,Central,Iowa,Office Supplies,Binders,Wilson Jones Binder,540.55,65.81,14,0.7,Corporate,Same Day
03/25/2022,Central,Illinois,Office Supplies,Supplies,Swingline Stapler,595.14,100.45,4,0.3,Consumer,First Class
09/27/2024,South,Virginia,Office Supplies,Fasteners,Officemate Paper Clips,171.77,16.89,4,0.2,Home Office,Same Day
08/17/2022,West,Montana,Office Supplies,Paper,HP Premium Paper,151.39,-2.58,4,0.8,Home Office,Second Class
11/17/2021,Central,Illinois,Office Supplies,Supplies,Scissors Set,1426.43,240.65,11,0.4,Corporate,Second Class
04/22/2023,West,Colorado,Office Supplies,Paper,Boise Multi-Use Paper,907.58,6.81,9,0.2,Home Office,Standard Class
03/04/2024,South,Georgia,Office Supplies,Binders,Wilson Jones Binder,513.44,61.38,8,0.6,Home Office,Standard Class
07/27/2021,South,Georgia,Office Supplies,Paper,Xerox Copy Paper,576.22,96.1,7,0.5,Consumer,Standard Class
09/25/2021,West,California,Office Supplies,Paper,Universal Legal Pad,832.58,-125.2,7,0,Consumer,Standard Class
02/09/2024,Central,Kansas,Technology,Copiers,Ricoh Office Copier,8165.28,-1355.74,12,0,Home Office,First Class
03/27/2023,West,Washington,Furniture,Bookcases,Bush Wood Bookcase,6330.81,-451.32,13,0.1,Corporate,Same Day
03/30/2024,West,Colorado,Technology,Accessories,Kensington Keyboard,934.1,238.63,14,0.7,Corporate,First Class
10/12/2021,South,South Carolina,Furniture,Bookcases,O'Sullivan 5-Shelf Bookcase,3731.07,384.97,12,0.6,Corporate,Standard Class
09/29/2024,West,Utah,Technology,Accessories,Logitech Wireless Mouse,1562.35,267.96,2,0,Corporate,First Class
10/08/2024,South,Georgia,Technology,Copiers,Ricoh Office Copier,579.5,46.6,1,0.3,Consumer,First Class
08/09/2021,West,Washington,Furniture,Bookcases,O'Sullivan 5-Shelf Bookcase,1706.48,158.24,3,0.2,Consumer,Same Day
02/03/2022,West,Arizona,Technology,Phones,Apple iPhone Case,1254.4,-108.96,4,0.1,Corporate,Same Day
07/31/2022,South,South Carolina,Technology,Accessories,Logitech Wireless Mouse,267.29,44.05,1,0.6,Consumer,Standard Class
06/01/2021,East,Vermont,Office Supplies,Paper,Xerox Copy Paper,61.51,-0.6,5,0.5,Corporate,Standard Class
11/05/2021,East,New York,Office Supplies,Binders,Avery Durable Binder,936.17,0.32,9,0.5,Corporate,Standard Class
05/20/2022,South,Kentucky,Furniture,Bookcases,Sauder Heritage Bookcase,636.77,163.89,5,0,Consumer,First Class
05/03/2021,Central,Wisconsin,Technology,Accessories,Kensington Keyboard,835.37,4.41,4,0.2,Home Office,Same Day
01/19/2024,East,New Hampshire,Technology,Phones,Samsung Galaxy Charger,863.87,192.06,7,0,Consumer,Standard Class
04/08/2024,South,Georgia,Furniture,Chairs,Global Deluxe Task Chair,7807.96,1875.07,11,0.15,Consumer,First Class
07/08/2021,South,Florida,Furniture,Bookcases,Bush Wood Bookcase,1519.07,38.93,2,0,Home Office,First Class
06/13/2023,Central,Ohio,Office Supplies,Art,Sharpie Marker Set,373.55,-8.09,8,0.5,Corporate,Second Class
07/28/2024,East,Massachusetts,Technology,Phones,Apple iPhone Case,5094.28,-933.68,8,0.15,Corporate,Standard Class
12/15/2022,Central,Ohio,Furniture,Chairs,Global Deluxe Task Chair,434.99,-46.77,5,0,Corporate,Second Class
03/07/2023,Central,Texas,Office Supplies,Fasteners,Bostitch Push Pins,193.02,46.03,2,0.3,Corporate,Second Class
06/03/2021,Central,Ohio,Technology,Copiers,Sharp Digital Copier,770.61,-61.8,1,0,Home Office,Standard Class
05/23/2023,South,Mississippi,Technology,Accessories,SanDisk USB Drive,1008.9,92.95,7,0.6,Home Office,Second Class
06/06/2023,East,New York,Office Supplies,Art,Crayola Colored Pencils,1503.31,451.31,8,0.2,Consumer,First Class
07/08/2023,Central,Kansas,Office Supplies,Binders,GBC Binding Cover,51.55,-8.06,11,0.8,Corporate,Second Class
02/23/2023,Central,Missouri,Office Supplies,Storage,Sterilite Storage Tote,1682.1,248.95,14,0,Consumer,First Class
11/09/2023,Central,Illinois,Furniture,Bookcases,O'Sullivan 5-Shelf Bookcase,5989.12,-560.54,11,0.3,Home Office,Same Day
01/14/2024,East,New York,Furniture,Furnishings,Fellowes Monitor Stand,6116.38,2097.71,10,0,Consumer,Same Day
04/15/2023,West,Montana,Furniture,Bookcases,O'Sullivan 5-Shelf Bookcase,1245.57,-228.2,3,0.1,Corporate,Second Class
12/25/2021,West,Nevada,Furniture,Chairs,HON Executive Leather Chair,2428.56,173.96,9,0,Corporate,First Class
03/07/2021,West,Montana,Furniture,Tables,Chromcraft Round Table,86.02,15.98,1,0.15,Home Office,First Class
07/28/2021,South,Mississippi,Furniture,Chairs,Bush Mid-Back Chair,10124.29,-423.02,12,0,Consumer,First Class
08/10/2024,West,Colorado,Office Supplies,Binders,GBC Binding Cover,124.38,30.52,9,0.6,Corporate,First Class
12/10/2023,East,Maine,Office Supplies,Storage,Rubbermaid File Bin,134.6,10.0,4,0,Consumer,Standard Class
05/12/2022,Central,Illinois,Technology,Accessories,SanDisk USB Drive,3737.6,1020.19,5,0,Consumer,Standard Class
08/13/2022,Central,Wisconsin,Office Supplies,Fasteners,Acco Binder Clips,122.28,-27.9,12,0.7,Consumer,Second Class
02/20/2024,East,Vermont,Furniture,Tables,Lesro Reception Table,1918.18,295.81,11,0.8,Consumer,Same Day
05/29/2022,East,New Jersey,Furniture,Chairs,Novimex Swivel Chair,299.36,28.57,4,0.8,Corporate,First Class
11/30/2024,Central,Minnesota,Office Supplies,Envelopes,Security Envelopes,1782.21,-148.0,13,0,Home Office,Standard Class
01/06/2023,South,Mississippi,Office Supplies,Storage,Sterilite Storage Tote,229.08,17.39,3,0.5,Consumer,Same Day
07/31/2023,East,New York,Office Supplies,Envelopes,Manila Envelopes,411.06,-35.34,4,0.1,Corporate,Standard Class
04/29/2023,East,Vermont,Office Supplies,Binders,Cardinal Ring Binder,190.31,16.38,2,0.1,Corporate,Standard Class
02/03/2022,West,Colorado,Furniture,Bookcases,Bush Wood Bookcase,593.04,70.14,8,0.8,Home Office,Same Day
01/05/2022,Central,Wisconsin,Office Supplies,Supplies,Tape Dispenser,802.88,124.6,6,0,Consumer,Second Class
03/07/2021,Central,Ohio,Furniture,Tables,Bretford Conference Table,2099.22,-366.08,5,0,Consumer,First Class
12/31/2023,Central,Michigan,Office Supplies,Art,Crayola Colored Pencils,555.44,143.03,6,0.2,Home Office,Standard Class
11/29/2021,South,North Carolina,Office Supplies,Fasteners,Staples Standard Staples,467.46,-99.63,5,0,Consumer,Second Class
01/07/2022,West,Colorado,Technology,Accessories,SanDisk USB Drive,1627.7,118.32,4,0,Consumer,Same Day
05/24/2024,West,California,Office Supplies,Storage,Iris Stackable Bin,233.18,65.07,7,0.3,Home Office,Standard Class
11/18/2021,South,North Carolina,Furniture,Furnishings,Advantus Wall Clock,7497.14,-1755.34,10,0,Consumer,Same Day
11/02/2024,South,Kentucky,Furniture,Bookcases,Bush Wood Bookcase,279.94,-1.77,4,0.6,Home Office,Second Class
12/28/2022,South,Florida,Office Supplies,Paper,HP Premium Paper,3157.07,-559.86,13,0,Consumer,Second Class
01/14/2022,East,Connecticut,Technology,Accessories,Logitech Wireless Mouse,1557.13,238.01,3,0,Consumer,Standard Class
09/30/2023,West,Nevada,Furniture,Tables,Bush Somerset Table,567.49,-120.83,10,0.4,Consumer,Standard Class
10/27/2021,West,Colorado,Office Supplies,Art,Bic Pen Pack,228.94,41.38,3,0.2,Corporate,Same Day
05/13/2024,East,Rhode Island,Technology,Accessories,SanDisk USB Drive,4403.5,429.87,5,0,Home Office,Second Class
10/07/2021,West,California,Office Supplies,Envelopes,Poly Mailer Bundle,243.49,-4.62,12,0.1,Home Office,Same Day
02/11/2023,South,Kentucky,Furniture,Tables,Chromcraft Round Table,1997.54,504.82,5,0.4,Corporate,Standard Class
06/14/2021,East,Connecticut,Office Supplies,Paper,Xerox Copy Paper,1607.5,10.84,11,0.4,Corporate,Same Day
08/20/2024,Central,Texas,Office Supplies,Binders,Cardinal Ring Binder,169.17,-39.6,13,0.3,Home Office,Second Class
09/18/2024,East,Maine,Office Supplies,Storage,Rubbermaid File Bin,62.79,-9.82,2,0.8,Consumer,Standard Class
03/03/2023,East,Vermont,Office Supplies,Supplies,Scissors Set,1048.66,-133.5,11,0.4,Consumer,Second Class
01/10/2024,West,Nevada,Technology,Copiers,Canon Copier,508.12,137.91,6,0.6,Corporate,First Class
06/20/2021,Central,Missouri,Furniture,Furnishings,Eldon Desk Lamp,2767.61,-372.14,5,0,Consumer,Standard Class
05/14/2022,West,Idaho,Office Supplies,Paper,HP Premium Paper,48.34,-7.93,12,0.8,Corporate,First Class
09/08/2023,South,Alabama,Technology,Machines,HP LaserJet Printer,5621.97,-1057.11,13,0.5,Home Office,Second Class
03/07/2022,South,Alabama,Office Supplies,Art,Crayola Colored Pencils,110.06,-21.02,9,0,Corporate,Standard Class
08/23/2022,South,Tennessee,Furniture,Furnishings,Fellowes Monitor Stand,864.58,195.23,3,0.3,Consumer,First Class
10/10/2022,East,New Jersey,Office Supplies,Binders,Wilson Jones Binder,1299.43,384.31,6,0.1,Corporate,First Class
06/17/2022,South,Tennessee,Office Supplies,Supplies,Tape Dispenser,695.55,71.79,9,0.4,Consumer,Second Class
02/14/2021,Central,Nebraska,Office Supplies,Envelopes,Kraft Envelope Pack,549.91,-33.58,5,0.3,Corporate,Second Class
10/20/2021,South,Tennessee,Office Supplies,Envelopes,Kraft Envelope Pack,64.89,0.2,14,0.7,Consumer,Same Day
12/09/2024,South,Louisiana,Furniture,Chairs,Bush Mid-Back Chair,163.18,35.34,1,0.6,Corporate,First Class
06/15/2023,West,Washington,Furniture,Bookcases,Bush Wood Bookcase,1456.13,-360.21,14,0.7,Consumer,Second Class
12/08/2022,Central,Iowa,Office Supplies,Storage,Sterilite Storage Tote,228.28,60.44,8,0.8,Consumer,First Class
02/19/2021,East,Rhode Island,Office Supplies,Storage,Rubbermaid File Bin,587.28,39.83,4,0.1,Consumer,First Class
01/31/2022,South,Kentucky,Technology,Machines,HP LaserJet Printer,2125.03,-332.28,8,0.7,Consumer,First Class
03/31/2023,Central,Illinois,Technology,Copiers,Ricoh Office Copier,1432.5,-18.26,13,0.8,Corporate,Second Class
08/20/2021,West,Montana,Office Supplies,Paper,Xerox Copy Paper,442.11,108.43,2,0,Consumer,Standard Class
06/03/2022,Central,Kansas,Office Supplies,Binders,Cardinal Ring Binder,341.11,117.93,13,0.5,Consumer,Same Day
11/16/2024,South,Mississippi,Office Supplies,Storage,Iris Stackable Bin,369.21,68.03,9,0.6,Home Office,Standard Class
05/27/2024,West,Utah,Furniture,Tables,Chromcraft Round Table,2770.26,303.72,5,0.3,Consumer,First Class
01/20/2022,South,Virginia,Technology,Phones,Apple iPhone Case,1931.14,401.98,3,0.15,Consumer,Second Class
08/10/2021,Central,Texas,Technology,Phones,Apple iPhone Case,2489.11,87.41,6,0.15,Home Office,Standard Class
06/07/2022,East,Massachusetts,Technology,Phones,Motorola Phone Stand,1118.3,-238.35,11,0,Consumer,Standard Class
11/08/2024,Central,Missouri,Office Supplies,Envelopes,Kraft Envelope Pack,157.92,20.62,4,0.2,Consumer,First Class
12/23/2022,West,Idaho,Office Supplies,Supplies,Swingline Stapler,457.89,57.09,9,0,Consumer,Standard Class
07/06/2023,South,Kentucky,Office Supplies,Fasteners,Officemate Paper Clips,252.62,5.17,2,0.4,Corporate,Standard Class
04/10/2023,East,New York,Furniture,Furnishings,Eldon Desk Lamp,3153.23,433.58,10,0.5,Consumer,Same Day
11/23/2023,East,Vermont,Furniture,Bookcases,Bush Wood Bookcase,4327.87,261.47,7,0.3,Corporate,Standard Class
04/01/2024,East,New Hampshire,Office Supplies,Supplies,Swingline Stapler,315.09,46.76,12,0.8,Consumer,Same Day
11/13/2022,East,New Hampshire,Furniture,Tables,Bretford Conference Table,2834.46,-273.95,9,0.1,Home Office,Standard Class
01/23/2024,Central,Missouri,Office Supplies,Supplies,X-Acto Cutting Mat,499.27,-53.1,6,0.1,Consumer,Second Class
07/13/2021,Central,Ohio,Office Supplies,Fasteners,Bostitch Push Pins,194.45,16.67,8,0.8,Consumer,First Class
01/09/2021,Central,Missouri,Office Supplies,Supplies,X-Acto Cutting Mat,45.39,10.13,14,0.1,Corporate,Second Class
05/31/2023,West,Idaho,Furniture,Furnishings,Fellowes Monitor Stand,3668.92,-428.58,10,0.5,Corporate,Standard Class
11/27/2023,Central,Texas,Furniture,Tables,Bush Somerset Table,2015.99,667.23,6,0.15,Consumer,Same Day
01/17/2021,West,California,Technology,Copiers,Xerox WorkCentre Copier,6109.39,-707.12,11,0.4,Home Office,Second Class
09/05/2021,South,Louisiana,Office Supplies,Supplies,Scissors Set,484.49,-28.38,13,0.5,Home Office,Same Day
06/26/2023,South,South Carolina,Furniture,Bookcases,Sauder Heritage Bookcase,168.8,41.59,2,0,Home Office,First Class
03/20/2022,West,Nevada,Office Supplies,Labels,Kroy Label Tape,973.52,141.34,11,0,Home Office,Same Day
10/20/2024,South,Georgia,Technology,Copiers,Canon Copier,3072.6,-568.43,10,0.6,Corporate,Same Day
08/30/2022,Central,Missouri,Office Supplies,Supplies,Tape Dispenser,61.25,9.72,1,0.6,Home Office,Second Class
06/13/2024,West,Arizona,Office Supplies,Storage,Fellowes Storage Box,381.89,119.04,12,0.2,Corporate,Second Class
11/23/2024,South,Tennessee,Furniture,Furnishings,Tenex Chair Mat,2271.76,221.89,3,0,Corporate,Second Class
09/07/2023,East,New Hampshire,Furniture,Tables,Chromcraft Round Table,3868.66,802.2,11,0.1,Corporate,Same Day
03/31/2021,East,Pennsylvania,Office Supplies,Storage,Fellowes Storage Box,248.91,73.61,2,0.3,Corporate,Standard Class
12/16/2022,East,Rhode Island,Furniture,Chairs,Novimex Swivel Chair,2345.89,355.77,9,0.6,Corporate,First Class
08/15/2022,South,Kentucky,Furniture,Chairs,Bush Mid-Back Chair,2916.37,-102.38,9,0.5,Consumer,Second Class
03/13/2024,East,Connecticut,Technology,Copiers,Ricoh Office Copier,815.58,270.92,2,0.15,Home Office,Same Day
02/16/2021,South,Virginia,Technology,Machines,HP LaserJet Printer,4530.48,1448.96,4,0,Home Office,Second Class
09/28/2022,South,Alabama,Office Supplies,Binders,GBC Binding Cover,296.11,78.47,7,0.5,Home Office,Second Class
03/12/2021,South,North Carolina,Office Supplies,Storage,Fellowes Storage Box,406.74,-67.21,12,0.8,Home Office,Same Day
10/17/2022,East,Pennsylvania,Office Supplies,Fasteners,Staples Standard Staples,6.38,1.34,2,0.6,Corporate,Second Class
04/27/2021,West,Idaho,Furniture,Furnishings,Tenex Chair Mat,1448.55,496.87,11,0.8,Corporate,Same Day
07/03/2021,West,Utah,Technology,Machines,Canon imageCLASS Printer,875.19,90.67,1,0,Home Office,Second Class
09/27/2022,East,Rhode Island,Office Supplies,Art,Newell Highlighters,1693.02,-247.02,14,0.5,Home Office,Second Class
07/03/2024,Central,Wisconsin,Furniture,Tables,Bush Somerset Table,6237.45,-698.16,11,0,Corporate,Second Class
05/06/2023,South,Alabama,Office Supplies,Art,Sharpie Marker Set,940.66,127.57,7,0,Home Office,Standard Class
12/16/2022,West,Oregon,Technology,Copiers,Canon Copier,2153.91,54.53,14,0.6,Home Office,First Class
06/30/2021,South,Florida,Office Supplies,Paper,Xerox Copy Paper,136.69,43.48,1,0.2,Home Office,Second Class
06/21/2024,East,Vermont,Office Supplies,Paper,Universal Legal Pad,1872.15,-361.7,9,0.15,Home Office,Standard Class
08/30/2023,Central,Ohio,Technology,Copiers,Xerox WorkCentre Copier,1456.44,201.84,7,0.8,Home Office,Standard Class
11/09/2023,South,Louisiana,Office Supplies,Supplies,Scissors Set,483.53,139.63,8,0.4,Home Office,Second Class
06/29/2021,South,South Carolina,Office Supplies,Envelopes,Kraft Envelope Pack,361.21,77.86,12,0.7,Home Office,Second Class
05/21/2023,South,Alabama,Furniture,Chairs,HON Executive Leather Chair,2011.9,499.92,7,0.3,Home Office,Standard Class
03/21/2023,West,Idaho,Technology,Copiers,Canon Copier,2550.68,204.51,14,0.2,Home Office,Standard Class
03/04/2024,South,Virginia,Technology,Machines,Brother Fax Machine,1697.65,-76.67,9,0,Corporate,Same Day
02/18/2023,South,North Carolina,Office Supplies,Envelopes,Manila Envelopes,690.82,-94.8,5,0,Home Office,First Class
09/13/2021,East,Maine,Furniture,Bookcases,Bush Wood Bookcase,906.65,288.62,13,0.4,Corporate,First Class
10/12/2021,South,Kentucky,Technology,Machines,Canon imageCLASS Printer,8358.89,-329.75,10,0.2,Consumer,Same Day
04/25/2021,East,Pennsylvania,Office Supplies,Fasteners,Staples Standard Staples,384.48,-86.07,14,0.7,Home Office,Second Class
02/24/2024,Central,Wisconsin,Technology,Machines,Epson Scanner,3687.68,102.64,14,0.4,Consumer,Second Class
09/10/2021,East,New Jersey,Technology,Machines,Canon imageCLASS Printer,422.52,-19.46,2,0.8,Consumer,Standard Class
03/16/2024,South,Florida,Office Supplies,Labels,Avery File Labels,1320.44,179.42,13,0,Corporate,Second Class
05/23/2024,West,Oregon,Furniture,Chairs,Novimex Swivel Chair,2311.64,-556.17,4,0,Consumer,Standard Class
10/06/2021,East,New Hampshire,Technology,Machines,Canon imageCLASS Printer,10486.79,3070.73,13,0.15,Home Office,Same Day
05/05/2022,West,Arizona,Technology,Copiers,Sharp Digital Copier,1236.83,428.54,8,0.8,Home Office,First Class
03/12/2023,South,Georgia,Technology,Accessories,SanDisk USB Drive,2023.78,-10.52,11,0.6,Corporate,First Class
01/12/2023,East,Vermont,Technology,Copiers,Xerox WorkCentre Copier,3049.86,-80.5,11,0.15,Corporate,First Class
12/26/2022,East,Connecticut,Office Supplies,Fasteners,Acco Binder Clips,358.82,71.23,14,0.5,Corporate,Second Class
09/03/2024,Central,Kansas,Technology,Machines,Brother Fax Machine,4832.59,1270.03,9,0.3,Corporate,Second Class
11/12/2021,South,Alabama,Office Supplies,Envelopes,Poly Mailer Bundle,60.97,2.05,1,0.7,Home Office,Same Day
11/22/2021,East,Rhode Island,Technology,Accessories,Kensington Keyboard,1981.05,460.61,13,0.7,Home Office,Second Class
01/02/2024,Central,Wisconsin,Furniture,Furnishings,Advantus Wall Clock,32.74,6.04,1,0.2,Corporate,First Class
12/26/2023,East,Maine,Technology,Phones,Samsung Galaxy Charger,2002.96,379.94,5,0.3,Consumer,Standard Class
03/07/2024,South,South Carolina,Office Supplies,Binders,GBC Binding Cover,23.59,-2.68,1,0.8,Home Office,Same Day
05/10/2022,West,Colorado,Office Supplies,Envelopes,Kraft Envelope Pack,159.59,-26.71,9,0,Home Office,First Class
09/07/2022,East,Maine,Furniture,Chairs,Global Deluxe Task Chair,3593.89,1170.36,6,0,Consumer,First Class
08/09/2023,West,Colorado,Furniture,Bookcases,Hon Metal Bookcase,5942.9,962.74,10,0.15,Home Office,Second Class
06/11/2021,West,Idaho,Technology,Accessories,Kensington Keyboard,2283.1,-433.01,13,0.8,Consumer,Second Class
04/02/2023,Central,Nebraska,Furniture,Tables,Bush Somerset Table,4792.37,1151.46,6,0,Consumer,Same Day
11/18/2024,South,North Carolina,Technology,Accessories,Logitech Wireless Mouse,227.63,-26.39,1,0.5,Consumer,First Class
07/18/2024,Central,Wisconsin,Office Supplies,Art,Crayola Colored Pencils,2222.64,508.79,13,0.3,Home Office,Standard Class
09/25/2024,West,Colorado,Furniture,Bookcases,O'Sullivan 5-Shelf Bookcase,2997.37,-187.04,5,0.2,Home Office,Second Class
01/17/2022,South,Florida,Office Supplies,Binders,Cardinal Ring Binder,945.92,-123.09,9,0,Corporate,First Class
09/02/2023,South,Georgia,Furniture,Bookcases,Bush Wood Bookcase,2741.95,568.95,6,0.3,Home Office,Second Class
02/28/2021,South,Virginia,Furniture,Chairs,Novimex Swivel Chair,3692.14,209.34,9,0.15,Home Office,Same Day
03/15/2024,South,North Carolina,Furniture,Bookcases,O'Sullivan 5-Shelf Bookcase,2204.35,19.6,4,0,Consumer,Second Class
09/29/2022,Central,Illinois,Office Supplies,Supplies,Scissors Set,1071.87,195.79,6,0,Home Office,Second Class
12/21/2021,West,Utah,Office Supplies,Paper,Xerox Copy Paper,837.0,-94.17,13,0.1,Home Office,Standard Class
08/24/2024,Central,Kansas,Office Supplies,Art,Crayola Colored Pencils,114.07,13.08,3,0,Consumer,Same Day
05/02/2022,Central,Minnesota,Furniture,Chairs,HON Executive Leather Chair,440.48,14.46,2,0.1,Corporate,Same Day
11/10/2022,South,Louisiana,Furniture,Bookcases,Sauder Heritage Bookcase,82.74,-6.52,5,0.6,Corporate,Second Class
05/25/2022,East,Rhode Island,Technology,Machines,Brother Fax Machine,1304.35,390.28,7,0.6,Consumer,Standard Class
10/19/2022,West,Idaho,Office Supplies,Art,Newell Highlighters,26.93,2.71,1,0.3,Home Office,Same Day
03/14/2022,West,Utah,Office Supplies,Art,Bic Pen Pack,1796.06,458.2,14,0,Consumer,Standard Class
11/17/2021,East,Rhode Island,Office Supplies,Paper,HP Premium Paper,110.71,-1.3,2,0.6,Consumer,First Class
09/19/2023,South,South Carolina,Technology,Copiers,Ricoh Office Copier,900.02,80.04,2,0,Home Office,Same Day
05/03/2024,South,Florida,Office Supplies,Labels,Avery Shipping Labels,1010.12,-203.45,12,0.6,Consumer,Standard Class
12/30/2021,Central,Wisconsin,Office Supplies,Storage,Fellowes Storage Box,194.48,-4.6,1,0,Home Office,Second Class
09/27/2022,South,Kentucky,Technology,Phones,Samsung Galaxy Charger,9329.6,-1380.22,11,0.2,Corporate,Same Day
07/12/2022,South,Alabama,Furniture,Chairs,Global Deluxe Task Chair,282.87,63.14,1,0.6,Corporate,Same Day
05/07/2022,South,Tennessee,Office Supplies,Art,Sharpie Marker Set,1240.72,-238.52,13,0.3,Consumer,Second Class
10/05/2022,West,Idaho,Furniture,Bookcases,Sauder Heritage Bookcase,423.39,-10.51,2,0.1,Consumer,First Class
01/02/2024,West,Oregon,Furniture,Bookcases,Hon Metal Bookcase,928.25,211.32,11,0.5,Consumer,Standard Class
07/28/2024,West,Washington,Technology,Copiers,Canon Copier,3250.44,-794.98,7,0.1,Home Office,Standard Class
08/13/2023,South,South Carolina,Technology,Copiers,Canon Copier,4339.43,-287.47,12,0.5,Corporate,Same Day
12/26/2022,South,North Carolina,Furniture,Bookcases,Sauder Heritage Bookcase,738.42,133.18,3,0,Consumer,Same Day
07/05/2022,East,New Hampshire,Furniture,Furnishings,Tenex Chair Mat,5664.95,-1322.48,9,0.2,Home Office,First Class
12/20/2023,East,New Jersey,Furniture,Furnishings,Eldon Desk Lamp,4157.87,1161.26,6,0,Home Office,Standard Class
05/11/2023,Central,Wisconsin,Office Supplies,Labels,Avery Shipping Labels,222.95,-2.84,10,0.4,Corporate,Same Day
06/10/2021,East,New Jersey,Office Supplies,Fasteners,Acco Binder Clips,270.35,43.42,4,0.4,Consumer,Same Day
08/07/2021,West,Utah,Furniture,Tables,Lesro Reception Table,224.11,55.47,3,0.8,Corporate,Second Class
07/29/2023,East,Maine,Office Supplies,Supplies,X-Acto Cutting Mat,246.65,64.44,2,0.1,Corporate,First Class
11/08/2024,East,New Jersey,Technology,Machines,HP LaserJet Printer,2025.91,-155.56,11,0.8,Corporate,Standard Class
10/10/2023,Central,Wisconsin,Office Supplies,Fasteners,Bostitch Push Pins,1149.28,-286.73,7,0.1,Home Office,Standard Class
12/23/2021,East,New Hampshire,Office Supplies,Art,Crayola Colored Pencils,90.29,-12.52,11,0.7,Home Office,Second Class
05/02/2023,East,Vermont,Technology,Copiers,Xerox WorkCentre Copier,185.52,-18.52,5,0.4,Corporate,Same Day
03/20/2022,South,Mississippi,Technology,Copiers,Canon Copier,2393.01,781.98,7,0.5,Consumer,Standard Class
04/03/2023,Central,Kansas,Furniture,Furnishings,Tenex Chair Mat,6774.67,-1373.53,12,0.1,Corporate,Second Class
04/29/2021,West,Washington,Technology,Machines,Epson Scanner,4088.13,-334.84,7,0.2,Consumer,First Class
06/17/2021,East,Vermont,Technology,Machines,Canon imageCLASS Printer,1238.2,71.99,9,0.4,Corporate,Same Day
01/04/2024,East,Rhode Island,Furniture,Bookcases,Sauder Heritage Bookcase,759.53,162.24,2,0.4,Corporate,Standard Class
03/26/2024,South,Tennessee,Technology,Copiers,Sharp Digital Copier,4831.49,93.14,8,0.15,Home Office,Standard Class
09/12/2021,Central,Ohio,Furniture,Bookcases,O'Sullivan 5-Shelf Bookcase,851.24,-3.8,2,0.15,Corporate,Same Day
01/20/2021,Central,Kansas,Technology,Phones,Apple iPhone Case,4243.71,547.89,7,0,Home Office,First Class
07/12/2021,South,South Carolina,Furniture,Furnishings,Tenex Chair Mat,510.81,165.02,3,0.6,Corporate,Same Day
05/31/2024,West,Utah,Furniture,Furnishings,Advantus Wall Clock,2831.49,244.45,7,0.1,Consumer,Standard Class
12/23/2023,West,Montana,Technology,Phones,OtterBox Phone Cover,51.25,10.67,3,0.8,Home Office,Standard Class
01/22/2022,South,Georgia,Office Supplies,Supplies,Swingline Stapler,680.59,-123.22,13,0.7,Consumer,Second Class
06/11/2024,South,Georgia,Furniture,Bookcases,O'Sullivan 5-Shelf Bookcase,2169.25,210.5,14,0.5,Consumer,First Class
08/29/2022,East,Massachusetts,Office Supplies,Binders,Wilson Jones Binder,583.73,30.42,6,0.5,Corporate,Same Day
07/25/2022,West,Montana,Furniture,Chairs,Novimex Swivel Chair,5954.1,-937.91,12,0.1,Corporate,First Class
10/23/2022,East,New Hampshire,Office Supplies,Art,Sharpie Marker Set,1422.71,363.97,9,0,Corporate,Same Day
04/12/2023,South,North Carolina,Furniture,Chairs,HON Executive Leather Chair,1650.12,124.09,13,0,Consumer,First Class
10/14/2022,Central,Wisconsin,Furniture,Chairs,Bush Mid-Back Chair,1185.11,-141.53,4,0,Consumer,Second Class
06/27/2024,East,New Hampshire,Technology,Copiers,Sharp Digital Copier,215.09,36.02,1,0.7,Corporate,First Class
02/26/2024,South,North Carolina,Technology,Accessories,Logitech Wireless Mouse,3543.66,-512.04,12,0.6,Consumer,Same Day
04/01/2023,South,South Carolina,Office Supplies,Art,Bic Pen Pack,166.52,-21.03,9,0,Home Office,Same Day
11/19/2024,West,Utah,Office Supplies,Storage,Rubbermaid File Bin,362.24,-41.36,3,0,Corporate,Standard Class
07/08/2022,West,Arizona,Furniture,Chairs,HON Executive Leather Chair,225.09,62.52,2,0.8,Home Office,Second Class
04/26/2022,East,Vermont,Technology,Machines,HP LaserJet Printer,2189.56,-528.45,7,0.2,Home Office,Standard Class
02/07/2024,Central,Wisconsin,Office Supplies,Binders,Wilson Jones Binder,482.13,164.48,14,0.15,Consumer,Second Class
06/19/2023,Central,Michigan,Office Supplies,Storage,Sterilite Storage Tote,985.52,308.26,7,0.2,Consumer,Same Day
06/08/2024,East,Maine,Office Supplies,Labels,Avery Round Labels,377.95,-24.43,13,0.6,Corporate,Second Class
09/30/2022,East,Massachusetts,Office Supplies,Storage,Sterilite Storage Tote,148.22,37.54,14,0.7,Consumer,Standard Class
08/09/2024,West,Utah,Furniture,Bookcases,Sauder Heritage Bookcase,1143.46,137.1,4,0.2,Consumer,Second Class
12/27/2024,East,New Jersey,Furniture,Furnishings,Fellowes Monitor Stand,2612.27,814.83,7,0.3,Corporate,Second Class
07/11/2021,West,Colorado,Furniture,Chairs,Novimex Swivel Chair,864.63,-182.22,10,0.15,Home Office,Second Class
08/31/2024,East,Massachusetts,Office Supplies,Binders,Wilson Jones Binder,824.19,-18.85,11,0,Home Office,Second Class
09/07/2022,West,Arizona,Office Supplies,Paper,HP Premium Paper,745.92,-83.51,11,0.5,Consumer,First Class
06/13/2023,West,Idaho,Office Supplies,Art,Bic Pen Pack,1559.33,85.2,10,0.15,Corporate,First Class
06/24/2024,West,Arizona,Furniture,Chairs,Novimex Swivel Chair,465.3,-110.51,3,0.5,Corporate,Second Class
02/20/2024,Central,Texas,Technology,Accessories,Kensington Keyboard,5357.79,1838.89,11,0.5,Home Office,First Class
08/04/2022,South,Florida,Furniture,Furnishings,Fellowes Monitor Stand,1641.55,-315.71,6,0.1,Corporate,Same Day
01/31/2024,Central,Texas,Office Supplies,Supplies,Scissors Set,25.3,5.24,9,0.1,Home Office,First Class
07/17/2022,Central,Ohio,Technology,Copiers,Xerox WorkCentre Copier,883.78,121.11,5,0.8,Home Office,Same Day
02/03/2021,South,Alabama,Office Supplies,Labels,Kroy Label Tape,39.77,6.77,7,0.8,Home Office,Standard Class
06/26/2024,South,Mississippi,Furniture,Bookcases,Bush Wood Bookcase,728.79,239.06,8,0,Consumer,First Class
01/05/2023,South,Georgia,Office Supplies,Fasteners,Acco Binder Clips,894.34,-223.56,7,0.3,Corporate,Standard Class
10/04/2023,South,Florida,Technology,Phones,OtterBox Phone Cover,3133.08,883.81,11,0.15,Home Office,Second Class
06/04/2024,West,Arizona,Technology,Machines,Brother Fax Machine,5415.53,-289.19,11,0.3,Corporate,First Class
09/20/2023,East,Maine,Office Supplies,Fasteners,Bostitch Push Pins,67.83,16.61,6,0.15,Home Office,First Class
12/10/2024,West,Montana,Office Supplies,Art,Bic Pen Pack,157.03,-8.06,9,0.6,Corporate,Standard Class
10/29/2024,Central,Texas,Furniture,Tables,Bretford Conference Table,6227.51,1698.72,14,0.1,Corporate,Same Day
05/26/2022,West,Utah,Office Supplies,Art,Bic Pen Pack,197.92,-20.45,9,0.7,Home Office,Same Day
03/29/2022,East,Vermont,Furniture,Tables,Chromcraft Round Table,151.82,-35.98,1,0.8,Consumer,Second Class
06/22/2021,South,Kentucky,Technology,Copiers,Sharp Digital Copier,4101.61,-1021.63,13,0.6,Corporate,First Class
08/31/2023,West,Idaho,Office Supplies,Envelopes,Manila Envelopes,88.24,-0.09,1,0.1,Consumer,Second Class
03/09/2022,South,South Carolina,Office Supplies,Labels,Avery Shipping Labels,290.51,16.04,11,0.6,Home Office,Same Day
02/06/2022,West,Nevada,Furniture,Bookcases,Hon Metal Bookcase,1302.32,3.92,4,0.2,Corporate,Standard Class
07/28/2022,South,South Carolina,Furniture,Furnishings,Advantus Wall Clock,4767.46,1342.92,14,0.2,Consumer,Same Day
01/08/2024,West,Utah,Furniture,Furnishings,Fellowes Monitor Stand,67.44,8.0,6,0.8,Home Office,Same Day
11/02/2024,South,Virginia,Office Supplies,Envelopes,Security Envelopes,92.07,-7.26,5,0.7,Home Office,First Class
06/04/2022,West,Colorado,Furniture,Furnishings,Fellowes Monitor Stand,12135.57,2674.74,14,0,Corporate,Same Day
02/21/2021,South,Alabama,Technology,Copiers,Sharp Digital Copier,281.79,76.07,5,0,Corporate,Same Day
02/14/2022,Central,Illinois,Office Supplies,Supplies,Swingline Stapler,104.28,21.13,5,0,Consumer,Second Class
03/10/2021,East,New York,Furniture,Bookcases,Bush Wood Bookcase,3165.79,-113.21,13,0.3,Home Office,Second Class
05/16/2022,West,Arizona,Technology,Accessories,SanDisk USB Drive,5731.14,20.63,9,0.2,Consumer,First Class
05/31/2023,West,Nevada,Technology,Machines,Epson Scanner,248.92,74.49,1,0.7,Consumer,Standard Class
05/03/2021,Central,Iowa,Furniture,Bookcases,Sauder Heritage Bookcase,7961.12,803.66,12,0.1,Home Office,First Class
06/14/2021,South,Georgia,Furniture,Furnishings,Advantus Wall Clock,109.59,30.91,2,0.5,Home Office,Second Class
10/01/2022,South,Virginia,Office Supplies,Fasteners,Staples Standard Staples,1210.28,6.09,12,0.15,Consumer,Same Day
03/30/2023,South,Florida,Office Supplies,Supplies,Tape Dispenser,709.2,177.54,11,0.7,Home Office,Second Class
04/08/2023,East,Maine,Technology,Machines,Brother Fax Machine,1717.96,-412.2,6,0.6,Home Office,Standard Class
01/08/2021,Central,Ohio,Technology,Machines,HP LaserJet Printer,8422.49,-1166.0,12,0,Corporate,First Class
06/30/2024,East,Maine,Office Supplies,Supplies,X-Acto Cutting Mat,285.61,-44.74,9,0.3,Corporate,Standard Class
02/10/2023,Central,Illinois,Furniture,Bookcases,O'Sullivan 5-Shelf Bookcase,379.45,7.83,1,0.15,Consumer,Second Class
06/19/2022,East,Connecticut,Office Supplies,Envelopes,Poly Mailer Bundle,1471.9,362.92,8,0.15,Consumer,Second Class
02/04/2021,Central,Nebraska,Office Supplies,Labels,Avery Round Labels,155.84,28.55,12,0.7,Home Office,Same Day
09/28/2022,West,Colorado,Furniture,Furnishings,Fellowes Monitor Stand,3709.26,-714.75,14,0.4,Consumer,Second Class
10/17/2021,Central,Illinois,Technology,Machines,Canon imageCLASS Printer,1402.35,-125.48,6,0.5,Corporate,First Class
11/21/2024,East,Maine,Furniture,Tables,Bush Somerset Table,605.2,-32.24,2,0.4,Home Office,Standard Class
01/10/2023,Central,Illinois,Furniture,Furnishings,Advantus Wall Clock,4931.96,1646.29,13,0.5,Consumer,Same Day
01/07/2024,South,Tennessee,Technology,Machines,HP LaserJet Printer,2869.95,-181.87,4,0,Home Office,Standard Class
02/28/2023,East,New York,Furniture,Bookcases,Bush Wood Bookcase,448.39,51.13,4,0.15,Consumer,First Class
05/11/2022,West,Washington,Technology,Accessories,Belkin Surge Protector,13172.73,2519.99,13,0,Consumer,Second Class
01/31/2022,East,Rhode Island,Office Supplies,Binders,Cardinal Ring Binder,1237.78,-89.82,5,0,Corporate,Standard Class
01/13/2023,West,Nevada,Furniture,Tables,Chromcraft Round Table,3431.99,-197.56,4,0,Consumer,Second Class
06/23/2023,East,Connecticut,Office Supplies,Storage,Rubbermaid File Bin,1517.28,-288.46,9,0,Consumer,Same Day
10/17/2022,Central,Nebraska,Technology,Accessories,SanDisk USB Drive,5025.8,878.27,8,0.3,Consumer,First Class
10/17/2021,Central,Wisconsin,Furniture,Chairs,Global Deluxe Task Chair,2169.34,235.96,7,0.6,Corporate,Second Class
02/16/2021,East,Vermont,Office Supplies,Art,Newell Highlighters,1607.16,319.71,7,0,Home Office,Same Day
09/22/2024,East,New York,Furniture,Chairs,HON Executive Leather Chair,3620.27,-636.81,5,0,Home Office,Second Class
07/20/2024,South,Kentucky,Furniture,Chairs,Global Deluxe Task Chair,2598.48,345.14,13,0.4,Consumer,Same Day
10/14/2023,South,North Carolina,Furniture,Chairs,Bush Mid-Back Chair,191.98,-47.55,10,0.8,Corporate,Second Class
02/03/2024,West,Colorado,Office Supplies,Binders,GBC Binding Cover,93.66,-12.11,11,0.4,Consumer,Standard Class
09/21/2021,East,New Hampshire,Office Supplies,Envelopes,Manila Envelopes,630.06,197.56,5,0.1,Consumer,First Class
11/10/2022,East,Connecticut,Office Supplies,Binders,Avery Durable Binder,1217.57,282.12,11,0.5,Consumer,Second Class
02/06/2024,South,Florida,Office Supplies,Storage,Sterilite Storage Tote,198.24,49.37,1,0,Corporate,Standard Class
07/13/2023,South,Tennessee,Office Supplies,Supplies,Swingline Stapler,1581.24,180.57,13,0.3,Corporate,Standard Class
03/15/2023,East,Connecticut,Furniture,Tables,Lesro Reception Table,2037.24,-394.69,12,0.15,Corporate,First Class
12/24/2023,Central,Missouri,Furniture,Chairs,Novimex Swivel Chair,1843.48,512.57,9,0.5,Corporate,Same Day
05/04/2023,West,Washington,Furniture,Furnishings,Eldon Desk Lamp,8787.28,-1468.96,11,0,Home Office,Standard Class
01/19/2021,East,Pennsylvania,Technology,Machines,Epson Scanner,3005.78,-251.71,5,0.4,Corporate,Standard Class
11/06/2022,East,Massachusetts,Technology,Phones,Samsung Galaxy Charger,353.77,93.43,2,0.8,Home Office,First Class
05/31/2021,West,Montana,Furniture,Tables,Chromcraft Round Table,1366.13,-128.73,10,0.8,Home Office,Standard Class
02/23/2024,Central,Michigan,Office Supplies,Supplies,X-Acto Cutting Mat,145.42,-28.24,4,0.6,Home Office,Same Day
03/29/2022,South,South Carolina,Technology,Phones,Motorola Phone Stand,795.85,36.65,3,0.7,Home Office,First Class
02/18/2023,South,Kentucky,Technology,Copiers,Sharp Digital Copier,736.64,209.61,12,0.7,Corporate,Second Class
12/16/2023,West,Montana,Furniture,Bookcases,Sauder Heritage Bookcase,944.05,-117.25,4,0,Corporate,First Class
09/21/2023,South,Kentucky,Technology,Accessories,Belkin Surge Protector,1279.73,-305.75,7,0.7,Corporate,First Class
07/29/2022,Central,Kansas,Furniture,Furnishings,Advantus Wall Clock,6009.89,210.14,10,0.2,Consumer,Standard Class
09/06/2023,West,Colorado,Technology,Machines,Canon imageCLASS Printer,3983.54,699.0,6,0.2,Home Office,Second Class
06/28/2021,South,Virginia,Technology,Copiers,Sharp Digital Copier,9413.06,-709.0,11,0,Home Office,Same Day
08/28/2024,West,Utah,Office Supplies,Envelopes,Kraft Envelope Pack,124.37,0.58,2,0.6,Corporate,Second Class
05/28/2021,Central,Nebraska,Office Supplies,Envelopes,Security Envelopes,2029.09,23.33,13,0.2,Consumer,Same Day
01/17/2021,South,Kentucky,Technology,Copiers,Xerox WorkCentre Copier,8994.67,-1133.99,13,0,Home Office,Second Class
06/25/2021,East,Pennsylvania,Office Supplies,Paper,Xerox Copy Paper,216.23,7.62,13,0.8,Home Office,Second Class
01/14/2024,West,Arizona,Furniture,Chairs,Bush Mid-Back Chair,543.84,116.04,13,0.8,Home Office,Second Class
06/12/2023,South,Alabama,Office Supplies,Storage,Sterilite Storage Tote,31.31,-6.27,11,0.8,Home Office,Standard Class
02/08/2024,Central,Texas,Furniture,Chairs,Bush Mid-Back Chair,757.88,-37.75,1,0,Consumer,Same Day
09/23/2023,West,Colorado,Technology,Copiers,Ricoh Office Copier,658.83,-56.96,2,0.2,Consumer,First Class
09/20/2023,West,Oregon,Office Supplies,Storage,Rubbermaid File Bin,2772.53,678.76,14,0.15,Corporate,Second Class
03/21/2023,South,North Carolina,Furniture,Tables,Bush Somerset Table,5805.48,-1232.04,12,0.15,Home Office,Second Class
03/29/2021,Central,Missouri,Office Supplies,Binders,Wilson Jones Binder,660.33,211.01,3,0,Corporate,Second Class
11/28/2022,West,California,Technology,Copiers,Ricoh Office Copier,7530.39,-1478.93,14,0.2,Consumer,Same Day
03/26/2023,West,Utah,Office Supplies,Paper,Boise Multi-Use Paper,309.54,-23.79,8,0.7,Corporate,Standard Class
12/05/2022,South,Kentucky,Technology,Phones,OtterBox Phone Cover,566.46,49.59,2,0.7,Home Office,Standard Class
05/21/2021,East,New Hampshire,Office Supplies,Envelopes,Security Envelopes,204.05,-17.06,3,0.6,Consumer,First Class
07/19/2022,West,Colorado,Furniture,Bookcases,O'Sullivan 5-Shelf Bookcase,882.51,181.45,10,0.5,Consumer,First Class
12/19/2022,South,Virginia,Office Supplies,Supplies,Tape Dispenser,819.97,-186.94,7,0.2,Consumer,First Class
07/31/2024,Central,Wisconsin,Technology,Accessories,Kensington Keyboard,3457.03,724.25,14,0.15,Home Office,Same Day
10/16/2021,South,Georgia,Office Supplies,Fasteners,Bostitch Push Pins,2494.28,-226.03,12,0,Home Office,Standard Class
08/19/2021,South,Alabama,Technology,Machines,Brother Fax Machine,2436.11,68.91,6,0.1,Consumer,Standard Class
08/05/2023,East,Pennsylvania,Furniture,Tables,Chromcraft Round Table,5000.54,593.75,8,0.1,Corporate,Second Class
12/21/2021,East,Connecticut,Technology,Copiers,Xerox WorkCentre Copier,2773.96,139.5,6,0.2,Corporate,First Class
09/25/2022,East,Massachusetts,Office Supplies,Labels,Kroy Label Tape,188.19,51.81,2,0.3,Corporate,Same Day
01/04/2024,West,Colorado,Furniture,Chairs,HON Executive Leather Chair,1572.36,-376.44,6,0.2,Home Office,First Class
10/25/2023,South,Mississippi,Office Supplies,Supplies,Swingline Stapler,62.03,-13.86,2,0.7,Home Office,First Class
03/14/2022,East,Massachusetts,Office Supplies,Binders,GBC Binding Cover,394.78,129.25,12,0.8,Corporate,Same Day
05/31/2022,East,Connecticut,Furniture,Furnishings,Eldon Desk Lamp,2512.83,42.1,7,0.6,Home Office,Standard Class
08/19/2022,Central,Iowa,Technology,Copiers,Xerox WorkCentre Copier,438.68,-25.62,2,0.5,Corporate,Standard Class
03/17/2021,West,Idaho,Office Supplies,Envelopes,Manila Envelopes,9.96,1.15,2,0.4,Corporate,Standard Class
09/11/2024,East,Pennsylvania,Office Supplies,Envelopes,Kraft Envelope Pack,2659.7,34.57,14,0,Consumer,Same Day
09/29/2023,South,Mississippi,Technology,Accessories,Logitech Wireless Mouse,5354.07,-766.39,9,0.3,Home Office,First Class
01/18/2023,Central,Illinois,Office Supplies,Binders,Avery Durable Binder,1501.35,318.87,10,0.1,Home Office,Same Day
02/10/2022,South,Alabama,Technology,Machines,Brother Fax Machine,5456.03,-577.84,13,0.3,Home Office,First Class
09/20/2021,South,Florida,Office Supplies,Storage,Rubbermaid File Bin,203.26,-17.88,3,0.5,Consumer,Second Class
06/02/2021,West,Colorado,Furniture,Chairs,Global Deluxe Task Chair,276.63,8.54,5,0.1,Corporate,Second Class
04/10/2023,South,Virginia,Technology,Machines,Epson Scanner,4661.05,-288.1,14,0.7,Home Office,Same Day
02/06/2022,South,Georgia,Technology,Accessories,Logitech Wireless Mouse,154.35,-33.81,12,0.7,Corporate,Second Class
02/21/2021,Central,Missouri,Office Supplies,Binders,Cardinal Ring Binder,2192.66,-97.3,9,0,Home Office,Same Day
10/17/2021,West,Idaho,Technology,Accessories,Logitech Wireless Mouse,2190.14,686.36,9,0.5,Consumer,Standard Class
06/25/2022,West,Oregon,Furniture,Chairs,Global Deluxe Task Chair,549.2,148.31,11,0.7,Corporate,Standard Class
06/21/2024,East,New Hampshire,Technology,Machines,Brother Fax Machine,5847.04,1198.26,14,0.15,Corporate,Same Day
01/06/2022,Central,Wisconsin,Office Supplies,Envelopes,Poly Mailer Bundle,369.19,-30.24,6,0.7,Consumer,Standard Class
03/14/2022,East,Rhode Island,Technology,Accessories,Logitech Wireless Mouse,1047.77,345.58,7,0.4,Home Office,First Class
06/30/2023,West,California,Furniture,Bookcases,Hon Metal Bookcase,1112.66,-77.28,14,0.8,Consumer,First Class
12/06/2021,South,Georgia,Office Supplies,Fasteners,Bostitch Push Pins,66.74,4.23,1,0,Consumer,Second Class
01/14/2022,Central,Wisconsin,Furniture,Bookcases,Sauder Heritage Bookcase,3973.59,1179.56,8,0,Consumer,Second Class
08/18/2023,East,Rhode Island,Office Supplies,Fasteners,Officemate Paper Clips,1468.91,-357.91,8,0,Corporate,Same Day
02/12/2023,South,Georgia,Technology,Machines,Epson Scanner,441.8,-109.77,3,0.8,Corporate,Same Day
10/29/2021,East,Vermont,Furniture,Bookcases,O'Sullivan 5-Shelf Bookcase,425.11,109.39,1,0.15,Corporate,Standard Class
04/02/2021,Central,Illinois,Technology,Copiers,Xerox WorkCentre Copier,263.22,67.64,4,0.7,Home Office,First Class
09/04/2022,South,Virginia,Technology,Copiers,Ricoh Office Copier,597.65,-5.52,2,0.6,Corporate,Second Class
08/14/2024,East,Vermont,Office Supplies,Storage,Rubbermaid File Bin,68.4,-3.3,1,0.1,Home Office,Standard Class
02/19/2024,South,Florida,Furniture,Bookcases,Bush Wood Bookcase,1852.89,641.25,10,0,Consumer,Same Day
08/30/2021,South,Florida,Office Supplies,Labels,Avery File Labels,100.51,-10.11,6,0.1,Corporate,Second Class
12/23/2021,Central,Ohio,Office Supplies,Storage,Iris Stackable Bin,201.19,61.87,2,0.3,Consumer,Same Day
05/20/2024,Central,Wisconsin,Technology,Phones,Samsung Galaxy Charger,3362.62,-98.07,4,0.1,Consumer,First Class
07/08/2023,West,Washington,Furniture,Furnishings,Advantus Wall Clock,2461.21,93.55,4,0.2,Corporate,First Class
02/23/2021,South,Mississippi,Furniture,Tables,Bretford Conference Table,55.03,-12.2,3,0.8,Consumer,Second Class
11/18/2023,West,Nevada,Furniture,Tables,Chromcraft Round Table,2823.7,253.45,11,0.6,Consumer,Second Class
10/07/2023,Central,Nebraska,Office Supplies,Art,Bic Pen Pack,210.5,-28.34,2,0.4,Corporate,Same Day
09/23/2021,South,Florida,Technology,Accessories,Logitech Wireless Mouse,476.92,-24.81,5,0.8,Corporate,First Class
05/05/2022,West,Montana,Technology,Accessories,Kensington Keyboard,3828.05,-692.18,8,0.3,Home Office,Same Day
01/20/2021,South,Louisiana,Office Supplies,Fasteners,Staples Standard Staples,343.08,-18.95,7,0.15,Home Office,Same Day
04/02/2021,West,Washington,Technology,Copiers,Xerox WorkCentre Copier,853.72,83.74,4,0.1,Corporate,Same Day
01/01/2021,Central,Iowa,Office Supplies,Envelopes,Kraft Envelope Pack,179.16,12.54,5,0.5,Consumer,First Class
03/04/2023,South,South Carolina,Furniture,Bookcases,Bush Wood Bookcase,610.97,-93.28,1,0.2,Consumer,Same Day
04/27/2023,Central,Nebraska,Technology,Accessories,Belkin Surge Protector,2142.95,-469.87,14,0,Home Office,Same Day
10/11/2024,South,Virginia,Office Supplies,Envelopes,Security Envelopes,1015.15,27.21,12,0.2,Home Office,Same Day
11/05/2023,West,Oregon,Office Supplies,Paper,Boise Multi-Use Paper,1203.25,190.33,6,0.15,Consumer,Standard Class
01/24/2021,Central,Missouri,Technology,Accessories,Belkin Surge Protector,4639.11,482.84,14,0.3,Home Office,Second Class
01/28/2024,South,Georgia,Furniture,Chairs,Novimex Swivel Chair,4558.56,1218.87,8,0,Corporate,Same Day
09/01/2024,South,Mississippi,Office Supplies,Supplies,Scissors Set,227.39,55.77,4,0.6,Consumer,Same Day
05/23/2021,West,Idaho,Office Supplies,Binders,Cardinal Ring Binder,172.52,2.19,11,0,Consumer,First Class
01/19/2022,East,New Jersey,Technology,Copiers,Xerox WorkCentre Copier,5566.37,1837.47,11,0,Home Office,Second Class
11/02/2024,Central,Michigan,Furniture,Chairs,HON Executive Leather Chair,768.22,-126.1,13,0.1,Home Office,Second Class
12/21/2024,Central,Wisconsin,Office Supplies,Storage,Rubbermaid File Bin,99.66,33.34,1,0.3,Home Office,Second Class
01/26/2022,East,Vermont,Technology,Accessories,Kensington Keyboard,2372.73,-35.42,6,0.4,Consumer,First Class
09/15/2023,East,New Jersey,Technology,Accessories,Kensington Keyboard,823.41,-16.86,12,0,Corporate,First Class
05/18/2022,Central,Wisconsin,Technology,Copiers,Sharp Digital Copier,2310.72,298.2,2,0,Home Office,Standard Class
10/21/2021,Central,Ohio,Office Supplies,Envelopes,Security Envelopes,741.13,248.02,9,0,Corporate,First Class
02/16/2024,West,Colorado,Office Supplies,Storage,Rubbermaid File Bin,1357.9,179.96,14,0.3,Corporate,Same Day
12/12/2021,East,New Jersey,Furniture,Chairs,HON Executive Leather Chair,1442.14,432.98,2,0.1,Consumer,Standard Class
04/27/2024,Central,Kansas,Office Supplies,Fasteners,Bostitch Push Pins,863.9,63.9,13,0.6,Corporate,Same Day
05/31/2022,West,Montana,Office Supplies,Paper,Xerox Copy Paper,2623.14,237.21,13,0,Corporate,Second Class
09/08/2022,East,New Hampshire,Technology,Copiers,Sharp Digital Copier,55.66,-7.41,2,0.3,Consumer,Standard Class
12/07/2024,South,Florida,Furniture,Tables,Bretford Conference Table,483.82,-30.32,1,0,Home Office,Standard Class
06/18/2021,West,California,Furniture,Chairs,Global Deluxe Task Chair,2430.36,-73.05,12,0.4,Corporate,Standard Class
09/10/2024,South,Virginia,Technology,Copiers,Xerox WorkCentre Copier,307.26,83.29,14,0.8,Corporate,Same Day
07/20/2021,South,North Carolina,Office Supplies,Envelopes,Kraft Envelope Pack,615.76,97.49,6,0,Corporate,First Class
04/24/2021,Central,Ohio,Furniture,Chairs,Novimex Swivel Chair,3278.09,-147.54,8,0.5,Home Office,Second Class
10/18/2021,West,California,Technology,Accessories,Belkin Surge Protector,543.85,-6.12,4,0.8,Home Office,Standard Class
07/02/2023,South,Florida,Furniture,Tables,Chromcraft Round Table,2216.26,-20.39,10,0,Consumer,First Class
01/15/2021,Central,Kansas,Technology,Phones,OtterBox Phone Cover,130.9,-24.33,2,0.2,Corporate,Same Day
05/31/2021,South,North Carolina,Furniture,Chairs,Bush Mid-Back Chair,606.74,157.16,10,0,Consumer,First Class
01/08/2021,West,Nevada,Furniture,Chairs,Novimex Swivel Chair,6263.06,1632.14,14,0.15,Corporate,First Class
09/13/2021,West,Washington,Office Supplies,Envelopes,Security Envelopes,295.25,68.27,2,0.3,Home Office,Same Day
08/14/2023,East,Connecticut,Technology,Machines,Canon imageCLASS Printer,1382.99,367.22,6,0.4,Corporate,Second Class
11/21/2021,Central,Kansas,Office Supplies,Paper,Universal Legal Pad,614.36,-124.2,7,0,Home Office,Second Class
04/28/2022,East,New Jersey,Office Supplies,Supplies,Tape Dispenser,427.8,95.67,13,0.7,Corporate,Second Class
07/13/2024,Central,Wisconsin,Furniture,Tables,Bush Somerset Table,2896.39,79.55,6,0.15,Corporate,Second Class
04/12/2023,South,Tennessee,Office Supplies,Art,Crayola Colored Pencils,554.19,-64.46,13,0.8,Home Office,Standard Class
08/05/2024,West,California,Furniture,Tables,Bretford Conference Table,1389.25,137.13,5,0,Corporate,Standard Class
05/16/2024,East,New York,Technology,Accessories,Logitech Wireless Mouse,1186.96,47.19,2,0.3,Corporate,Same Day
11/23/2024,West,Arizona,Furniture,Furnishings,Fellowes Monitor Stand,1958.57,-341.7,13,0.8,Corporate,Second Class
05/04/2024,East,Massachusetts,Office Supplies,Paper,Xerox Copy Paper,2340.29,-208.15,13,0,Home Office,Standard Class
08/11/2021,East,Maine,Furniture,Furnishings,Tenex Chair Mat,8182.62,-1140.59,12,0,Consumer,Same Day
05/13/2023,Central,Illinois,Office Supplies,Supplies,Swingline Stapler,2199.43,286.98,10,0,Home Office,First Class
07/08/2023,West,Nevada,Furniture,Tables,Chromcraft Round Table,1811.69,172.34,13,0.15,Home Office,Second Class
09/04/2023,Central,Nebraska,Office Supplies,Fasteners,Acco Binder Clips,3194.99,-321.04,13,0,Home Office,Standard Class
08/11/2023,West,Oregon,Office Supplies,Binders,Wilson Jones Binder,1100.15,-268.04,12,0.1,Home Office,Second Class
06/05/2023,West,California,Technology,Phones,Apple iPhone Case,1517.09,407.79,5,0.4,Home Office,First Class
12/16/2024,Central,Ohio,Office Supplies,Supplies,X-Acto Cutting Mat,318.87,99.81,6,0.2,Home Office,First Class
05/11/2024,West,Nevada,Furniture,Furnishings,Fellowes Monitor Stand,384.41,-82.0,3,0.8,Corporate,Same Day
09/19/2022,Central,Wisconsin,Technology,Machines,HP LaserJet Printer,842.69,86.37,4,0.7,Corporate,First Class
11/18/2023,West,Oregon,Technology,Accessories,Kensington Keyboard,3367.51,-166.27,8,0.5,Consumer,Second Class
04/22/2022,East,Massachusetts,Furniture,Bookcases,O'Sullivan 5-Shelf Bookcase,954.9,275.86,5,0.2,Home Office,Second Class
07/27/2021,East,New Jersey,Furniture,Furnishings,Advantus Wall Clock,2159.13,442.39,14,0,Corporate,Standard Class
04/23/2021,Central,Michigan,Technology,Copiers,Xerox WorkCentre Copier,1568.89,-87.05,4,0.1,Consumer,Same Day
07/16/2021,East,New Jersey,Furniture,Chairs,Bush Mid-Back Chair,6285.68,-1232.84,14,0,Corporate,First Class
07/14/2022,South,Florida,Technology,Accessories,Logitech Wireless Mouse,3232.72,778.09,3,0,Home Office,First Class
04/30/2024,Central,Missouri,Office Supplies,Art,Newell Highlighters,940.91,-25.07,10,0,Consumer,Second Class
11/25/2023,Central,Michigan,Technology,Phones,OtterBox Phone Cover,109.3,-10.97,2,0.6,Home Office,First Class
06/05/2024,East,Maine,Technology,Machines,Brother Fax Machine,3756.35,1031.84,5,0,Consumer,First Class
03/15/2023,South,Tennessee,Office Supplies,Supplies,Scissors Set,283.95,16.74,7,0.1,Home Office,Second Class
09/04/2021,Central,Missouri,Furniture,Bookcases,O'Sullivan 5-Shelf Bookcase,1159.47,302.91,12,0.3,Home Office,First Class
01/02/2021,South,South Carolina,Office Supplies,Binders,Avery Durable Binder,1316.04,-82.13,8,0.3,Corporate,Second Class
09/29/2024,East,Maine,Technology,Copiers,Sharp Digital Copier,5597.18,147.47,11,0.3,Consumer,First Class
11/01/2023,West,Nevada,Technology,Copiers,Canon Copier,185.12,-42.07,1,0.8,Consumer,Standard Class
03/20/2022,Central,Missouri,Technology,Phones,Apple iPhone Case,5981.43,347.32,10,0,Home Office,Standard Class
03/02/2023,West,California,Office Supplies,Fasteners,Staples Standard Staples,263.41,-1.43,4,0.5,Home Office,Same Day
05/05/2024,Central,Illinois,Technology,Accessories,Belkin Surge Protector,611.54,89.59,1,0.2,Corporate,First Class
09/08/2023,South,Kentucky,Technology,Machines,Epson Scanner,105.15,3.94,3,0.5,Consumer,Same Day
07/06/2023,West,California,Technology,Phones,Motorola Phone Stand,230.39,-28.46,3,0.7,Corporate,First Class
12/29/2023,East,New Hampshire,Technology,Machines,Canon imageCLASS Printer,3717.27,417.06,4,0,Home Office,First Class
04/24/2023,East,Connecticut,Office Supplies,Labels,Avery File Labels,532.26,20.48,8,0,Home Office,Standard Class
02/03/2023,South,Alabama,Technology,Copiers,Ricoh Office Copier,425.02,19.06,2,0.5,Consumer,Standard Class
12/21/2022,South,Virginia,Office Supplies,Fasteners,Staples Standard Staples,876.96,212.76,11,0.6,Consumer,First Class
03/06/2022,West,Washington,Technology,Phones,OtterBox Phone Cover,490.21,-113.03,10,0,Corporate,First Class
12/11/2024,South,Tennessee,Furniture,Chairs,Novimex Swivel Chair,3452.4,-824.93,8,0.4,Consumer,Standard Class
04/27/2024,South,Louisiana,Technology,Copiers,Canon Copier,13161.07,-2439.55,13,0,Corporate,Same Day
09/23/2024,West,California,Furniture,Chairs,Bush Mid-Back Chair,859.46,277.76,1,0,Corporate,First Class
08/29/2022,Central,Texas,Technology,Phones,Motorola Phone Stand,6235.19,1226.0,10,0,Consumer,Second Class
12/02/2023,South,Alabama,Technology,Copiers,Xerox WorkCentre Copier,1015.59,-23.86,9,0.4,Corporate,Second Class
10/06/2024,East,Massachusetts,Office Supplies,Paper,HP Premium Paper,9.42,-1.91,1,0,Consumer,First Class
10/05/2023,West,Arizona,Technology,Machines,Canon imageCLASS Printer,852.57,10.75,12,0.8,Home Office,Same Day
11/15/2023,Central,Wisconsin,Office Supplies,Fasteners,Bostitch Push Pins,1043.46,-35.96,10,0.4,Home Office,Same Day
11/02/2022,West,Oregon,Office Supplies,Binders,Cardinal Ring Binder,121.74,-18.31,11,0.3,Consumer,Standard Class
02/22/2023,West,Nevada,Office Supplies,Storage,Sterilite Storage Tote,820.79,212.42,12,0.4,Consumer,Second Class
06/22/2022,Central,Illinois,Technology,Accessories,Logitech Wireless Mouse,1025.48,-154.23,2,0.5,Home Office,Standard Class
03/30/2021,Central,Illinois,Office Supplies,Fasteners,Acco Binder Clips,1203.94,312.88,12,0.5,Consumer,Second Class
09/23/2023,South,Kentucky,Technology,Accessories,SanDisk USB Drive,305.21,25.68,11,0.6,Consumer,Same Day
06/06/2024,East,Maine,Furniture,Furnishings,Fellowes Monitor Stand,2199.23,579.07,6,0.5,Corporate,First Class
06/16/2022,Central,Ohio,Furniture,Chairs,HON Executive Leather Chair,907.65,65.36,12,0.5,Corporate,Second Class
06/07/2021,East,Massachusetts,Office Supplies,Paper,Universal Legal Pad,49.22,15.54,5,0.2,Consumer,Standard Class
06/24/2022,West,Utah,Technology,Copiers,Canon Copier,9581.14,-966.53,13,0,Home Office,Same Day
07/20/2023,East,Vermont,Furniture,Bookcases,Bush Wood Bookcase,10251.21,929.95,13,0,Home Office,Standard Class
09/09/2024,East,New Jersey,Technology,Accessories,Belkin Surge Protector,868.24,-58.81,11,0.6,Corporate,Same Day
06/21/2022,West,Arizona,Furniture,Bookcases,Hon Metal Bookcase,173.48,35.28,2,0.15,Home Office,Standard Class
01/20/2021,East,Rhode Island,Technology,Phones,Motorola Phone Stand,5075.8,-564.06,6,0,Corporate,Standard Class
10/01/2022,South,Mississippi,Technology,Phones,Motorola Phone Stand,4941.79,-7.7,8,0,Home Office,First Class
09/14/2024,East,Vermont,Office Supplies,Art,Crayola Colored Pencils,810.43,-99.19,14,0.5,Consumer,Second Class
10/07/2022,East,Connecticut,Office Supplies,Fasteners,Officemate Paper Clips,1893.59,-300.17,8,0,Corporate,Same Day
04/01/2022,Central,Texas,Office Supplies,Labels,Avery Round Labels,162.84,19.69,4,0.4,Home Office,Same Day
03/17/2023,East,Massachusetts,Furniture,Bookcases,Hon Metal Bookcase,1316.44,-182.34,12,0.6,Home Office,Same Day
04/05/2022,Central,Illinois,Furniture,Furnishings,Eldon Desk Lamp,1444.78,29.69,3,0.3,Consumer,Standard Class
06/29/2021,East,Maine,Office Supplies,Fasteners,Bostitch Push Pins,243.55,84.72,11,0,Home Office,Same Day
10/22/2022,Central,Wisconsin,Office Supplies,Art,Sharpie Marker Set,31.61,9.76,4,0.3,Consumer,Standard Class
05/12/2024,Central,Iowa,Office Supplies,Fasteners,Acco Binder Clips,239.71,31.49,5,0.5,Home Office,First Class
08/23/2024,Central,Kansas,Furniture,Furnishings,Eldon Desk Lamp,2047.22,-480.66,4,0.3,Consumer,Same Day
03/31/2022,South,Florida,Furniture,Furnishings,Fellowes Monitor Stand,1951.06,574.53,11,0.4,Home Office,Second Class
06/01/2021,West,California,Office Supplies,Art,Newell Highlighters,1154.29,237.01,8,0,Consumer,Standard Class
07/03/2022,Central,Nebraska,Furniture,Chairs,Global Deluxe Task Chair,407.13,135.59,5,0.15,Corporate,First Class
04/23/2022,South,Louisiana,Office Supplies,Paper,HP Premium Paper,431.34,63.91,11,0.7,Home Office,Same Day
09/11/2023,Central,Minnesota,Furniture,Chairs,Global Deluxe Task Chair,169.0,-20.84,13,0.7,Consumer,First Class
02/27/2023,West,California,Furniture,Tables,Bush Somerset Table,6794.12,-824.36,11,0.3,Corporate,Standard Class
03/20/2022,South,Louisiana,Furniture,Bookcases,O'Sullivan 5-Shelf Bookcase,5879.85,980.07,10,0.15,Consumer,First Class
11/06/2022,South,North Carolina,Furniture,Tables,Lesro Reception Table,7477.69,-1181.02,11,0.1,Corporate,Same Day
07/15/2022,South,Georgia,Office Supplies,Art,Sharpie Marker Set,1783.58,511.4,10,0.1,Corporate,Same Day
01/16/2023,South,Florida,Office Supplies,Storage,Sterilite Storage Tote,73.21,20.03,9,0.7,Corporate,Same Day
10/07/2021,West,Washington,Technology,Phones,OtterBox Phone Cover,2940.27,696.49,6,0,Home Office,Second Class
03/04/2022,Central,Wisconsin,Office Supplies,Labels,Kroy Label Tape,754.37,81.16,14,0.6,Consumer,Standard Class
04/18/2022,Central,Minnesota,Office Supplies,Supplies,Scissors Set,121.72,17.87,10,0.8,Corporate,Standard Class
10/22/2022,South,Alabama,Technology,Machines,Brother Fax Machine,1206.59,167.8,3,0.6,Corporate,Standard Class
09/27/2024,West,Utah,Furniture,Bookcases,Sauder Heritage Bookcase,1214.31,242.75,2,0,Consumer,First Class
01/30/2022,South,Georgia,Office Supplies,Art,Bic Pen Pack,1509.88,499.42,9,0.15,Home Office,Standard Class
10/09/2024,West,Washington,Furniture,Bookcases,Sauder Heritage Bookcase,2823.33,403.99,12,0.5,Consumer,First Class
09/07/2023,South,Mississippi,Technology,Phones,OtterBox Phone Cover,2209.7,-263.33,3,0.1,Consumer,First Class
07/10/2024,Central,Kansas,Furniture,Furnishings,Fellowes Monitor Stand,1071.4,282.47,4,0.7,Corporate,First Class
05/28/2021,South,Georgia,Technology,Machines,HP LaserJet Printer,4354.56,1207.4,13,0.5,Consumer,Same Day
09/06/2021,West,Washington,Technology,Copiers,Sharp Digital Copier,581.63,74.34,8,0.3,Home Office,Second Class
08/27/2021,East,New Jersey,Furniture,Furnishings,Advantus Wall Clock,1454.39,-155.27,12,0.7,Home Office,Second Class
08/06/2023,Central,Nebraska,Technology,Phones,OtterBox Phone Cover,282.58,-29.31,7,0.15,Consumer,Standard Class
07/24/2024,West,Oregon,Office Supplies,Binders,GBC Binding Cover,1835.02,544.83,13,0.3,Consumer,Same Day
12/05/2021,West,Idaho,Technology,Accessories,SanDisk USB Drive,591.51,70.35,3,0.2,Corporate,First Class
12/11/2024,Central,Kansas,Office Supplies,Paper,Universal Legal Pad,659.29,-120.14,12,0.5,Consumer,Standard Class
06/12/2022,Central,Michigan,Furniture,Bookcases,O'Sullivan 5-Shelf Bookcase,257.05,-60.48,1,0.6,Home Office,Same Day
05/01/2024,South,Georgia,Office Supplies,Envelopes,Security Envelopes,646.37,-139.96,11,0.7,Home Office,Same Day
12/18/2021,West,Idaho,Technology,Copiers,Canon Copier,347.1,-55.13,6,0.6,Home Office,First Class
04/25/2023,South,South Carolina,Office Supplies,Binders,Avery Durable Binder,145.03,-1.86,3,0.8,Consumer,Second Class
01/02/2024,West,Nevada,Office Supplies,Labels,Avery Round Labels,590.87,-34.46,13,0,Home Office,Same Day
05/17/2024,South,South Carolina,Technology,Copiers,Xerox WorkCentre Copier,13135.28,3436.57,14,0.2,Corporate,First Class
10/29/2024,East,New Jersey,Office Supplies,Supplies,Swingline Stapler,35.94,5.58,2,0,Corporate,Same Day
12/29/2022,East,Massachusetts,Technology,Copiers,Xerox WorkCentre Copier,1200.63,10.39,7,0.7,Consumer,Second Class
03/02/2022,Central,Kansas,Office Supplies,Binders,GBC Binding Cover,136.67,-4.52,1,0,Consumer,Standard Class
11/14/2023,West,Oregon,Technology,Accessories,Kensington Keyboard,8316.09,2105.1,8,0.1,Consumer,Standard Class
12/18/2021,East,New Hampshire,Technology,Machines,Canon imageCLASS Printer,1970.41,11.93,11,0.4,Corporate,First Class
10/01/2021,Central,Ohio,Furniture,Bookcases,O'Sullivan 5-Shelf Bookcase,563.12,144.71,1,0,Home Office,First Class
06/14/2023,West,Montana,Office Supplies,Labels,Avery Round Labels,91.79,10.82,11,0.8,Corporate,Second Class
12/25/2022,South,Tennessee,Furniture,Chairs,Bush Mid-Back Chair,3733.8,-889.8,6,0,Corporate,Standard Class
12/25/2024,East,Rhode Island,Furniture,Tables,Chromcraft Round Table,1193.28,-174.52,3,0,Home Office,Standard Class
10/03/2021,East,Massachusetts,Office Supplies,Storage,Rubbermaid File Bin,221.17,-34.92,3,0.1,Home Office,Second Class
08/03/2024,East,Massachusetts,Technology,Accessories,Kensington Keyboard,5377.7,-276.76,5,0.1,Consumer,Standard Class
05/02/2023,South,Mississippi,Furniture,Bookcases,Sauder Heritage Bookcase,1802.47,5.8,12,0.3,Corporate,Same Day
01/03/2021,South,Virginia,Furniture,Chairs,HON Executive Leather Chair,1060.14,-104.28,5,0.2,Consumer,Same Day
01/09/2021,East,Vermont,Office Supplies,Labels,Kroy Label Tape,41.27,-3.13,1,0.7,Home Office,First Class
04/14/2023,East,Pennsylvania,Office Supplies,Art,Bic Pen Pack,729.33,-1.66,5,0,Home Office,Second Class
01/05/2023,East,New Jersey,Office Supplies,Art,Newell Highlighters,163.91,23.36,1,0.2,Corporate,Same Day
12/21/2024,East,Massachusetts,Furniture,Tables,Bush Somerset Table,770.98,-79.62,6,0.2,Consumer,Second Class
08/19/2024,East,Maine,Technology,Machines,Epson Scanner,926.08,-37.13,8,0.7,Corporate,Standard Class
10/17/2024,Central,Iowa,Office Supplies,Binders,Wilson Jones Binder,147.69,31.45,4,0.6,Consumer,Standard Class
01/07/2022,Central,Ohio,Office Supplies,Envelopes,Manila Envelopes,847.79,68.92,8,0.4,Consumer,Same Day
12/25/2023,East,Massachusetts,Furniture,Furnishings,Advantus Wall Clock,8730.45,-2078.52,10,0,Corporate,Standard Class
09/26/2022,South,Georgia,Technology,Copiers,Canon Copier,3337.13,1151.29,14,0,Consumer,First Class
04/03/2021,Central,Wisconsin,Technology,Accessories,Kensington Keyboard,1150.01,101.34,6,0.8,Corporate,First Class
10/25/2024,South,Louisiana,Technology,Phones,Apple iPhone Case,2850.34,651.27,4,0.4,Consumer,Standard Class
06/25/2023,Central,Minnesota,Office Supplies,Fasteners,Bostitch Push Pins,983.35,266.28,14,0.15,Consumer,Standard Class
03/21/2021,South,Florida,Technology,Accessories,Belkin Surge Protector,13747.34,2001.32,13,0,Consumer,Second Class
05/05/2021,East,Massachusetts,Furniture,Furnishings,Fellowes Monitor Stand,96.13,2.41,1,0.5,Home Office,Standard Class
11/07/2024,West,Montana,Technology,Machines,Canon imageCLASS Printer,3310.15,-617.35,8,0.15,Consumer,Second Class
08/04/2021,South,Mississippi,Technology,Machines,Epson Scanner,7429.31,2310.7,11,0.2,Consumer,Second Class
11/18/2023,South,Kentucky,Technology,Accessories,Kensington Keyboard,938.36,296.55,6,0.8,Home Office,Same Day
03/22/2023,East,Rhode Island,Office Supplies,Paper,Universal Legal Pad,158.6,46.89,12,0.1,Home Office,Standard Class
06/14/2024,East,New Hampshire,Furniture,Furnishings,Advantus Wall Clock,3070.78,969.09,10,0.6,Home Office,First Class
07/22/2022,Central,Minnesota,Office Supplies,Labels,Avery Shipping Labels,228.14,22.57,2,0,Consumer,Same Day
09/01/2024,West,Utah,Technology,Accessories,SanDisk USB Drive,3159.46,784.2,4,0.15,Home Office,Standard Class
11/30/2022,South,Florida,Technology,Accessories,Kensington Keyboard,3317.81,-412.81,10,0.7,Home Office,First Class
11/03/2023,East,New Hampshire,Technology,Copiers,Sharp Digital Copier,6238.56,1271.4,14,0.2,Home Office,Same Day
09/04/2023,Central,Missouri,Technology,Phones,OtterBox Phone Cover,9144.18,-1089.54,9,0.15,Corporate,Standard Class
11/07/2024,South,South Carolina,Furniture,Furnishings,Eldon Desk Lamp,3610.39,-62.25,14,0.4,Home Office,Second Class
11/07/2023,Central,Texas,Technology,Phones,OtterBox Phone Cover,3919.17,-611.26,9,0.1,Consumer,Second Class
04/18/2023,Central,Wisconsin,Furniture,Chairs,HON Executive Leather Chair,2206.13,-379.59,10,0.6,Home Office,First Class
10/31/2024,East,New Jersey,Furniture,Bookcases,Hon Metal Bookcase,2705.01,-418.81,13,0.3,Consumer,First Class
06/22/2022,Central,Illinois,Office Supplies,Supplies,X-Acto Cutting Mat,30.6,-5.09,10,0.8,Consumer,Second Class
05/19/2023,Central,Iowa,Office Supplies,Art,Crayola Colored Pencils,435.63,-100.18,13,0.6,Consumer,First Class
11/01/2021,Central,Minnesota,Office Supplies,Supplies,Scissors Set,103.95,3.34,1,0,Consumer,Second Class
08/21/2023,South,Virginia,Office Supplies,Envelopes,Security Envelopes,269.06,-41.42,13,0.3,Home Office,Second Class
10/28/2022,East,New Jersey,Office Supplies,Storage,Rubbermaid File Bin,110.56,-20.78,1,0.4,Consumer,Second Class
01/17/2023,West,Montana,Technology,Machines,Canon imageCLASS Printer,2150.58,181.67,7,0.15,Corporate,Second Class
11/28/2022,East,Connecticut,Office Supplies,Envelopes,Security Envelopes,117.29,38.91,10,0.2,Consumer,First Class
01/09/2024,South,Florida,Office Supplies,Supplies,Tape Dispenser,237.84,53.79,10,0.7,Consumer,Second Class
10/21/2024,South,Alabama,Furniture,Bookcases,Bush Wood Bookcase,500.99,30.93,14,0.3,Home Office,Second Class
02/27/2024,South,Mississippi,Office Supplies,Binders,Cardinal Ring Binder,236.84,-33.1,1,0,Consumer,Same Day
08/02/2021,Central,Minnesota,Technology,Phones,OtterBox Phone Cover,235.0,31.96,8,0.6,Corporate,Standard Class
03/21/2021,East,Maine,Technology,Phones,Samsung Galaxy Charger,641.97,-80.07,1,0.1,Corporate,Standard Class
08/23/2021,South,Alabama,Technology,Copiers,Xerox WorkCentre Copier,6173.27,498.43,7,0,Consumer,Second Class
08/21/2024,West,Washington,Technology,Machines,Epson Scanner,1615.96,420.25,10,0,Consumer,Standard Class
03/28/2021,South,Georgia,Furniture,Chairs,Novimex Swivel Chair,11339.86,-1978.19,14,0,Consumer,Second Class
07/19/2023,South,Louisiana,Technology,Accessories,Kensington Keyboard,5189.61,634.51,13,0,Corporate,Same Day
03/31/2023,South,North Carolina,Technology,Machines,Canon imageCLASS Printer,863.09,126.13,4,0,Home Office,Standard Class
06/14/2022,East,New Jersey,Office Supplies,Storage,Sterilite Storage Tote,148.31,7.71,7,0.8,Corporate,Second Class
11/19/2024,Central,Iowa,Office Supplies,Storage,Rubbermaid File Bin,2273.45,640.36,14,0,Corporate,Same Day
08/03/2023,West,Arizona,Office Supplies,Binders,Wilson Jones Binder,332.23,55.46,4,0.4,Corporate,Same Day
05/04/2023,Central,Texas,Office Supplies,Storage,Sterilite Storage Tote,425.12,91.51,6,0.4,Consumer,Same Day
01/23/2024,East,New Jersey,Technology,Copiers,Xerox WorkCentre Copier,2483.48,-529.53,5,0,Home Office,Second Class
06/11/2022,West,Utah,Technology,Phones,OtterBox Phone Cover,73.69,-3.32,2,0.4,Corporate,Standard Class
01/17/2024,South,Florida,Office Supplies,Fasteners,Acco Binder Clips,1792.21,-368.19,9,0,Home Office,Same Day
10/23/2021,South,Virginia,Office Supplies,Envelopes,Kraft Envelope Pack,422.01,121.77,8,0.6,Consumer,First Class
02/04/2023,West,Montana,Technology,Accessories,Kensington Keyboard,1141.69,288.93,11,0.7,Consumer,Standard Class
12/06/2023,East,Rhode Island,Technology,Accessories,Logitech Wireless Mouse,8953.8,-1601.84,8,0,Consumer,Same Day
09/10/2023,South,Georgia,Office Supplies,Binders,Avery Durable Binder,66.38,21.2,8,0.7,Corporate,First Class
01/28/2024,East,Connecticut,Furniture,Chairs,Novimex Swivel Chair,5313.35,575.23,10,0.2,Corporate,Second Class
05/18/2021,Central,Missouri,Furniture,Bookcases,Bush Wood Bookcase,1670.42,154.33,2,0,Consumer,Standard Class
02/27/2021,South,Florida,Furniture,Furnishings,Advantus Wall Clock,364.83,-80.69,12,0,Corporate,First Class
03/09/2021,South,North Carolina,Technology,Machines,HP LaserJet Printer,2376.03,-348.59,2,0,Corporate,First Class
08/03/2024,South,Virginia,Technology,Copiers,Sharp Digital Copier,838.47,89.72,4,0.6,Home Office,Same Day
02/25/2023,Central,Wisconsin,Furniture,Tables,Bush Somerset Table,2042.05,425.01,11,0.7,Corporate,Second Class
08/20/2021,East,Connecticut,Furniture,Furnishings,Advantus Wall Clock,247.02,-18.52,6,0.8,Home Office,First Class
06/29/2023,East,Massachusetts,Furniture,Furnishings,Tenex Chair Mat,6558.14,-83.41,13,0.3,Home Office,Same Day
12/22/2023,South,Kentucky,Furniture,Furnishings,Eldon Desk Lamp,2192.81,-431.89,6,0.2,Corporate,First Class
11/24/2023,East,Maine,Technology,Accessories,Belkin Surge Protector,3166.09,325.91,9,0,Consumer,Standard Class
08/04/2022,West,Colorado,Technology,Copiers,Xerox WorkCentre Copier,9820.72,162.29,12,0,Corporate,First Class
06/14/2022,East,Rhode Island,Office Supplies,Paper,HP Premium Paper,435.78,145.73,6,0.1,Home Office,Standard Class
11/20/2024,East,Pennsylvania,Furniture,Bookcases,Bush Wood Bookcase,12133.81,-1211.3,14,0,Home Office,Same Day
05/13/2022,Central,Nebraska,Furniture,Chairs,Global Deluxe Task Chair,918.25,45.96,6,0.6,Consumer,Standard Class
03/23/2021,South,South Carolina,Technology,Accessories,Logitech Wireless Mouse,2394.81,2.77,3,0,Consumer,First Class
08/31/2022,South,North Carolina,Furniture,Tables,Chromcraft Round Table,6695.28,403.22,9,0,Corporate,Standard Class
05/31/2024,West,Washington,Office Supplies,Supplies,Swingline Stapler,428.7,-28.71,12,0.5,Consumer,First Class
01/27/2024,West,Nevada,Office Supplies,Art,Bic Pen Pack,179.49,40.68,5,0.7,Consumer,Standard Class
10/20/2023,Central,Missouri,Furniture,Furnishings,Tenex Chair Mat,185.19,-16.14,6,0.5,Consumer,Second Class
08/22/2023,South,Louisiana,Office Supplies,Supplies,Tape Dispenser,362.8,20.91,6,0.15,Corporate,First Class
06/04/2024,East,Massachusetts,Office Supplies,Storage,Fellowes Storage Box,140.42,48.4,3,0.8,Consumer,Same Day
11/25/2024,East,Maine,Technology,Copiers,Xerox WorkCentre Copier,5160.2,-1091.89,8,0.2,Home Office,Second Class
11/10/2021,Central,Missouri,Furniture,Bookcases,Sauder Heritage Bookcase,9050.07,604.47,14,0.15,Corporate,Same Day
09/01/2021,West,Utah,Technology,Accessories,Belkin Surge Protector,814.75,189.01,2,0.2,Consumer,Second Class
11/18/2022,West,California,Office Supplies,Storage,Rubbermaid File Bin,1109.91,299.49,10,0.15,Consumer,Standard Class
07/25/2024,South,Florida,Furniture,Chairs,Novimex Swivel Chair,1072.38,-130.93,5,0.1,Corporate,Second Class
08/06/2022,South,Georgia,Technology,Copiers,Xerox WorkCentre Copier,3151.44,-122.0,5,0.4,Consumer,Standard Class
01/19/2024,East,New Jersey,Technology,Phones,Samsung Galaxy Charger,7261.26,1876.76,12,0,Home Office,Same Day
11/28/2024,East,Vermont,Office Supplies,Art,Crayola Colored Pencils,625.6,35.28,5,0.2,Home Office,Same Day
12/22/2024,South,South Carolina,Office Supplies,Fasteners,Officemate Paper Clips,259.62,79.98,14,0.15,Consumer,Second Class
06/06/2023,Central,Ohio,Furniture,Chairs,Novimex Swivel Chair,8219.72,-495.98,10,0,Home Office,First Class
01/05/2024,South,Mississippi,Technology,Accessories,Kensington Keyboard,10731.93,2730.41,9,0,Corporate,Same Day
06/12/2021,East,Maine,Furniture,Bookcases,Hon Metal Bookcase,7513.77,-1123.03,11,0.1,Home Office,Same Day
03/02/2022,East,New Jersey,Furniture,Chairs,Global Deluxe Task Chair,8342.62,532.03,14,0.3,Corporate,Second Class
05/26/2023,South,Louisiana,Technology,Copiers,Xerox WorkCentre Copier,1451.13,-68.56,9,0.8,Corporate,Second Class
01/13/2021,South,Alabama,Furniture,Chairs,HON Executive Leather Chair,2240.87,-255.69,9,0.4,Corporate,Same Day
03/31/2022,East,New York,Office Supplies,Binders,GBC Binding Cover,238.59,56.77,5,0.7,Home Office,First Class
01/31/2022,South,South Carolina,Office Supplies,Fasteners,Bostitch Push Pins,2364.75,616.78,11,0,Corporate,Same Day
11/27/2022,East,New York,Office Supplies,Envelopes,Poly Mailer Bundle,1274.53,40.64,9,0.2,Consumer,Second Class
02/02/2024,South,South Carolina,Technology,Machines,HP LaserJet Printer,3994.75,-944.41,6,0.4,Home Office,Second Class
12/02/2022,Central,Texas,Technology,Machines,Brother Fax Machine,5572.48,349.53,6,0.15,Home Office,Second Class
08/02/2021,South,Louisiana,Technology,Phones,Motorola Phone Stand,822.8,69.73,2,0.3,Consumer,First Class
12/17/2023,South,Virginia,Office Supplies,Supplies,X-Acto Cutting Mat,539.1,-131.49,7,0.2,Corporate,First Class
01/19/2022,South,Louisiana,Technology,Machines,HP LaserJet Printer,9115.34,-1892.97,12,0,Home Office,Second Class
12/31/2023,Central,Kansas,Technology,Accessories,SanDisk USB Drive,867.38,-211.35,8,0.8,Corporate,Second Class
05/14/2023,West,Arizona,Office Supplies,Labels,Avery File Labels,615.36,-144.97,5,0,Home Office,First Class
04/07/2022,West,California,Furniture,Chairs,Global Deluxe Task Chair,6637.81,-1544.21,14,0.1,Consumer,Second Class
05/23/2022,South,Georgia,Office Supplies,Binders,GBC Binding Cover,580.99,-126.65,6,0.3,Home Office,Standard Class
01/20/2023,East,Rhode Island,Technology,Phones,Apple iPhone Case,3425.26,-280.45,14,0.1,Consumer,First Class
10/03/2023,South,Louisiana,Furniture,Chairs,Novimex Swivel Chair,1042.37,-216.26,3,0.5,Corporate,Same Day
11/28/2024,Central,Nebraska,Office Supplies,Envelopes,Manila Envelopes,674.09,-25.57,10,0.7,Corporate,First Class
02/22/2021,Central,Nebraska,Technology,Accessories,SanDisk USB Drive,5179.03,-549.01,6,0.2,Home Office,Same Day
11/19/2023,West,Washington,Office Supplies,Art,Crayola Colored Pencils,1145.45,97.93,6,0.15,Home Office,First Class
05/07/2021,West,Colorado,Furniture,Tables,Bush Somerset Table,1681.93,230.66,8,0.7,Home Office,Second Class
05/18/2021,East,Vermont,Technology,Accessories,Logitech Wireless Mouse,2581.28,-502.01,10,0.7,Corporate,Same Day
02/23/2022,Central,Wisconsin,Office Supplies,Binders,Avery Durable Binder,10.68,1.37,1,0.7,Home Office,First Class
04/27/2021,South,South Carolina,Furniture,Chairs,Bush Mid-Back Chair,271.11,71.83,4,0.8,Consumer,Standard Class
04/08/2024,West,Arizona,Office Supplies,Storage,Iris Stackable Bin,167.78,22.88,4,0.3,Consumer,First Class
01/11/2023,East,New Jersey,Technology,Phones,Apple iPhone Case,801.99,29.61,12,0.7,Corporate,Standard Class
10/07/2021,East,Connecticut,Office Supplies,Labels,Avery Round Labels,236.7,-37.32,13,0.7,Corporate,Same Day
02/22/2022,East,Pennsylvania,Technology,Phones,Apple iPhone Case,9911.71,1862.57,13,0.15,Consumer,First Class
05/15/2024,Central,Iowa,Furniture,Chairs,HON Executive Leather Chair,2217.55,366.21,13,0.7,Corporate,Same Day
08/18/2022,South,Georgia,Furniture,Furnishings,Tenex Chair Mat,1708.81,-307.76,14,0,Consumer,Second Class
03/22/2021,East,Massachusetts,Technology,Phones,Samsung Galaxy Charger,1228.61,-82.08,2,0.15,Consumer,Second Class
10/19/2024,East,Rhode Island,Technology,Phones,OtterBox Phone Cover,5814.32,-903.14,7,0.15,Consumer,Standard Class
01/29/2022,East,Rhode Island,Furniture,Bookcases,Hon Metal Bookcase,3647.78,679.35,6,0.3,Home Office,Second Class
07/06/2024,East,New Hampshire,Furniture,Chairs,Novimex Swivel Chair,282.97,-19.74,7,0.4,Home Office,Standard Class
06/20/2024,South,Georgia,Furniture,Chairs,Global Deluxe Task Chair,718.0,26.91,2,0.5,Consumer,First Class
02/16/2021,East,Pennsylvania,Furniture,Chairs,HON Executive Leather Chair,3038.95,697.16,13,0.1,Home Office,First Class
11/30/2023,South,Florida,Office Supplies,Art,Crayola Colored Pencils,490.26,120.52,8,0.3,Corporate,Same Day
04/09/2022,Central,Ohio,Office Supplies,Supplies,X-Acto Cutting Mat,265.25,-33.06,2,0.3,Corporate,Standard Class
08/28/2024,West,Idaho,Technology,Phones,Apple iPhone Case,3783.75,800.28,14,0.7,Corporate,Same Day
05/04/2021,East,Massachusetts,Technology,Copiers,Xerox WorkCentre Copier,5132.68,-1213.23,7,0.3,Corporate,First Class
10/08/2021,South,Mississippi,Office Supplies,Fasteners,Bostitch Push Pins,656.53,17.55,13,0.1,Consumer,Same Day
04/02/2024,East,Maine,Technology,Phones,Apple iPhone Case,2807.9,-620.17,8,0,Corporate,Second Class
03/04/2021,West,Oregon,Furniture,Tables,Bush Somerset Table,2885.86,204.06,13,0.3,Corporate,First Class
05/14/2022,Central,Kansas,Technology,Machines,HP LaserJet Printer,4683.14,-1156.16,8,0.2,Home Office,Same Day
11/05/2024,West,Oregon,Technology,Accessories,Kensington Keyboard,3408.88,666.83,6,0.5,Corporate,First Class
02/19/2021,East,Massachusetts,Technology,Phones,OtterBox Phone Cover,2168.09,-327.26,4,0.15,Consumer,Same Day
02/05/2022,South,Kentucky,Technology,Machines,Epson Scanner,2839.73,-381.93,7,0.6,Consumer,Standard Class
06/07/2022,East,Connecticut,Technology,Machines,Epson Scanner,4077.39,-8.25,8,0.2,Corporate,Same Day
10/03/2023,South,Virginia,Furniture,Furnishings,Tenex Chair Mat,1750.28,-17.16,13,0,Consumer,Same Day
03/30/2023,Central,Minnesota,Furniture,Furnishings,Fellowes Monitor Stand,248.93,14.45,1,0,Consumer,Standard Class
06/19/2023,East,Connecticut,Office Supplies,Art,Crayola Colored Pencils,44.94,-2.83,3,0.5,Consumer,Same Day
07/28/2021,East,Pennsylvania,Office Supplies,Fasteners,Staples Standard Staples,803.33,213.56,5,0.3,Corporate,Standard Class
02/15/2021,East,Rhode Island,Technology,Machines,Epson Scanner,4469.75,784.74,13,0.2,Corporate,Same Day
02/17/2023,Central,Wisconsin,Furniture,Furnishings,Tenex Chair Mat,6379.42,2014.95,9,0.15,Consumer,Same Day
08/18/2022,South,Georgia,Office Supplies,Storage,Iris Stackable Bin,271.55,43.88,13,0.7,Corporate,First Class
04/18/2022,Central,Missouri,Office Supplies,Storage,Fellowes Storage Box,24.99,8.08,1,0,Home Office,Second Class
04/17/2024,West,Idaho,Furniture,Chairs,Novimex Swivel Chair,4246.94,697.68,8,0.15,Home Office,Same Day
09/09/2024,West,Utah,Technology,Machines,Brother Fax Machine,14722.4,-811.11,13,0,Home Office,Same Day
04/13/2023,East,Massachusetts,Office Supplies,Storage,Fellowes Storage Box,89.94,-16.36,11,0.2,Consumer,Same Day
02/25/2024,Central,Texas,Furniture,Tables,Chromcraft Round Table,3541.56,1157.12,5,0.1,Corporate,Standard Class
12/30/2024,East,Vermont,Furniture,Furnishings,Advantus Wall Clock,1386.61,243.9,11,0.6,Corporate,Second Class
03/25/2024,Central,Wisconsin,Office Supplies,Fasteners,Acco Binder Clips,184.98,-36.86,6,0.15,Home Office,Same Day
12/12/2021,Central,Missouri,Furniture,Furnishings,Advantus Wall Clock,7840.45,-1432.08,9,0,Home Office,Standard Class
04/02/2024,South,South Carolina,Office Supplies,Labels,Kroy Label Tape,1635.18,-95.9,11,0.15,Consumer,Second Class
11/29/2021,Central,Illinois,Office Supplies,Paper,HP Premium Paper,1353.88,79.38,7,0.15,Corporate,Standard Class
08/11/2023,East,New York,Furniture,Furnishings,Eldon Desk Lamp,1173.56,208.03,9,0,Corporate,First Class
07/09/2022,South,Alabama,Furniture,Chairs,Global Deluxe Task Chair,1598.95,-129.35,14,0.6,Home Office,First Class
01/15/2024,West,Nevada,Office Supplies,Envelopes,Poly Mailer Bundle,65.87,-9.79,4,0.7,Home Office,Same Day
09/12/2024,Central,Missouri,Technology,Copiers,Canon Copier,4417.66,-5.59,4,0,Corporate,Same Day
06/19/2021,Central,Iowa,Technology,Copiers,Canon Copier,2056.89,576.17,6,0.5,Home Office,Standard Class
01/05/2021,South,Florida,Technology,Accessories,Logitech Wireless Mouse,1127.88,-203.47,8,0.8,Corporate,Standard Class
02/21/2023,East,Connecticut,Office Supplies,Labels,Avery Shipping Labels,80.16,-15.08,12,0.7,Home Office,Second Class
09/11/2022,East,New Hampshire,Office Supplies,Labels,Avery File Labels,460.28,86.99,14,0.4,Home Office,First Class
02/20/2024,West,Nevada,Office Supplies,Supplies,Swingline Stapler,274.79,-67.92,11,0.8,Corporate,Standard Class
07/14/2021,West,Colorado,Furniture,Chairs,Bush Mid-Back Chair,2042.55,380.41,3,0,Home Office,Standard Class
06/12/2024,West,Oregon,Office Supplies,Supplies,Scissors Set,215.58,40.27,7,0.7,Consumer,Same Day
07/30/2023,Central,Michigan,Technology,Machines,Brother Fax Machine,545.58,111.73,2,0.3,Home Office,Second Class
01/20/2021,East,New York,Furniture,Chairs,Novimex Swivel Chair,1518.94,516.92,14,0.8,Corporate,Standard Class
12/14/2024,West,Idaho,Technology,Phones,OtterBox Phone Cover,8273.8,2594.1,13,0.3,Consumer,Second Class
07/14/2022,East,New Hampshire,Technology,Phones,Samsung Galaxy Charger,5544.91,850.77,9,0.15,Home Office,Same Day
11/02/2024,South,Virginia,Technology,Copiers,Ricoh Office Copier,611.42,-131.11,3,0.6,Corporate,First Class
09/30/2021,Central,Minnesota,Office Supplies,Envelopes,Manila Envelopes,420.01,65.6,7,0.4,Consumer,Second Class
09/04/2023,East,New Hampshire,Technology,Accessories,Belkin Surge Protector,272.69,82.26,10,0.2,Consumer,Second Class
01/16/2022,Central,Minnesota,Furniture,Chairs,Global Deluxe Task Chair,2586.76,892.48,7,0,Consumer,Standard Class
12/09/2022,West,Oregon,Technology,Copiers,Sharp Digital Copier,2746.47,-319.67,3,0.2,Consumer,Standard Class
11/18/2022,South,Virginia,Furniture,Furnishings,Tenex Chair Mat,662.41,-107.32,2,0.3,Consumer,First Class
09/08/2021,South,Alabama,Technology,Copiers,Sharp Digital Copier,2060.32,-267.71,3,0.2,Home Office,Standard Class
05/14/2024,East,Maine,Furniture,Furnishings,Fellowes Monitor Stand,502.86,5.37,4,0.1,Consumer,First Class
11/23/2021,West,Oregon,Technology,Accessories,Belkin Surge Protector,1950.83,-324.06,13,0.5,Consumer,Same Day
03/14/2021,West,Oregon,Office Supplies,Paper,Xerox Copy Paper,647.75,158.52,4,0.1,Home Office,Standard Class
09/03/2024,East,Rhode Island,Technology,Accessories,Kensington Keyboard,3823.84,-877.89,4,0.15,Home Office,Same Day
02/07/2022,East,Connecticut,Furniture,Chairs,HON Executive Leather Chair,6340.24,459.31,11,0,Home Office,Second Class
01/08/2023,Central,Minnesota,Office Supplies,Art,Sharpie Marker Set,1471.35,184.75,11,0.4,Consumer,First Class
11/08/2024,South,South Carolina,Office Supplies,Art,Crayola Colored Pencils,1324.67,3.42,11,0,Home Office,Same Day
09/22/2022,East,Vermont,Office Supplies,Envelopes,Security Envelopes,208.34,-34.07,5,0.8,Corporate,Same Day
08/16/2022,West,Idaho,Technology,Machines,Epson Scanner,217.06,-35.32,1,0.2,Corporate,Second Class
06/23/2022,South,Kentucky,Technology,Accessories,Kensington Keyboard,7747.47,648.12,12,0,Home Office,Standard Class
10/19/2024,West,Idaho,Technology,Copiers,Xerox WorkCentre Copier,3365.05,-795.11,4,0,Consumer,Standard Class
01/14/2023,Central,Nebraska,Technology,Copiers,Sharp Digital Copier,10747.03,2004.22,13,0,Consumer,First Class
07/30/2024,East,Vermont,Office Supplies,Fasteners,Acco Binder Clips,1122.13,27.66,11,0,Corporate,Same Day
05/21/2022,South,Louisiana,Furniture,Tables,Lesro Reception Table,800.32,147.66,3,0.5,Consumer,Standard Class
10/28/2021,West,Montana,Office Supplies,Binders,Wilson Jones Binder,810.78,-128.41,14,0.4,Corporate,First Class
02/26/2022,South,South Carolina,Technology,Copiers,Sharp Digital Copier,3550.12,-402.19,10,0.7,Home Office,First Class
02/14/2024,Central,Nebraska,Office Supplies,Storage,Iris Stackable Bin,651.64,128.02,10,0.2,Corporate,First Class
04/30/2021,South,Tennessee,Furniture,Bookcases,O'Sullivan 5-Shelf Bookcase,1140.14,-248.38,9,0.4,Home Office,Standard Class
02/18/2023,East,New Jersey,Technology,Copiers,Xerox WorkCentre Copier,2226.02,435.73,11,0.3,Consumer,First Class
02/23/2022,South,Louisiana,Furniture,Chairs,HON Executive Leather Chair,1044.44,92.5,5,0.5,Home Office,Standard Class
03/10/2021,South,Alabama,Furniture,Bookcases,Sauder Heritage Bookcase,2860.8,176.34,10,0,Corporate,Standard Class
09/26/2022,South,South Carolina,Technology,Machines,Epson Scanner,2805.16,237.24,5,0.4,Home Office,Second Class
07/07/2021,South,Kentucky,Office Supplies,Envelopes,Security Envelopes,1115.24,247.73,8,0.3,Home Office,Standard Class
12/19/2024,West,Idaho,Furniture,Furnishings,Advantus Wall Clock,1128.13,360.72,11,0.7,Consumer,Standard Class
05/08/2023,Central,Minnesota,Office Supplies,Paper,Boise Multi-Use Paper,585.7,-56.83,7,0.6,Corporate,Second Class
09/25/2021,West,Montana,Office Supplies,Storage,Sterilite Storage Tote,33.98,-1.73,9,0.6,Corporate,First Class
07/10/2023,East,Rhode Island,Furniture,Furnishings,Advantus Wall Clock,4337.64,1316.12,8,0,Home Office,Second Class
03/30/2021,South,Virginia,Furniture,Tables,Chromcraft Round Table,3269.97,396.91,10,0.3,Home Office,Standard Class
11/03/2021,South,North Carolina,Technology,Accessories,Logitech Wireless Mouse,2513.84,232.25,4,0,Home Office,Same Day
04/01/2022,Central,Missouri,Technology,Machines,Brother Fax Machine,2021.59,135.51,5,0.1,Home Office,First Class
03/08/2023,West,Washington,Furniture,Bookcases,Bush Wood Bookcase,417.49,-88.47,1,0.1,Home Office,Standard Class
02/21/2023,West,Colorado,Office Supplies,Fasteners,Officemate Paper Clips,1584.58,162.33,7,0,Consumer,Second Class
07/31/2023,South,Alabama,Office Supplies,Supplies,Swingline Stapler,320.14,-56.5,7,0.8,Home Office,Standard Class
11/24/2022,South,Georgia,Furniture,Chairs,Global Deluxe Task Chair,593.8,142.33,1,0.1,Corporate,First Class
03/28/2021,Central,Kansas,Office Supplies,Art,Newell Highlighters,358.14,22.45,13,0.15,Consumer,Second Class
01/03/2021,West,Colorado,Furniture,Furnishings,Fellowes Monitor Stand,852.75,-51.68,2,0.1,Consumer,Standard Class
08/05/2021,West,Colorado,Office Supplies,Paper,Xerox Copy Paper,47.72,-3.5,1,0,Corporate,Same Day
02/28/2023,East,Rhode Island,Furniture,Tables,Bretford Conference Table,2633.07,286.06,12,0.7,Home Office,Standard Class
12/31/2022,West,Utah,Technology,Accessories,Logitech Wireless Mouse,4220.62,646.2,6,0,Home Office,Second Class
09/14/2024,South,Kentucky,Office Supplies,Art,Bic Pen Pack,974.33,69.92,8,0,Home Office,First Class
02/05/2021,West,Nevada,Technology,Machines,Brother Fax Machine,237.85,0.84,8,0.8,Consumer,Second Class
03/26/2024,West,Oregon,Furniture,Chairs,Bush Mid-Back Chair,5197.88,-1168.2,6,0,Corporate,Standard Class
10/13/2023,East,Massachusetts,Office Supplies,Art,Bic Pen Pack,419.42,-7.88,6,0.5,Home Office,Same Day
08/06/2021,Central,Kansas,Furniture,Furnishings,Fellowes Monitor Stand,331.18,105.43,2,0.8,Consumer,Same Day
03/07/2023,West,California,Technology,Machines,Canon imageCLASS Printer,9068.28,68.88,10,0.2,Corporate,Standard Class
08/10/2024,West,Washington,Furniture,Furnishings,Eldon Desk Lamp,92.04,-16.3,2,0.5,Home Office,Second Class
10/27/2022,West,Nevada,Furniture,Bookcases,Hon Metal Bookcase,1895.61,103.84,6,0.6,Corporate,Second Class
08/06/2022,East,Vermont,Furniture,Chairs,Global Deluxe Task Chair,1343.76,11.13,14,0.7,Home Office,Standard Class
01/27/2024,East,Vermont,Technology,Phones,OtterBox Phone Cover,382.83,-16.74,1,0.15,Consumer,Standard Class
11/29/2023,West,California,Furniture,Furnishings,Eldon Desk Lamp,996.38,214.8,2,0.3,Home Office,Standard Class
01/14/2024,Central,Wisconsin,Technology,Copiers,Canon Copier,10072.76,501.0,12,0,Consumer,First Class
02/29/2024,East,Rhode Island,Furniture,Tables,Lesro Reception Table,1360.84,374.46,6,0.15,Consumer,Same Day
09/27/2021,East,Maine,Technology,Phones,OtterBox Phone Cover,2425.41,-26.62,12,0.4,Home Office,Second Class
06/13/2022,Central,Nebraska,Technology,Phones,OtterBox Phone Cover,1415.85,-287.55,3,0.6,Consumer,Standard Class
06/02/2023,Central,Nebraska,Office Supplies,Supplies,Tape Dispenser,509.51,78.82,3,0.2,Home Office,First Class
02/04/2022,South,Alabama,Office Supplies,Art,Crayola Colored Pencils,98.91,26.11,1,0,Corporate,Same Day
08/20/2023,West,Montana,Technology,Copiers,Canon Copier,1294.91,367.86,5,0.7,Corporate,Standard Class
06/23/2021,West,Utah,Furniture,Furnishings,Fellowes Monitor Stand,504.72,106.62,2,0.3,Home Office,Same Day
07/08/2022,South,Florida,Furniture,Tables,Bush Somerset Table,7198.04,768.01,13,0.3,Home Office,Same Day
02/15/2023,South,Florida,Furniture,Furnishings,Advantus Wall Clock,1217.68,295.79,3,0.4,Corporate,Standard Class
02/27/2022,West,Washington,Office Supplies,Supplies,X-Acto Cutting Mat,93.83,-5.31,2,0.8,Corporate,Second Class
03/11/2021,West,Colorado,Furniture,Tables,Lesro Reception Table,151.25,38.14,1,0.5,Home Office,First Class
01/12/2023,South,Georgia,Office Supplies,Binders,Avery Durable Binder,1206.67,-192.92,14,0,Home Office,First Class
09/01/2021,West,Colorado,Furniture,Bookcases,Hon Metal Bookcase,2653.71,-4.71,9,0.15,Corporate,Second Class
12/27/2024,Central,Ohio,Furniture,Chairs,HON Executive Leather Chair,1103.98,309.02,2,0,Home Office,First Class
12/01/2024,Central,Michigan,Technology,Phones,Motorola Phone Stand,3946.95,-913.4,11,0,Home Office,Same Day
09/14/2023,West,Arizona,Technology,Machines,Epson Scanner,1034.11,283.68,10,0.5,Consumer,Second Class
07/09/2021,East,Pennsylvania,Office Supplies,Binders,GBC Binding Cover,375.44,33.61,4,0.4,Home Office,Standard Class
09/29/2022,East,New York,Furniture,Furnishings,Tenex Chair Mat,677.35,18.9,3,0.3,Home Office,Same Day
08/02/2022,West,Colorado,Office Supplies,Supplies,Tape Dispenser,2256.56,0.47,13,0.2,Home Office,First Class
10/07/2022,West,Nevada,Technology,Copiers,Xerox WorkCentre Copier,3846.19,-665.56,5,0.15,Corporate,Second Class
02/08/2024,Central,Illinois,Furniture,Furnishings,Tenex Chair Mat,48.43,-4.86,1,0.2,Corporate,First Class
11/22/2021,West,Montana,Technology,Machines,Epson Scanner,464.45,15.65,1,0.15,Corporate,Same Day
10/20/2022,East,Rhode Island,Furniture,Furnishings,Advantus Wall Clock,1796.3,32.42,12,0.8,Home Office,Second Class
11/01/2024,East,New Hampshire,Office Supplies,Paper,Xerox Copy Paper,2265.0,-36.2,14,0.1,Corporate,Second Class
09/20/2021,East,Maine,Technology,Machines,Epson Scanner,477.7,18.37,2,0.7,Corporate,Standard Class
02/01/2021,Central,Wisconsin,Furniture,Bookcases,Sauder Heritage Bookcase,835.61,253.34,13,0.3,Corporate,Second Class
07/10/2022,South,Virginia,Office Supplies,Supplies,Swingline Stapler,68.92,15.67,4,0.1,Corporate,Standard Class
07/21/2022,East,Maine,Furniture,Chairs,HON Executive Leather Chair,4372.66,-661.25,13,0.6,Corporate,Same Day
07/20/2024,East,Pennsylvania,Furniture,Bookcases,Hon Metal Bookcase,1256.19,138.0,5,0.1,Corporate,First Class
12/23/2023,Central,Kansas,Technology,Copiers,Canon Copier,621.07,192.26,9,0.5,Home Office,Same Day
10/20/2023,East,New Jersey,Furniture,Tables,Bush Somerset Table,1795.78,22.02,10,0.15,Consumer,Second Class
03/16/2022,South,Virginia,Technology,Phones,Samsung Galaxy Charger,451.67,-50.83,2,0,Home Office,First Class
08/17/2022,Central,Kansas,Furniture,Furnishings,Eldon Desk Lamp,4488.99,1518.79,8,0.1,Home Office,Second Class
08/24/2023,South,Kentucky,Office Supplies,Labels,Kroy Label Tape,471.22,11.98,12,0.4,Consumer,Same Day
01/08/2021,South,Alabama,Office Supplies,Fasteners,Staples Standard Staples,631.3,113.78,11,0.4,Consumer,Second Class
04/04/2024,East,New Jersey,Technology,Machines,Canon imageCLASS Printer,13037.21,678.81,14,0.1,Home Office,Second Class
05/24/2023,South,Kentucky,Office Supplies,Supplies,X-Acto Cutting Mat,198.03,21.63,5,0.8,Consumer,Standard Class
09/18/2024,Central,Minnesota,Technology,Copiers,Xerox WorkCentre Copier,14081.04,-133.32,13,0,Corporate,Standard Class
01/08/2022,Central,Kansas,Office Supplies,Paper,Xerox Copy Paper,557.77,-50.88,4,0.15,Corporate,First Class
12/21/2022,East,Pennsylvania,Technology,Accessories,Belkin Surge Protector,2322.48,-327.96,2,0,Consumer,Same Day
12/20/2024,West,Idaho,Technology,Phones,OtterBox Phone Cover,581.54,107.88,1,0.15,Consumer,Same Day
11/24/2022,Central,Kansas,Furniture,Bookcases,O'Sullivan 5-Shelf Bookcase,6677.04,1287.79,10,0.2,Home Office,First Class
03/21/2024,Central,Ohio,Furniture,Chairs,Novimex Swivel Chair,9720.69,-1213.68,13,0.1,Corporate,Second Class
09/29/2023,South,Tennessee,Technology,Copiers,Xerox WorkCentre Copier,2227.57,101.18,7,0.4,Corporate,First Class
03/04/2022,West,Colorado,Technology,Copiers,Canon Copier,1600.31,-153.46,14,0.15,Home Office,Standard Class
01/02/2022,Central,Michigan,Technology,Phones,Motorola Phone Stand,4327.3,-583.35,7,0.4,Home Office,Standard Class
03/09/2021,South,Alabama,Furniture,Tables,Bretford Conference Table,184.32,21.36,2,0,Corporate,First Class
04/26/2023,East,Connecticut,Office Supplies,Binders,GBC Binding Cover,466.15,95.51,5,0.4,Corporate,Standard Class
02/27/2023,East,New York,Technology,Copiers,Canon Copier,11004.22,1897.36,13,0.15,Consumer,First Class
02/21/2023,East,Maine,Office Supplies,Paper,Xerox Copy Paper,751.28,-16.13,8,0.6,Home Office,Second Class
08/31/2021,South,Louisiana,Furniture,Bookcases,O'Sullivan 5-Shelf Bookcase,690.27,17.15,1,0,Corporate,First Class
03/08/2024,West,Oregon,Furniture,Tables,Lesro Reception Table,5299.24,1523.44,10,0.4,Corporate,Same Day
11/18/2021,East,Maine,Office Supplies,Supplies,X-Acto Cutting Mat,918.78,-164.34,13,0.4,Home Office,First Class
02/26/2022,Central,Nebraska,Furniture,Furnishings,Fellowes Monitor Stand,7287.92,1895.07,11,0,Consumer,Same Day
03/13/2021,Central,Missouri,Technology,Copiers,Canon Copier,2803.69,316.73,13,0.5,Consumer,First Class
11/28/2024,South,Louisiana,Technology,Accessories,Kensington Keyboard,980.99,274.9,4,0.3,Consumer,Second Class
10/07/2023,South,South Carolina,Furniture,Furnishings,Fellowes Monitor Stand,6150.9,1286.33,11,0.3,Corporate,Same Day
02/28/2023,Central,Minnesota,Technology,Copiers,Ricoh Office Copier,8402.59,1090.72,10,0.15,Corporate,Standard Class
06/27/2023,Central,Minnesota,Technology,Machines,Brother Fax Machine,3151.58,567.73,5,0.2,Consumer,First Class
12/14/2021,East,Maine,Furniture,Furnishings,Fellowes Monitor Stand,74.68,13.81,10,0.7,Home Office,Same Day
02/25/2021,Central,Michigan,Technology,Accessories,SanDisk USB Drive,2331.68,-94.11,4,0.4,Home Office,Standard Class
12/26/2023,South,Kentucky,Furniture,Tables,Bush Somerset Table,2382.73,-64.04,4,0.1,Corporate,Second Class
09/13/2022,West,Washington,Furniture,Furnishings,Fellowes Monitor Stand,346.51,104.4,12,0.5,Consumer,Same Day
06/28/2021,West,Idaho,Furniture,Bookcases,Bush Wood Bookcase,3930.63,-71.56,6,0,Consumer,First Class
04/15/2023,East,Maine,Furniture,Bookcases,Hon Metal Bookcase,668.42,46.64,6,0.5,Home Office,Same Day
07/30/2022,West,Nevada,Office Supplies,Fasteners,Acco Binder Clips,524.27,178.29,11,0.3,Corporate,Same Day
02/07/2022,East,Massachusetts,Furniture,Chairs,Novimex Swivel Chair,3164.06,-288.96,14,0.6,Corporate,Second Class
02/13/2021,East,Connecticut,Furniture,Bookcases,Sauder Heritage Bookcase,405.47,-90.44,3,0.7,Home Office,Standard Class
04/27/2024,Central,Illinois,Office Supplies,Labels,Avery Shipping Labels,683.11,21.59,8,0.4,Home Office,Second Class
05/31/2022,West,California,Office Supplies,Art,Crayola Colored Pencils,361.29,51.73,4,0.2,Corporate,Same Day
04/20/2023,West,Colorado,Furniture,Tables,Bush Somerset Table,689.26,-160.32,1,0,Corporate,Same Day
06/24/2021,Central,Missouri,Office Supplies,Storage,Rubbermaid File Bin,299.98,94.61,11,0.8,Consumer,Second Class
09/18/2021,West,Utah,Furniture,Chairs,Global Deluxe Task Chair,1023.15,-32.38,4,0.4,Home Office,First Class
10/23/2023,East,Massachusetts,Furniture,Furnishings,Fellowes Monitor Stand,2514.64,417.57,8,0,Consumer,Same Day
09/01/2021,East,New York,Technology,Copiers,Sharp Digital Copier,239.94,11.42,1,0.3,Corporate,Second Class
01/22/2021,Central,Iowa,Technology,Accessories,Kensington Keyboard,2160.79,456.49,4,0.15,Corporate,Second Class
08/20/2022,South,Tennessee,Technology,Accessories,Logitech Wireless Mouse,362.55,-50.46,5,0.6,Consumer,Standard Class
06/09/2022,West,Washington,Office Supplies,Paper,Universal Legal Pad,189.73,1.29,4,0.8,Home Office,First Class
04/18/2024,Central,Wisconsin,Office Supplies,Storage,Sterilite Storage Tote,206.3,-28.53,4,0,Home Office,Standard Class
11/13/2021,South,Tennessee,Office Supplies,Storage,Sterilite Storage Tote,439.6,-95.63,7,0.6,Home Office,First Class
05/28/2024,West,Nevada,Technology,Phones,Samsung Galaxy Charger,2274.8,-48.55,10,0.7,Consumer,Standard Class
06/27/2022,West,Nevada,Office Supplies,Fasteners,Officemate Paper Clips,8.35,0.9,1,0.1,Home Office,Standard Class
03/03/2022,Central,Wisconsin,Furniture,Chairs,Novimex Swivel Chair,370.13,99.87,3,0,Home Office,First Class
02/15/2021,West,Washington,Technology,Accessories,Logitech Wireless Mouse,1322.8,196.54,5,0,Home Office,Second Class
09/09/2022,East,Vermont,Technology,Machines,Canon imageCLASS Printer,8501.96,-1959.54,9,0,Consumer,Standard Class
03/22/2022,Central,Wisconsin,Technology,Accessories,Belkin Surge Protector,3951.75,967.12,9,0.2,Home Office,Same Day
11/06/2022,West,Montana,Technology,Machines,Brother Fax Machine,1363.16,89.64,11,0.7,Consumer,First Class
10/21/2024,East,Rhode Island,Furniture,Furnishings,Tenex Chair Mat,1571.8,18.79,4,0.5,Corporate,Second Class
01/13/2023,Central,Illinois,Technology,Accessories,Kensington Keyboard,1037.58,1.33,6,0.7,Home Office,Standard Class
04/20/2021,Central,Minnesota,Technology,Phones,Samsung Galaxy Charger,6326.72,1181.57,9,0,Home Office,First Class
07/31/2021,Central,Wisconsin,Technology,Copiers,Ricoh Office Copier,417.34,73.1,11,0.2,Corporate,First Class
09/02/2024,East,Maine,Technology,Phones,Samsung Galaxy Charger,2152.41,-162.96,5,0.15,Consumer,First Class
12/23/2022,East,New Hampshire,Office Supplies,Envelopes,Security Envelopes,400.76,124.43,10,0.8,Corporate,First Class
07/04/2023,East,New York,Technology,Machines,HP LaserJet Printer,2438.59,513.53,8,0.2,Corporate,Same Day
08/05/2022,South,Virginia,Office Supplies,Binders,Wilson Jones Binder,399.54,23.41,12,0,Consumer,First Class
02/04/2021,West,Idaho,Technology,Copiers,Canon Copier,6892.1,1891.88,8,0,Corporate,First Class
06/28/2022,Central,Nebraska,Technology,Copiers,Ricoh Office Copier,6486.73,-1105.71,12,0,Home Office,First Class
01/16/2023,South,Louisiana,Furniture,Chairs,Bush Mid-Back Chair,2900.57,-673.15,10,0.1,Consumer,Same Day
09/09/2022,South,Louisiana,Office Supplies,Storage,Rubbermaid File Bin,455.99,155.69,2,0,Corporate,Second Class
08/03/2022,South,Alabama,Office Supplies,Paper,Xerox Copy Paper,2656.77,441.18,14,0.2,Consumer,First Class
11/26/2022,East,New Hampshire,Technology,Phones,Apple iPhone Case,1694.31,-178.93,5,0.2,Corporate,First Class
01/19/2022,Central,Nebraska,Office Supplies,Envelopes,Manila Envelopes,347.26,112.44,2,0.3,Home Office,Second Class
04/30/2023,West,Colorado,Technology,Copiers,Ricoh Office Copier,6171.97,1354.08,9,0,Corporate,Standard Class
04/15/2021,Central,Nebraska,Furniture,Bookcases,O'Sullivan 5-Shelf Bookcase,404.65,-79.6,5,0.1,Corporate,Same Day
04/02/2022,Central,Ohio,Furniture,Furnishings,Tenex Chair Mat,1251.84,-278.24,7,0.5,Home Office,Second Class
06/30/2021,East,Vermont,Furniture,Tables,Bretford Conference Table,277.75,57.63,1,0.2,Consumer,Standard Class
03/31/2021,East,Pennsylvania,Office Supplies,Paper,HP Premium Paper,152.65,-35.14,3,0.3,Home Office,Second Class
10/21/2023,West,Nevada,Technology,Copiers,Xerox WorkCentre Copier,2463.81,-612.35,10,0,Home Office,Second Class
12/18/2023,South,Kentucky,Furniture,Bookcases,Hon Metal Bookcase,3647.69,72.5,5,0.15,Consumer,Same Day
10/04/2021,South,Alabama,Office Supplies,Paper,Boise Multi-Use Paper,1641.98,-115.95,12,0,Home Office,Standard Class
08/22/2022,West,Arizona,Furniture,Furnishings,Fellowes Monitor Stand,1027.01,246.18,8,0.15,Corporate,First Class
10/11/2023,East,Connecticut,Office Supplies,Paper,HP Premium Paper,719.62,11.09,10,0.3,Home Office,First Class
07/13/2022,East,Rhode Island,Office Supplies,Supplies,Swingline Stapler,175.41,-3.0,10,0.6,Corporate,Standard Class
05/26/2022,Central,Wisconsin,Office Supplies,Paper,Boise Multi-Use Paper,134.26,1.65,2,0.2,Corporate,Second Class
04/09/2024,West,Arizona,Furniture,Chairs,Novimex Swivel Chair,9948.43,3116.3,13,0,Corporate,First Class
09/16/2024,South,Alabama,Office Supplies,Art,Newell Highlighters,1892.39,181.52,9,0,Consumer,Second Class
01/16/2022,West,Arizona,Office Supplies,Supplies,X-Acto Cutting Mat,106.19,-11.87,1,0.1,Home Office,First Class
11/21/2023,East,Vermont,Technology,Phones,Samsung Galaxy Charger,4646.47,808.98,7,0.4,Home Office,First Class
11/07/2022,South,Kentucky,Furniture,Bookcases,Bush Wood Bookcase,861.21,198.12,6,0.6,Corporate,Same Day
04/21/2021,South,Tennessee,Office Supplies,Fasteners,Staples Standard Staples,89.48,17.08,6,0.2,Corporate,Same Day
03/16/2022,South,Virginia,Technology,Accessories,SanDisk USB Drive,1409.7,-321.62,7,0.1,Corporate,Standard Class
06/03/2022,Central,Missouri,Office Supplies,Paper,Boise Multi-Use Paper,51.72,-8.25,3,0,Home Office,Same Day
10/09/2021,South,Virginia,Office Supplies,Art,Crayola Colored Pencils,74.52,9.61,1,0.1,Consumer,First Class
04/28/2022,East,Maine,Office Supplies,Envelopes,Kraft Envelope Pack,704.07,55.2,4,0.2,Consumer,Standard Class
05/17/2023,Central,Michigan,Furniture,Chairs,Novimex Swivel Chair,1253.97,-173.42,7,0.8,Corporate,Standard Class
01/04/2021,Central,Ohio,Furniture,Chairs,Global Deluxe Task Chair,5807.77,1140.59,7,0,Home Office,Standard Class
09/17/2021,South,Florida,Furniture,Tables,Bush Somerset Table,4852.95,-195.37,10,0,Home Office,First Class
09/29/2021,South,Tennessee,Technology,Phones,Motorola Phone Stand,6822.8,-267.4,8,0,Home Office,Same Day
10/29/2023,East,Pennsylvania,Office Supplies,Paper,Boise Multi-Use Paper,165.03,52.03,14,0.1,Consumer,Same Day
05/27/2023,South,Tennessee,Furniture,Chairs,Global Deluxe Task Chair,1087.8,-172.0,2,0,Consumer,Standard Class
11/26/2022,South,Kentucky,Technology,Copiers,Sharp Digital Copier,11618.5,-2136.19,13,0.1,Corporate,Second Class
06/02/2024,West,California,Office Supplies,Paper,Xerox Copy Paper,129.49,29.77,3,0.4,Consumer,Same Day
12/26/2021,South,Alabama,Office Supplies,Fasteners,Staples Standard Staples,365.84,107.04,4,0.1,Corporate,First Class
10/30/2022,East,Vermont,Furniture,Tables,Lesro Reception Table,728.72,17.59,6,0.2,Consumer,Standard Class
10/22/2021,West,Utah,Technology,Copiers,Canon Copier,635.97,-156.05,8,0.8,Corporate,Same Day
08/05/2023,South,Florida,Office Supplies,Storage,Sterilite Storage Tote,485.85,-97.2,2,0,Home Office,Standard Class
05/09/2022,South,Louisiana,Technology,Machines,HP LaserJet Printer,3790.74,-425.39,6,0.1,Home Office,Second Class
06/17/2021,East,Maine,Office Supplies,Labels,Avery Shipping Labels,823.69,198.2,14,0.3,Corporate,First Class
10/30/2021,West,Oregon,Furniture,Chairs,Global Deluxe Task Chair,1842.16,-167.56,5,0,Home Office,First Class
03/12/2021,Central,Illinois,Technology,Phones,Samsung Galaxy Charger,5158.73,729.79,5,0,Consumer,First Class
07/21/2021,Central,Kansas,Technology,Phones,Motorola Phone Stand,115.6,-9.17,1,0.6,Corporate,Second Class
10/09/2022,West,Utah,Furniture,Chairs,Global Deluxe Task Chair,1119.32,190.22,8,0.8,Consumer,Same Day
04/11/2023,East,New York,Technology,Accessories,Logitech Wireless Mouse,3347.55,1029.19,13,0.15,Consumer,Second Class
05/06/2021,East,New Hampshire,Furniture,Tables,Lesro Reception Table,640.18,108.86,2,0,Home Office,Second Class
07/09/2023,West,Nevada,Technology,Copiers,Canon Copier,2572.41,173.67,11,0.5,Corporate,Same Day
10/08/2023,South,Tennessee,Furniture,Tables,Bretford Conference Table,9414.66,2019.81,12,0.1,Consumer,Standard Class
04/22/2024,East,New York,Technology,Accessories,SanDisk USB Drive,1035.57,81.72,2,0.3,Consumer,Standard Class
08/11/2024,South,Mississippi,Furniture,Furnishings,Advantus Wall Clock,3814.69,679.14,8,0,Corporate,First Class
11/02/2021,East,Vermont,Office Supplies,Labels,Avery Shipping Labels,1378.48,425.73,12,0.2,Corporate,Same Day
03/26/2024,East,New Hampshire,Office Supplies,Envelopes,Kraft Envelope Pack,163.18,-39.59,5,0.3,Home Office,First Class
08/15/2021,South,North Carolina,Technology,Machines,Epson Scanner,2963.9,-10.66,10,0.7,Consumer,Same Day
08/29/2021,East,Pennsylvania,Technology,Copiers,Canon Copier,426.72,95.06,1,0.6,Corporate,Standard Class
08/31/2024,East,Connecticut,Technology,Phones,Apple iPhone Case,698.54,-92.36,8,0,Consumer,Same Day
09/30/2024,South,North Carolina,Technology,Phones,Motorola Phone Stand,1414.47,40.97,11,0.8,Corporate,Same Day
11/29/2024,East,Pennsylvania,Office Supplies,Supplies,X-Acto Cutting Mat,119.36,38.83,7,0.5,Consumer,First Class
02/27/2021,South,Mississippi,Office Supplies,Labels,Kroy Label Tape,250.39,-14.83,8,0.4,Home Office,First Class
11/02/2021,South,Mississippi,Technology,Phones,Samsung Galaxy Charger,833.94,242.63,1,0.2,Consumer,Second Class
12/23/2023,Central,Missouri,Furniture,Furnishings,Advantus Wall Clock,2170.87,-84.61,13,0.7,Consumer,Same Day
12/12/2023,Central,Illinois,Office Supplies,Supplies,Swingline Stapler,250.48,-8.05,7,0.7,Consumer,Second Class
11/10/2023,East,New Hampshire,Technology,Copiers,Sharp Digital Copier,4175.05,477.32,8,0.15,Corporate,First Class
03/03/2023,Central,Michigan,Technology,Machines,Brother Fax Machine,2882.39,579.46,10,0.6,Consumer,First Class
11/28/2024,West,California,Furniture,Chairs,Global Deluxe Task Chair,2348.41,227.23,7,0.15,Consumer,Same Day
04/13/2024,South,Georgia,Technology,Phones,OtterBox Phone Cover,2489.92,-265.46,10,0.1,Consumer,Second Class
03/23/2021,East,Massachusetts,Technology,Copiers,Xerox WorkCentre Copier,882.32,-150.38,6,0.7,Home Office,Same Day
12/31/2021,Central,Michigan,Furniture,Tables,Chromcraft Round Table,239.49,-40.37,7,0.8,Home Office,First Class
01/17/2022,South,Virginia,Office Supplies,Art,Newell Highlighters,918.01,241.16,9,0,Home Office,Second Class
03/14/2024,Central,Minnesota,Furniture,Furnishings,Tenex Chair Mat,422.85,-49.64,3,0,Corporate,Same Day
11/05/2024,South,Tennessee,Furniture,Chairs,Bush Mid-Back Chair,2510.63,514.23,12,0.4,Home Office,Standard Class
02/27/2024,Central,Minnesota,Office Supplies,Supplies,Tape Dispenser,91.88,-18.88,2,0.4,Consumer,First Class
12/18/2022,West,Arizona,Technology,Accessories,Kensington Keyboard,2224.48,-454.03,4,0.5,Home Office,First Class
11/20/2021,South,Tennessee,Furniture,Chairs,Novimex Swivel Chair,103.63,-23.75,1,0.6,Consumer,Same Day
01/17/2022,Central,Iowa,Technology,Accessories,Belkin Surge Protector,2214.95,212.57,10,0.15,Corporate,Same Day
02/03/2021,South,Florida,Technology,Accessories,SanDisk USB Drive,2570.54,-291.25,7,0.6,Home Office,First Class
09/07/2022,Central,Illinois,Furniture,Bookcases,Sauder Heritage Bookcase,1270.76,134.45,3,0.4,Corporate,Second Class
01/03/2021,Central,Wisconsin,Technology,Machines,Canon imageCLASS Printer,965.64,51.14,2,0.5,Home Office,Same Day
07/08/2023,East,Massachusetts,Furniture,Chairs,Bush Mid-Back Chair,2620.24,597.27,6,0.1,Home Office,Standard Class
01/22/2022,East,Pennsylvania,Office Supplies,Supplies,Scissors Set,280.86,-61.25,5,0.4,Consumer,Same Day
11/16/2022,Central,Ohio,Office Supplies,Binders,Wilson Jones Binder,536.64,-81.78,6,0.15,Consumer,Standard Class
06/29/2024,West,Colorado,Technology,Accessories,Belkin Surge Protector,548.28,81.24,12,0.8,Home Office,First Class
09/26/2024,East,New Hampshire,Furniture,Furnishings,Tenex Chair Mat,1183.73,-23.89,5,0.1,Consumer,First Class
05/05/2023,Central,Iowa,Technology,Phones,Apple iPhone Case,1002.43,65.45,1,0.1,Consumer,Standard Class
01/24/2022,South,Mississippi,Office Supplies,Art,Bic Pen Pack,122.94,15.91,6,0,Home Office,Standard Class
07/20/2024,West,California,Furniture,Chairs,Bush Mid-Back Chair,380.88,-79.82,2,0.4,Home Office,Standard Class
07/07/2022,Central,Missouri,Office Supplies,Art,Crayola Colored Pencils,101.06,-13.32,2,0.1,Corporate,First Class
11/05/2022,East,New Jersey,Technology,Accessories,Logitech Wireless Mouse,1285.27,-74.94,7,0.8,Consumer,Same Day
03/04/2024,East,Maine,Technology,Copiers,Xerox WorkCentre Copier,83.03,15.99,1,0.8,Corporate,Second Class
08/25/2024,West,Washington,Technology,Phones,Apple iPhone Case,3487.01,1033.18,5,0,Corporate,Standard Class
03/20/2022,Central,Illinois,Office Supplies,Storage,Fellowes Storage Box,1683.12,279.43,14,0.5,Corporate,Second Class
11/12/2021,East,Connecticut,Furniture,Furnishings,Advantus Wall Clock,749.39,181.71,1,0,Consumer,Standard Class
06/22/2024,South,Virginia,Furniture,Chairs,Global Deluxe Task Chair,773.28,-50.78,9,0.7,Home Office,Same Day
11/16/2024,South,Tennessee,Technology,Accessories,Logitech Wireless Mouse,5149.09,1615.26,9,0,Home Office,Standard Class
05/03/2023,West,Utah,Office Supplies,Envelopes,Kraft Envelope Pack,739.82,71.04,5,0.15,Corporate,Second Class
07/21/2021,West,Washington,Technology,Phones,Apple iPhone Case,2541.35,710.56,4,0,Consumer,Standard Class
08/17/2022,Central,Missouri,Technology,Machines,HP LaserJet Printer,484.99,86.89,3,0.5,Consumer,Second Class
09/04/2023,West,Arizona,Office Supplies,Binders,Cardinal Ring Binder,2214.43,773.82,14,0,Consumer,Standard Class
05/11/2022,West,Colorado,Furniture,Tables,Bush Somerset Table,2570.97,-582.03,9,0.3,Corporate,Same Day
08/27/2024,South,Florida,Office Supplies,Binders,GBC Binding Cover,547.3,109.89,11,0.7,Corporate,Same Day
09/24/2023,South,Louisiana,Office Supplies,Storage,Rubbermaid File Bin,288.53,5.57,14,0,Corporate,Second Class
12/02/2024,Central,Texas,Furniture,Chairs,HON Executive Leather Chair,617.55,-147.47,1,0.2,Home Office,Same Day
07/21/2022,West,Arizona,Office Supplies,Binders,Wilson Jones Binder,184.58,51.91,3,0.3,Corporate,Second Class
12/03/2024,West,Idaho,Office Supplies,Paper,Boise Multi-Use Paper,377.4,-70.94,3,0.1,Home Office,Second Class
07/30/2023,West,Utah,Technology,Machines,HP LaserJet Printer,1428.25,-338.77,9,0.7,Home Office,Standard Class
07/25/2023,Central,Ohio,Technology,Machines,Brother Fax Machine,1170.98,73.35,13,0.7,Home Office,First Class
10/13/2024,West,Washington,Furniture,Furnishings,Tenex Chair Mat,112.94,-11.33,2,0.7,Home Office,Same Day
10/13/2023,East,Maine,Furniture,Furnishings,Eldon Desk Lamp,162.52,13.84,8,0.2,Corporate,First Class
10/31/2023,South,South Carolina,Office Supplies,Supplies,Tape Dispenser,335.48,-58.66,7,0.8,Consumer,Second Class
06/05/2024,East,Maine,Technology,Accessories,Logitech Wireless Mouse,7473.78,1449.23,13,0.15,Corporate,Second Class
07/26/2021,West,Colorado,Technology,Accessories,SanDisk USB Drive,3090.02,604.09,4,0.1,Home Office,Standard Class
09/12/2024,Central,Wisconsin,Furniture,Furnishings,Tenex Chair Mat,1119.03,222.23,12,0.2,Consumer,Standard Class
10/09/2024,South,Louisiana,Office Supplies,Envelopes,Kraft Envelope Pack,164.88,33.6,4,0.3,Home Office,Standard Class
05/02/2022,Central,Texas,Office Supplies,Art,Bic Pen Pack,295.08,-27.59,8,0,Corporate,Same Day
03/20/2022,South,Florida,Technology,Machines,HP LaserJet Printer,885.96,52.78,11,0.5,Corporate,Standard Class
10/12/2021,West,Colorado,Office Supplies,Supplies,Swingline Stapler,273.14,-41.86,14,0,Home Office,First Class
06/29/2021,South,South Carolina,Office Supplies,Paper,Xerox Copy Paper,421.27,-53.29,5,0.6,Consumer,Standard Class
11/16/2022,South,North Carolina,Furniture,Bookcases,O'Sullivan 5-Shelf Bookcase,4170.33,642.23,13,0.6,Consumer,Standard Class
12/14/2024,West,Montana,Furniture,Bookcases,Hon Metal Bookcase,2983.83,-79.57,7,0.15,Consumer,Standard Class
06/05/2021,East,New Jersey,Furniture,Chairs,Bush Mid-Back Chair,417.05,-82.43,12,0.15,Consumer,Second Class
12/28/2023,Central,Missouri,Furniture,Furnishings,Fellowes Monitor Stand,1721.85,-232.56,8,0.7,Consumer,First Class
07/28/2022,South,Florida,Furniture,Chairs,Global Deluxe Task Chair,352.83,16.7,4,0.7,Consumer,Second Class
04/23/2023,Central,Wisconsin,Furniture,Bookcases,Sauder Heritage Bookcase,4717.76,1098.64,6,0,Corporate,Same Day
02/13/2022,East,Pennsylvania,Furniture,Tables,Bretford Conference Table,568.59,-28.22,2,0.1,Home Office,Same Day
11/03/2024,Central,Ohio,Furniture,Furnishings,Tenex Chair Mat,6792.87,734.16,11,0,Corporate,Same Day
02/13/2023,South,North Carolina,Technology,Phones,OtterBox Phone Cover,11200.86,2581.15,13,0,Home Office,Same Day
01/30/2023,South,Louisiana,Office Supplies,Supplies,Tape Dispenser,783.98,29.97,14,0,Home Office,Standard Class
06/12/2024,West,Nevada,Technology,Phones,Samsung Galaxy Charger,1857.5,-285.23,8,0.7,Corporate,Same Day
04/17/2024,West,California,Office Supplies,Envelopes,Kraft Envelope Pack,346.85,17.61,5,0.2,Home Office,Standard Class
10/19/2023,South,South Carolina,Office Supplies,Art,Newell Highlighters,305.64,-19.25,10,0.7,Home Office,Standard Class
11/11/2023,West,Washington,Office Supplies,Supplies,Swingline Stapler,119.5,10.9,6,0.6,Home Office,First Class
01/11/2023,West,Utah,Technology,Machines,Canon imageCLASS Printer,3115.73,655.31,5,0.15,Home Office,Second Class
03/05/2021,South,Georgia,Technology,Accessories,SanDisk USB Drive,3996.58,1032.97,7,0.1,Corporate,Standard Class
12/29/2022,West,California,Technology,Copiers,Canon Copier,1641.45,-135.48,4,0.4,Consumer,First Class
10/11/2024,Central,Minnesota,Technology,Accessories,Kensington Keyboard,1838.17,377.91,6,0.15,Consumer,Same Day
08/05/2021,South,Louisiana,Office Supplies,Binders,GBC Binding Cover,2412.62,56.26,13,0,Consumer,Standard Class
05/20/2021,Central,Texas,Technology,Accessories,Belkin Surge Protector,750.41,-140.03,2,0,Corporate,First Class
07/14/2021,South,Kentucky,Technology,Phones,Motorola Phone Stand,236.62,19.21,1,0.8,Corporate,Same Day
11/02/2021,East,Rhode Island,Office Supplies,Labels,Avery Shipping Labels,1350.01,-94.0,7,0,Corporate,Standard Class
06/18/2021,Central,Nebraska,Technology,Copiers,Ricoh Office Copier,2352.41,120.56,2,0,Corporate,Standard Class
04/07/2021,West,Nevada,Furniture,Tables,Lesro Reception Table,6124.69,-707.54,12,0.15,Consumer,Same Day
12/22/2023,West,Oregon,Office Supplies,Fasteners,Acco Binder Clips,875.86,126.44,10,0.6,Corporate,Standard Class
08/09/2023,West,California,Office Supplies,Paper,Xerox Copy Paper,478.43,93.01,8,0.6,Home Office,Second Class
08/15/2023,Central,Missouri,Technology,Machines,Brother Fax Machine,875.87,-155.27,1,0.15,Home Office,Second Class
05/17/2022,East,Pennsylvania,Technology,Copiers,Sharp Digital Copier,345.53,-31.59,3,0.1,Corporate,Same Day
08/08/2023,Central,Illinois,Technology,Phones,Samsung Galaxy Charger,298.53,71.69,6,0.6,Consumer,Standard Class
02/10/2022,West,Arizona,Furniture,Furnishings,Advantus Wall Clock,3979.29,-84.36,12,0,Home Office,Same Day
02/18/2023,Central,Texas,Technology,Accessories,Kensington Keyboard,328.68,45.9,3,0.2,Consumer,Second Class
07/28/2024,East,Pennsylvania,Office Supplies,Labels,Avery Round Labels,297.57,89.89,2,0,Consumer,Second Class
05/23/2022,East,Vermont,Furniture,Furnishings,Eldon Desk Lamp,4969.96,-634.46,12,0.3,Consumer,First Class
12/02/2021,West,Oregon,Furniture,Tables,Chromcraft Round Table,5467.58,69.13,11,0.3,Consumer,First Class
05/20/2023,West,Montana,Office Supplies,Binders,Wilson Jones Binder,416.93,-77.05,2,0,Home Office,First Class
12/08/2024,Central,Wisconsin,Technology,Machines,Epson Scanner,352.0,86.67,2,0.5,Corporate,Second Class
12/22/2023,South,Tennessee,Technology,Machines,Epson Scanner,468.09,-13.46,3,0.8,Home Office,Standard Class
01/10/2022,Central,Nebraska,Technology,Accessories,Logitech Wireless Mouse,2179.39,-90.66,13,0.1,Corporate,Second Class
08/13/2024,Central,Kansas,Furniture,Chairs,Bush Mid-Back Chair,713.59,-34.51,3,0.5,Corporate,First Class
03/10/2022,East,New Hampshire,Technology,Phones,OtterBox Phone Cover,4857.16,1182.56,6,0.15,Consumer,First Class
09/28/2023,West,Arizona,Technology,Copiers,Ricoh Office Copier,2473.64,731.82,8,0.15,Home Office,Same Day
05/25/2023,Central,Nebraska,Furniture,Bookcases,Bush Wood Bookcase,314.76,-77.05,5,0,Home Office,Second Class
10/07/2024,South,Virginia,Technology,Copiers,Xerox WorkCentre Copier,6229.03,1441.37,8,0.2,Corporate,Same Day
02/12/2021,West,Montana,Office Supplies,Labels,Kroy Label Tape,366.49,-86.75,10,0,Corporate,Standard Class
02/10/2022,South,North Carolina,Office Supplies,Labels,Avery Shipping Labels,89.56,18.22,10,0.3,Consumer,Second Class
02/29/2024,West,Arizona,Office Supplies,Storage,Rubbermaid File Bin,500.11,-16.83,3,0.3,Consumer,Same Day
03/22/2022,Central,Michigan,Furniture,Furnishings,Eldon Desk Lamp,172.01,42.17,3,0.2,Home Office,First Class
11/13/2021,West,Montana,Technology,Accessories,SanDisk USB Drive,2802.61,-439.52,8,0.5,Consumer,Same Day
06/22/2022,East,New Hampshire,Technology,Accessories,Belkin Surge Protector,3760.03,748.52,6,0.15,Corporate,First Class
01/31/2022,South,Kentucky,Furniture,Chairs,Novimex Swivel Chair,5446.2,1494.7,12,0,Home Office,Second Class
10/25/2021,South,Georgia,Technology,Machines,HP LaserJet Printer,10150.5,-1554.64,11,0.15,Home Office,Second Class
08/04/2023,South,North Carolina,Office Supplies,Fasteners,Staples Standard Staples,1060.3,222.52,7,0.15,Corporate,Standard Class
06/15/2021,Central,Missouri,Office Supplies,Envelopes,Kraft Envelope Pack,143.53,7.58,3,0.5,Consumer,Standard Class
03/19/2021,Central,Texas,Furniture,Chairs,HON Executive Leather Chair,664.61,87.63,8,0.7,Home Office,First Class
05/11/2023,West,Montana,Technology,Machines,Epson Scanner,4606.41,-647.03,8,0.4,Home Office,Second Class
02/01/2022,Central,Wisconsin,Furniture,Chairs,Novimex Swivel Chair,7795.17,483.44,12,0,Consumer,Same Day
01/25/2021,West,Washington,Office Supplies,Art,Newell Highlighters,4.94,0.07,3,0.3,Consumer,Standard Class
03/11/2024,Central,Michigan,Technology,Accessories,Belkin Surge Protector,8981.0,2746.99,11,0.3,Corporate,Second Class
05/25/2022,South,Georgia,Office Supplies,Envelopes,Manila Envelopes,180.62,-44.69,2,0,Home Office,Second Class
09/24/2024,East,Rhode Island,Office Supplies,Paper,Xerox Copy Paper,1284.71,-281.3,13,0.6,Home Office,Second Class
09/24/2021,West,Idaho,Office Supplies,Paper,Xerox Copy Paper,1483.49,420.5,10,0.4,Corporate,Standard Class
11/02/2024,Central,Kansas,Office Supplies,Storage,Iris Stackable Bin,1210.47,421.98,12,0.4,Home Office,Standard Class
05/29/2024,West,Utah,Technology,Phones,Apple iPhone Case,123.82,-28.91,1,0.4,Home Office,Same Day
01/04/2022,East,New Jersey,Furniture,Tables,Chromcraft Round Table,1434.32,243.56,4,0.6,Home Office,Same Day
11/03/2022,East,New Jersey,Furniture,Chairs,Global Deluxe Task Chair,4254.13,1217.54,13,0.6,Home Office,Same Day
06/25/2024,Central,Illinois,Office Supplies,Envelopes,Manila Envelopes,39.15,-9.46,1,0.1,Home Office,Standard Class
08/11/2023,South,Florida,Technology,Accessories,Logitech Wireless Mouse,1368.49,310.89,6,0,Corporate,Standard Class
10/08/2023,West,California,Furniture,Furnishings,Fellowes Monitor Stand,4169.38,912.35,11,0.2,Corporate,First Class
09/14/2022,Central,Texas,Technology,Accessories,Logitech Wireless Mouse,2262.67,559.57,6,0,Corporate,Second Class
09/20/2021,West,Utah,Office Supplies,Labels,Kroy Label Tape,1011.38,326.94,8,0,Consumer,Standard Class
08/26/2024,Central,Ohio,Furniture,Tables,Bush Somerset Table,5305.89,-295.16,9,0.15,Consumer,First Class
06/19/2022,South,North Carolina,Furniture,Furnishings,Fellowes Monitor Stand,8292.03,935.88,11,0.1,Consumer,First Class
06/10/2022,East,Vermont,Technology,Copiers,Ricoh Office Copier,408.25,64.21,1,0.4,Home Office,Same Day
06/24/2024,Central,Kansas,Office Supplies,Supplies,Swingline Stapler,31.08,4.27,2,0,Corporate,Same Day
07/03/2024,West,Utah,Office Supplies,Art,Bic Pen Pack,174.73,12.72,4,0.7,Corporate,Second Class
07/25/2022,South,Louisiana,Furniture,Bookcases,Hon Metal Bookcase,7140.21,-1315.88,10,0.1,Home Office,First Class
05/21/2022,Central,Nebraska,Technology,Machines,Brother Fax Machine,188.28,2.68,8,0.5,Corporate,Standard Class
05/20/2021,South,Mississippi,Furniture,Furnishings,Advantus Wall Clock,4923.38,-128.2,13,0.5,Home Office,Second Class
09/30/2024,South,Mississippi,Furniture,Bookcases,Hon Metal Bookcase,5199.22,-649.87,12,0,Corporate,Same Day
01/14/2022,East,New Jersey,Office Supplies,Fasteners,Acco Binder Clips,426.91,-105.48,2,0,Home Office,First Class
01/23/2023,South,Kentucky,Technology,Accessories,Logitech Wireless Mouse,3422.39,-482.63,4,0,Corporate,Same Day
10/03/2023,East,New York,Technology,Phones,Motorola Phone Stand,1813.78,257.59,13,0.5,Consumer,Second Class
07/28/2024,East,Massachusetts,Office Supplies,Art,Sharpie Marker Set,919.8,-160.96,7,0.2,Home Office,First Class
02/26/2021,South,Kentucky,Office Supplies,Supplies,Tape Dispenser,1445.14,8.26,12,0.4,Consumer,Same Day
05/22/2022,Central,Missouri,Furniture,Tables,Bush Somerset Table,400.01,-87.79,14,0.4,Corporate,Standard Class
02/21/2024,South,Virginia,Office Supplies,Paper,Universal Legal Pad,1326.07,175.25,8,0,Corporate,Second Class
09/06/2023,South,Alabama,Furniture,Bookcases,Bush Wood Bookcase,5212.74,1300.42,12,0.4,Home Office,First Class
09/07/2021,Central,Minnesota,Technology,Copiers,Ricoh Office Copier,3328.65,244.75,9,0,Corporate,First Class
04/24/2022,East,Connecticut,Furniture,Furnishings,Advantus Wall Clock,2646.7,490.9,11,0,Home Office,Same Day
06/18/2021,West,Utah,Furniture,Tables,Bush Somerset Table,1539.9,274.49,11,0,Home Office,Second Class
08/03/2023,East,Maine,Technology,Phones,Apple iPhone Case,3331.17,1105.63,12,0,Home Office,Standard Class
05/10/2023,Central,Wisconsin,Technology,Accessories,SanDisk USB Drive,543.14,134.71,8,0.4,Home Office,First Class
01/15/2021,East,New Hampshire,Technology,Copiers,Ricoh Office Copier,2074.79,214.65,5,0.2,Consumer,Standard Class
06/21/2023,East,Vermont,Technology,Accessories,SanDisk USB Drive,4659.38,1035.06,11,0.3,Home Office,Same Day
04/01/2023,South,Tennessee,Office Supplies,Fasteners,Acco Binder Clips,1442.32,-19.57,14,0.15,Home Office,First Class
04/15/2024,West,California,Technology,Accessories,Kensington Keyboard,2472.54,-142.44,7,0.15,Consumer,Standard Class
12/20/2023,South,Tennessee,Furniture,Tables,Lesro Reception Table,613.58,26.13,3,0.6,Consumer,Same Day
12/08/2021,Central,Wisconsin,Technology,Accessories,Kensington Keyboard,84.07,14.28,1,0.3,Corporate,Standard Class
08/14/2024,South,Mississippi,Furniture,Furnishings,Tenex Chair Mat,4478.72,-379.0,9,0.3,Consumer,Same Day
02/19/2022,South,North Carolina,Office Supplies,Fasteners,Acco Binder Clips,629.47,144.82,10,0,Consumer,First Class
03/06/2024,West,California,Furniture,Bookcases,Hon Metal Bookcase,2933.24,-698.43,14,0.1,Consumer,Standard Class
12/26/2022,East,Rhode Island,Office Supplies,Storage,Rubbermaid File Bin,334.7,-14.77,5,0.5,Corporate,First Class
11/11/2021,Central,Ohio,Technology,Accessories,SanDisk USB Drive,1064.56,-218.35,10,0.3,Consumer,Same Day
10/12/2022,South,Virginia,Office Supplies,Supplies,X-Acto Cutting Mat,287.4,79.84,2,0.4,Consumer,Same Day
05/19/2023,East,Massachusetts,Office Supplies,Envelopes,Manila Envelopes,1703.78,-172.99,10,0.3,Consumer,First Class
11/01/2022,South,Virginia,Furniture,Furnishings,Tenex Chair Mat,6279.22,1039.21,11,0.3,Home Office,Standard Class
07/22/2024,South,North Carolina,Office Supplies,Fasteners,Officemate Paper Clips,988.47,-147.41,8,0.3,Consumer,Same Day
09/21/2023,Central,Ohio,Office Supplies,Envelopes,Kraft Envelope Pack,296.56,11.52,10,0.4,Home Office,Standard Class
05/27/2024,East,New York,Furniture,Furnishings,Eldon Desk Lamp,8035.49,2797.03,13,0,Corporate,Second Class
07/26/2021,East,Massachusetts,Technology,Copiers,Xerox WorkCentre Copier,2813.22,649.83,3,0,Home Office,Standard Class
09/17/2022,East,Connecticut,Office Supplies,Fasteners,Bostitch Push Pins,193.55,31.58,14,0.8,Consumer,Standard Class
03/21/2022,East,Vermont,Office Supplies,Fasteners,Acco Binder Clips,1496.91,510.82,11,0.1,Corporate,Standard Class
09/20/2021,West,Arizona,Furniture,Chairs,Novimex Swivel Chair,3308.93,-645.88,6,0.1,Corporate,Standard Class
10/04/2022,West,California,Technology,Copiers,Sharp Digital Copier,5126.01,1296.42,14,0.6,Consumer,First Class
01/24/2022,West,California,Furniture,Tables,Chromcraft Round Table,658.92,-54.02,13,0.2,Consumer,Second Class
02/20/2021,West,Oregon,Technology,Phones,OtterBox Phone Cover,881.54,-60.5,3,0.15,Consumer,Standard Class
10/02/2024,East,New York,Office Supplies,Supplies,Scissors Set,543.88,-28.76,9,0,Home Office,Second Class
06/13/2023,West,Idaho,Office Supplies,Paper,Universal Legal Pad,315.84,-3.57,6,0.2,Corporate,Second Class
10/19/2022,South,Tennessee,Office Supplies,Paper,Boise Multi-Use Paper,579.59,-44.71,5,0.5,Consumer,Second Class
10/31/2024,South,Alabama,Office Supplies,Art,Crayola Colored Pencils,89.37,19.05,4,0.6,Home Office,Second Class
05/22/2021,Central,Ohio,Office Supplies,Storage,Iris Stackable Bin,1401.4,-267.76,6,0,Corporate,Second Class
06/21/2024,West,California,Office Supplies,Binders,Cardinal Ring Binder,380.29,44.81,14,0.8,Corporate,Second Class
12/14/2024,Central,Iowa,Office Supplies,Paper,HP Premium Paper,108.24,-18.51,14,0.6,Home Office,Standard Class
06/24/2023,West,Idaho,Furniture,Bookcases,Hon Metal Bookcase,559.99,94.13,6,0.6,Corporate,First Class
07/03/2021,South,Georgia,Office Supplies,Binders,Avery Durable Binder,101.58,-14.59,7,0.7,Home Office,Same Day
07/20/2022,Central,Nebraska,Furniture,Bookcases,Sauder Heritage Bookcase,2223.38,-220.76,14,0.15,Consumer,Same Day
02/28/2024,Central,Wisconsin,Office Supplies,Paper,HP Premium Paper,1345.74,-132.25,13,0.3,Consumer,Standard Class
06/24/2023,East,New Hampshire,Technology,Machines,HP LaserJet Printer,861.37,-50.4,7,0.8,Corporate,Standard Class
04/26/2021,South,Kentucky,Office Supplies,Supplies,Scissors Set,438.41,87.84,10,0.1,Consumer,Standard Class
09/25/2024,East,New York,Technology,Phones,Apple iPhone Case,4863.22,-805.8,7,0.1,Home Office,Same Day
01/28/2023,South,Louisiana,Office Supplies,Labels,Kroy Label Tape,201.02,-30.27,9,0.3,Home Office,First Class
05/13/2023,South,Florida,Furniture,Tables,Chromcraft Round Table,2116.55,374.72,11,0.1,Corporate,First Class
08/31/2022,South,Kentucky,Office Supplies,Art,Crayola Colored Pencils,1547.63,-77.79,12,0.3,Corporate,First Class
08/10/2021,South,South Carolina,Office Supplies,Art,Crayola Colored Pencils,548.85,27.34,13,0.8,Home Office,Same Day
04/24/2023,Central,Nebraska,Office Supplies,Fasteners,Officemate Paper Clips,196.84,26.44,1,0,Consumer,Second Class
07/12/2022,South,Tennessee,Furniture,Chairs,Novimex Swivel Chair,4444.16,-875.65,9,0.15,Home Office,Second Class
11/25/2022,West,Oregon,Office Supplies,Art,Crayola Colored Pencils,826.62,107.74,6,0.4,Home Office,Second Class
04/27/2023,South,North Carolina,Furniture,Furnishings,Fellowes Monitor Stand,69.42,-11.36,1,0.15,Corporate,First Class
01/22/2024,West,California,Furniture,Furnishings,Eldon Desk Lamp,1287.48,-201.94,2,0.1,Home Office,Second Class
07/31/2024,East,New York,Technology,Machines,Brother Fax Machine,5126.35,1729.45,13,0,Consumer,Second Class
03/08/2024,West,Colorado,Furniture,Bookcases,Bush Wood Bookcase,3571.07,-837.96,7,0,Corporate,First Class
09/12/2024,West,California,Technology,Copiers,Xerox WorkCentre Copier,8501.8,-70.36,11,0.15,Home Office,Standard Class
09/14/2022,East,New Hampshire,Technology,Machines,Brother Fax Machine,5768.45,-136.3,7,0.3,Corporate,Second Class
11/27/2023,South,Florida,Technology,Accessories,Kensington Keyboard,755.16,120.35,7,0.5,Corporate,Standard Class
07/20/2024,Central,Minnesota,Technology,Machines,Brother Fax Machine,4885.38,1102.41,7,0,Corporate,Same Day
11/22/2021,West,Nevada,Furniture,Tables,Lesro Reception Table,4148.4,-280.01,8,0.1,Corporate,Second Class
12/29/2021,South,Florida,Technology,Accessories,Belkin Surge Protector,990.63,-97.09,4,0.7,Corporate,Same Day
07/25/2021,South,Alabama,Furniture,Bookcases,Bush Wood Bookcase,1322.81,-24.07,5,0.6,Home Office,Standard Class
12/01/2023,South,Kentucky,Office Supplies,Binders,Cardinal Ring Binder,1434.12,452.59,12,0.5,Home Office,Second Class
05/19/2022,Central,Wisconsin,Technology,Accessories,Logitech Wireless Mouse,2708.4,334.82,11,0.7,Consumer,Same Day
07/14/2022,Central,Missouri,Furniture,Chairs,Bush Mid-Back Chair,439.01,-49.73,1,0.5,Home Office,Second Class
03/21/2023,East,Rhode Island,Furniture,Bookcases,Sauder Heritage Bookcase,375.48,11.77,10,0.8,Home Office,Standard Class
07/17/2024,West,Nevada,Office Supplies,Supplies,X-Acto Cutting Mat,1010.75,-197.46,10,0.5,Home Office,Second Class
07/16/2021,West,California,Furniture,Furnishings,Tenex Chair Mat,1286.89,-317.16,9,0.2,Consumer,Second Class
02/04/2022,East,Maine,Furniture,Chairs,Global Deluxe Task Chair,1625.96,262.49,4,0.3,Home Office,Standard Class
12/10/2021,Central,Texas,Technology,Machines,Canon imageCLASS Printer,1958.41,-346.02,8,0,Home Office,Same Day
06/28/2024,South,North Carolina,Furniture,Bookcases,Hon Metal Bookcase,86.37,22.36,6,0.6,Consumer,Standard Class
03/24/2024,South,Louisiana,Technology,Accessories,Belkin Surge Protector,110.59,18.74,12,0.8,Home Office,Standard Class
12/23/2021,East,New Hampshire,Office Supplies,Envelopes,Poly Mailer Bundle,566.7,-54.23,5,0.15,Consumer,Same Day
10/07/2023,East,Maine,Furniture,Tables,Chromcraft Round Table,1975.92,-359.34,5,0.3,Home Office,Standard Class
12/28/2023,South,Florida,Furniture,Furnishings,Tenex Chair Mat,2287.54,-498.83,3,0,Home Office,Second Class
07/08/2024,East,Rhode Island,Technology,Machines,Brother Fax Machine,3746.73,-534.91,12,0.6,Consumer,Second Class
02/07/2023,East,Vermont,Technology,Phones,Apple iPhone Case,5871.09,-711.48,14,0.6,Corporate,Standard Class
12/27/2024,West,Oregon,Technology,Accessories,Kensington Keyboard,1217.48,-196.58,8,0.3,Consumer,Second Class
08/16/2023,East,Massachusetts,Furniture,Bookcases,O'Sullivan 5-Shelf Bookcase,5267.85,-793.47,10,0.2,Home Office,Second Class
06/20/2021,West,Utah,Office Supplies,Storage,Fellowes Storage Box,534.97,-97.49,7,0.4,Corporate,Same Day
10/18/2022,South,North Carolina,Technology,Phones,Samsung Galaxy Charger,401.44,-4.74,2,0.2,Corporate,Second Class
12/17/2021,South,Louisiana,Furniture,Bookcases,Hon Metal Bookcase,209.83,-41.92,1,0.6,Home Office,First Class
02/09/2022,West,California,Office Supplies,Storage,Sterilite Storage Tote,105.15,22.88,2,0.6,Consumer,First Class
12/17/2023,East,New Hampshire,Office Supplies,Envelopes,Kraft Envelope Pack,203.34,15.99,5,0.5,Corporate,Same Day
06/13/2023,South,Florida,Furniture,Furnishings,Advantus Wall Clock,1449.86,275.91,8,0.6,Home Office,Second Class
03/24/2021,East,New Hampshire,Office Supplies,Labels,Avery Shipping Labels,178.83,-9.55,6,0.5,Consumer,Standard Class
08/06/2024,South,North Carolina,Office Supplies,Binders,Cardinal Ring Binder,372.65,68.96,10,0.4,Home Office,Second Class
01/23/2021,East,Pennsylvania,Technology,Machines,HP LaserJet Printer,811.74,-126.15,6,0,Consumer,First Class
05/30/2021,East,Vermont,Furniture,Furnishings,Eldon Desk Lamp,219.18,-50.92,10,0.6,Corporate,Standard Class
07/30/2024,South,Tennessee,Furniture,Bookcases,O'Sullivan 5-Shelf Bookcase,7886.21,274.21,12,0.15,Consumer,Standard Class
01/13/2024,South,Florida,Technology,Copiers,Sharp Digital Copier,2495.11,742.08,6,0.4,Home Office,Same Day
07/07/2023,West,Washington,Furniture,Tables,Bretford Conference Table,1985.99,-129.6,12,0.7,Corporate,Standard Class
09/12/2021,West,Montana,Technology,Phones,Apple iPhone Case,1683.86,-82.24,2,0.15,Corporate,Same Day
04/11/2024,South,Louisiana,Office Supplies,Fasteners,Staples Standard Staples,381.39,33.83,14,0.2,Home Office,Standard Class
07/11/2023,East,New Hampshire,Furniture,Chairs,Global Deluxe Task Chair,1852.67,572.83,7,0.15,Corporate,Same Day
05/31/2022,East,New Jersey,Furniture,Chairs,Global Deluxe Task Chair,8278.87,-553.03,12,0.2,Home Office,Second Class
01/24/2022,South,Louisiana,Technology,Machines,Brother Fax Machine,1192.83,358.38,12,0,Home Office,Second Class
01/09/2023,Central,Kansas,Technology,Copiers,Xerox WorkCentre Copier,3681.93,1241.11,12,0.5,Consumer,Second Class
12/01/2021,West,Colorado,Technology,Copiers,Canon Copier,664.17,158.97,12,0.15,Consumer,Same Day
08/10/2022,South,South Carolina,Technology,Accessories,Belkin Surge Protector,2615.41,409.04,9,0.15,Consumer,Second Class
12/25/2024,Central,Missouri,Technology,Accessories,Kensington Keyboard,192.97,36.63,4,0.6,Corporate,Same Day
11/14/2022,South,North Carolina,Furniture,Furnishings,Tenex Chair Mat,9459.87,2498.66,14,0.1,Consumer,Same Day
02/03/2022,West,California,Furniture,Furnishings,Fellowes Monitor Stand,2400.4,-432.04,4,0.15,Home Office,Second Class
11/12/2024,East,Maine,Office Supplies,Paper,Boise Multi-Use Paper,1458.77,-0.93,6,0,Corporate,Second Class
07/30/2023,South,North Carolina,Furniture,Chairs,Bush Mid-Back Chair,223.4,-7.09,1,0.15,Home Office,Standard Class
06/22/2021,Central,Michigan,Office Supplies,Labels,Avery File Labels,235.73,-21.43,2,0,Home Office,First Class
12/08/2021,Central,Nebraska,Office Supplies,Supplies,Swingline Stapler,2062.85,142.1,13,0,Corporate,Second Class
06/02/2021,Central,Missouri,Furniture,Bookcases,Bush Wood Bookcase,141.47,47.71,3,0.6,Corporate,First Class
08/14/2022,South,Mississippi,Furniture,Tables,Lesro Reception Table,653.62,33.12,3,0.6,Corporate,Second Class
03/16/2022,Central,Iowa,Technology,Machines,Brother Fax Machine,3315.12,925.88,11,0.6,Corporate,Standard Class
10/10/2022,Central,Michigan,Furniture,Bookcases,O'Sullivan 5-Shelf Bookcase,3246.88,1100.51,13,0,Home Office,Standard Class
04/10/2021,West,Arizona,Office Supplies,Binders,GBC Binding Cover,732.84,62.02,6,0.4,Corporate,First Class
05/30/2022,West,Washington,Furniture,Bookcases,Hon Metal Bookcase,4852.81,-518.44,7,0.15,Corporate,Same Day
07/05/2022,West,Arizona,Furniture,Bookcases,Sauder Heritage Bookcase,243.76,0.59,11,0.3,Home Office,Same Day
07/03/2023,East,New York,Office Supplies,Fasteners,Bostitch Push Pins,54.81,13.0,5,0.6,Consumer,Same Day
06/08/2021,East,Vermont,Office Supplies,Storage,Rubbermaid File Bin,1315.75,-52.63,14,0.15,Consumer,Standard Class
01/27/2022,East,New Jersey,Office Supplies,Storage,Iris Stackable Bin,18.11,5.36,2,0.3,Consumer,Second Class
08/01/2024,South,North Carolina,Technology,Copiers,Xerox WorkCentre Copier,3338.52,-714.29,3,0,Corporate,Standard Class
02/01/2023,Central,Nebraska,Technology,Accessories,Kensington Keyboard,452.17,93.92,1,0.4,Home Office,Same Day
08/09/2022,Central,Ohio,Furniture,Bookcases,Sauder Heritage Bookcase,1287.87,-216.56,2,0.15,Corporate,Standard Class
12/15/2024,South,South Carolina,Office Supplies,Binders,GBC Binding Cover,1606.53,-336.35,14,0.5,Corporate,First Class
07/25/2023,West,Montana,Technology,Accessories,SanDisk USB Drive,1044.95,12.63,6,0.7,Corporate,Second Class
09/06/2023,West,California,Office Supplies,Envelopes,Manila Envelopes,994.2,109.85,10,0.4,Home Office,Second Class
10/01/2022,South,Louisiana,Office Supplies,Storage,Rubbermaid File Bin,96.22,-2.75,12,0.7,Consumer,First Class
03/12/2024,East,Maine,Furniture,Tables,Bush Somerset Table,288.07,67.72,1,0.1,Home Office,Standard Class
05/22/2023,West,Montana,Office Supplies,Fasteners,Acco Binder Clips,2567.27,3.82,12,0,Corporate,First Class
06/17/2021,South,Alabama,Furniture,Furnishings,Advantus Wall Clock,1256.11,-247.25,13,0,Corporate,Second Class
09/29/2022,South,North Carolina,Technology,Machines,Epson Scanner,1529.99,-287.23,14,0.7,Consumer,Second Class
10/25/2023,Central,Minnesota,Technology,Accessories,Logitech Wireless Mouse,1850.03,-105.47,6,0.6,Corporate,Second Class
07/18/2023,Central,Ohio,Office Supplies,Paper,Universal Legal Pad,614.67,-31.65,13,0.8,Corporate,Same Day
06/01/2022,Central,Minnesota,Office Supplies,Paper,Universal Legal Pad,360.23,-13.84,9,0.8,Home Office,Second Class
02/03/2024,Central,Illinois,Furniture,Chairs,Bush Mid-Back Chair,4629.0,1045.53,14,0.15,Home Office,Standard Class
09/11/2023,East,New Hampshire,Office Supplies,Binders,GBC Binding Cover,681.39,83.61,10,0.7,Home Office,Same Day
06/06/2022,Central,Ohio,Furniture,Furnishings,Fellowes Monitor Stand,3767.21,332.43,11,0.6,Consumer,Second Class
03/19/2021,East,Massachusetts,Technology,Accessories,SanDisk USB Drive,790.84,-73.28,8,0,Consumer,First Class
03/01/2024,East,New Jersey,Office Supplies,Binders,Cardinal Ring Binder,1137.67,-65.87,12,0.2,Home Office,First Class
12/15/2024,East,Massachusetts,Technology,Copiers,Ricoh Office Copier,698.88,-55.5,4,0.2,Consumer,First Class
07/10/2022,West,Utah,Technology,Machines,Canon imageCLASS Printer,222.19,-52.56,1,0.5,Consumer,Second Class
12/13/2023,Central,Missouri,Furniture,Bookcases,O'Sullivan 5-Shelf Bookcase,2987.75,187.53,8,0.1,Home Office,Same Day
08/11/2022,Central,Nebraska,Furniture,Chairs,Global Deluxe Task Chair,343.97,-72.38,2,0.8,Consumer,Same Day
10/31/2023,East,Massachusetts,Furniture,Chairs,Global Deluxe Task Chair,3100.72,-613.63,14,0.2,Home Office,First Class
09/23/2024,West,Utah,Technology,Copiers,Canon Copier,43.74,4.94,3,0.7,Consumer,Standard Class
11/02/2024,West,Idaho,Technology,Phones,Samsung Galaxy Charger,1418.02,436.58,2,0,Corporate,Same Day
05/03/2023,South,Louisiana,Office Supplies,Supplies,X-Acto Cutting Mat,344.21,-12.31,6,0.4,Corporate,First Class
11/26/2024,East,Massachusetts,Office Supplies,Art,Crayola Colored Pencils,408.78,79.08,5,0.1,Consumer,Standard Class
01/31/2023,East,New Jersey,Office Supplies,Paper,Boise Multi-Use Paper,741.6,53.7,4,0.1,Home Office,Second Class
01/18/2023,West,Nevada,Furniture,Bookcases,Hon Metal Bookcase,1947.86,-123.11,11,0.8,Home Office,First Class
02/11/2023,Central,Texas,Office Supplies,Storage,Iris Stackable Bin,545.88,125.64,5,0,Corporate,Standard Class
07/18/2024,South,Louisiana,Office Supplies,Art,Crayola Colored Pencils,82.63,-5.5,2,0.8,Home Office,Same Day
02/26/2024,South,North Carolina,Furniture,Furnishings,Advantus Wall Clock,712.08,104.35,4,0.8,Corporate,Same Day
06/14/2023,West,California,Furniture,Tables,Bretford Conference Table,5968.37,1796.1,10,0.2,Corporate,Second Class
07/19/2023,East,New Jersey,Furniture,Tables,Bush Somerset Table,1292.09,100.42,8,0,Home Office,First Class
02/26/2023,East,Connecticut,Technology,Accessories,Logitech Wireless Mouse,925.24,91.99,11,0.8,Home Office,First Class
06/05/2023,Central,Missouri,Technology,Accessories,SanDisk USB Drive,795.7,194.79,5,0.2,Consumer,Standard Class
11/16/2021,Central,Illinois,Office Supplies,Binders,Wilson Jones Binder,371.08,17.56,14,0.8,Corporate,First Class
09/27/2023,Central,Iowa,Furniture,Bookcases,O'Sullivan 5-Shelf Bookcase,975.16,-217.43,10,0.7,Home Office,First Class
10/01/2023,South,Louisiana,Furniture,Chairs,Novimex Swivel Chair,772.82,225.83,3,0.7,Home Office,Second Class
08/04/2023,East,New York,Technology,Accessories,Logitech Wireless Mouse,108.75,14.26,8,0.8,Consumer,First Class
04/28/2023,South,Florida,Technology,Machines,Canon imageCLASS Printer,1451.59,-351.94,2,0.1,Corporate,Second Class
10/25/2022,East,Vermont,Office Supplies,Envelopes,Manila Envelopes,1721.63,-132.31,14,0,Consumer,Second Class
07/04/2021,West,Montana,Office Supplies,Supplies,Swingline Stapler,26.92,7.92,6,0.7,Corporate,Standard Class
11/19/2024,Central,Minnesota,Technology,Copiers,Canon Copier,4838.14,756.71,6,0.2,Consumer,Same Day
03/04/2024,South,Kentucky,Technology,Accessories,Logitech Wireless Mouse,3144.51,-335.24,4,0.3,Corporate,Same Day
09/02/2021,East,Maine,Technology,Accessories,SanDisk USB Drive,1397.62,410.77,12,0.3,Consumer,Second Class
06/19/2022,Central,Missouri,Furniture,Chairs,HON Executive Leather Chair,2816.81,-73.47,6,0,Home Office,Same Day
03/08/2024,East,New Jersey,Furniture,Chairs,Novimex Swivel Chair,1287.91,109.25,8,0.8,Home Office,Same Day
02/10/2022,South,Kentucky,Office Supplies,Supplies,Tape Dispenser,85.89,-9.9,2,0.6,Corporate,Second Class
03/14/2024,South,Florida,Office Supplies,Paper,Universal Legal Pad,654.46,-27.14,14,0,Home Office,Standard Class
09/04/2021,South,Virginia,Furniture,Chairs,Global Deluxe Task Chair,482.0,49.09,3,0.4,Home Office,Standard Class
05/25/2024,East,New Hampshire,Office Supplies,Paper,Xerox Copy Paper,165.38,44.22,2,0.6,Consumer,Same Day
03/07/2023,East,Rhode Island,Office Supplies,Envelopes,Poly Mailer Bundle,138.22,-20.14,1,0.3,Consumer,Same Day
08/06/2024,West,Colorado,Office Supplies,Supplies,X-Acto Cutting Mat,1186.58,-30.58,12,0.2,Home Office,First Class
09/03/2022,West,Montana,Office Supplies,Art,Newell Highlighters,2.15,0.57,1,0.8,Consumer,Same Day
12/09/2023,West,California,Furniture,Chairs,Bush Mid-Back Chair,246.69,66.34,3,0.8,Corporate,Second Class
04/27/2023,Central,Ohio,Technology,Machines,Brother Fax Machine,1362.89,223.92,2,0,Consumer,Standard Class
11/02/2023,West,Montana,Furniture,Furnishings,Advantus Wall Clock,6703.57,984.02,11,0.3,Home Office,First Class
09/05/2024,West,Washington,Technology,Phones,Apple iPhone Case,1382.5,41.45,3,0.5,Home Office,Standard Class
04/14/2022,West,Utah,Office Supplies,Fasteners,Acco Binder Clips,379.2,45.51,7,0.7,Corporate,Second Class
04/05/2024,East,Massachusetts,Furniture,Furnishings,Advantus Wall Clock,2416.89,-325.08,9,0.15,Home Office,Same Day
04/06/2022,East,New Jersey,Technology,Accessories,Logitech Wireless Mouse,1829.68,237.43,8,0.2,Consumer,Standard Class
09/16/2021,West,Oregon,Technology,Accessories,SanDisk USB Drive,1552.35,253.34,14,0.8,Corporate,Same Day
01/27/2023,East,Maine,Furniture,Chairs,Global Deluxe Task Chair,1470.71,-313.33,7,0.5,Consumer,Second Class
01/15/2024,South,Tennessee,Furniture,Tables,Chromcraft Round Table,4604.38,-709.15,10,0,Home Office,Second Class
09/05/2021,West,California,Technology,Phones,Motorola Phone Stand,1152.32,55.3,5,0.6,Corporate,Standard Class
12/22/2022,West,Utah,Technology,Phones,OtterBox Phone Cover,5666.08,-948.5,8,0.3,Consumer,Second Class
12/21/2024,South,Georgia,Technology,Accessories,SanDisk USB Drive,2949.26,836.48,10,0.7,Consumer,First Class
10/18/2022,Central,Nebraska,Office Supplies,Paper,Boise Multi-Use Paper,1001.98,342.73,8,0.4,Corporate,Standard Class
07/04/2024,West,Montana,Technology,Copiers,Sharp Digital Copier,5634.15,1825.29,6,0,Consumer,Standard Class
11/22/2023,Central,Nebraska,Office Supplies,Fasteners,Acco Binder Clips,946.52,83.85,4,0,Home Office,First Class
06/28/2021,West,Utah,Furniture,Bookcases,Bush Wood Bookcase,382.06,-0.37,3,0.7,Consumer,First Class
06/17/2023,West,Utah,Furniture,Furnishings,Eldon Desk Lamp,1826.0,-424.65,3,0,Consumer,Second Class
03/23/2023,East,Pennsylvania,Furniture,Bookcases,O'Sullivan 5-Shelf Bookcase,3336.29,-394.0,14,0.4,Consumer,Standard Class
10/28/2023,West,Idaho,Furniture,Tables,Chromcraft Round Table,946.98,37.7,4,0.3,Corporate,Standard Class
08/11/2022,East,Maine,Office Supplies,Envelopes,Manila Envelopes,1865.56,81.1,14,0.1,Consumer,First Class
06/05/2021,Central,Missouri,Office Supplies,Paper,HP Premium Paper,1082.9,-267.06,7,0.15,Home Office,First Class
09/15/2024,Central,Missouri,Technology,Copiers,Xerox WorkCentre Copier,508.37,26.22,1,0.2,Home Office,Standard Class
10/07/2021,East,New Jersey,Office Supplies,Paper,Xerox Copy Paper,1067.61,298.2,10,0,Consumer,First Class
02/29/2024,Central,Iowa,Technology,Phones,Apple iPhone Case,271.64,-65.61,6,0.5,Consumer,First Class
03/25/2021,South,Georgia,Office Supplies,Supplies,Scissors Set,229.26,35.06,1,0,Consumer,Same Day
03/15/2023,West,Montana,Technology,Accessories,SanDisk USB Drive,481.92,-31.12,8,0.8,Corporate,First Class
02/10/2024,West,Utah,Technology,Machines,Canon imageCLASS Printer,1295.59,-240.48,10,0.15,Home Office,First Class
08/12/2021,South,Louisiana,Furniture,Chairs,HON Executive Leather Chair,1312.54,-229.02,4,0,Home Office,First Class
06/27/2021,West,Colorado,Technology,Phones,Apple iPhone Case,236.89,48.19,10,0.7,Home Office,First Class
01/07/2022,East,Connecticut,Furniture,Tables,Bretford Conference Table,995.19,124.31,6,0.6,Home Office,Standard Class
08/17/2023,West,Oregon,Furniture,Furnishings,Fellowes Monitor Stand,254.41,32.99,7,0.3,Consumer,First Class
03/01/2024,East,Massachusetts,Office Supplies,Storage,Iris Stackable Bin,830.57,58.35,10,0.4,Corporate,First Class
04/15/2023,West,California,Technology,Phones,Samsung Galaxy Charger,3351.92,305.31,4,0,Consumer,Same Day
11/11/2023,East,New Jersey,Office Supplies,Fasteners,Bostitch Push Pins,357.11,-14.66,3,0,Corporate,Standard Class
06/09/2021,Central,Illinois,Furniture,Chairs,Global Deluxe Task Chair,3933.15,-850.0,14,0.4,Corporate,Same Day
12/13/2024,South,Louisiana,Office Supplies,Art,Sharpie Marker Set,548.16,62.53,13,0.7,Consumer,Second Class
06/16/2023,East,New Jersey,Technology,Copiers,Sharp Digital Copier,2241.5,279.17,5,0,Consumer,Second Class
06/16/2023,East,Massachusetts,Office Supplies,Storage,Rubbermaid File Bin,486.32,51.93,8,0.5,Home Office,Second Class
10/25/2022,Central,Nebraska,Office Supplies,Binders,Cardinal Ring Binder,64.47,19.6,6,0.4,Corporate,Same Day
11/23/2024,South,Virginia,Technology,Accessories,Logitech Wireless Mouse,4081.38,88.01,12,0.15,Consumer,First Class
10/13/2021,South,Virginia,Office Supplies,Binders,Wilson Jones Binder,1380.66,440.27,12,0.3,Home Office,Standard Class
08/18/2021,East,Rhode Island,Office Supplies,Art,Newell Highlighters,131.2,37.51,6,0.8,Consumer,First Class
05/12/2023,East,Maine,Office Supplies,Fasteners,Officemate Paper Clips,1303.63,-278.75,8,0,Corporate,Standard Class
04/08/2024,West,Montana,Technology,Machines,Canon imageCLASS Printer,1828.13,313.58,4,0.15,Consumer,Same Day
07/05/2024,Central,Kansas,Office Supplies,Storage,Iris Stackable Bin,186.9,-8.14,5,0.8,Consumer,Second Class
09/08/2022,West,Montana,Technology,Machines,HP LaserJet Printer,1535.49,324.89,10,0.2,Corporate,Standard Class
12/23/2023,Central,Illinois,Office Supplies,Envelopes,Manila Envelopes,1119.82,79.79,11,0,Consumer,Second Class
07/01/2021,West,Arizona,Technology,Machines,Epson Scanner,5657.11,1122.74,7,0,Corporate,Second Class
05/06/2023,South,Mississippi,Office Supplies,Labels,Kroy Label Tape,2859.16,996.69,12,0,Home Office,Same Day
08/20/2023,East,Massachusetts,Technology,Accessories,SanDisk USB Drive,4913.76,820.79,9,0.4,Corporate,Standard Class
03/17/2024,West,Washington,Technology,Machines,HP LaserJet Printer,4665.58,828.77,5,0,Consumer,Second Class
01/15/2022,West,Montana,Technology,Phones,OtterBox Phone Cover,4491.11,-447.21,6,0.1,Home Office,Standard Class
05/12/2021,Central,Wisconsin,Office Supplies,Envelopes,Security Envelopes,1078.02,-63.63,14,0.5,Home Office,Second Class
12/12/2022,East,Connecticut,Furniture,Bookcases,Hon Metal Bookcase,281.18,82.31,7,0.1,Consumer,Second Class
06/08/2024,South,Louisiana,Furniture,Tables,Chromcraft Round Table,752.92,73.59,1,0.15,Home Office,Same Day
09/01/2024,Central,Iowa,Furniture,Furnishings,Fellowes Monitor Stand,574.01,124.95,3,0,Corporate,Standard Class
03/02/2023,South,North Carolina,Technology,Copiers,Sharp Digital Copier,414.12,5.36,5,0.7,Consumer,Second Class
01/20/2024,West,California,Technology,Machines,Brother Fax Machine,5113.43,1149.78,8,0,Home Office,First Class
03/05/2022,South,Louisiana,Technology,Machines,Epson Scanner,373.46,-89.68,2,0.3,Home Office,First Class
03/19/2023,South,Florida,Furniture,Furnishings,Tenex Chair Mat,1045.72,-113.6,3,0.5,Consumer,Same Day
07/31/2022,Central,Nebraska,Furniture,Tables,Lesro Reception Table,5758.86,56.81,10,0,Consumer,First Class
12/31/2024,West,California,Furniture,Bookcases,Sauder Heritage Bookcase,4339.28,-473.32,12,0,Corporate,Same Day
10/14/2022,West,Oregon,Technology,Accessories,SanDisk USB Drive,1847.11,-458.83,5,0,Home Office,First Class
03/23/2024,South,Mississippi,Office Supplies,Binders,GBC Binding Cover,1148.55,-215.4,6,0,Consumer,First Class
03/31/2021,South,Georgia,Furniture,Furnishings,Fellowes Monitor Stand,2575.93,-361.68,12,0.7,Corporate,Standard Class
06/25/2023,Central,Missouri,Technology,Phones,Apple iPhone Case,1604.69,-209.33,5,0.6,Home Office,Standard Class
02/18/2021,South,North Carolina,Office Supplies,Labels,Avery Round Labels,771.11,59.69,7,0.3,Corporate,First Class
12/17/2022,South,South Carolina,Furniture,Bookcases,O'Sullivan 5-Shelf Bookcase,821.83,-70.44,1,0,Consumer,Second Class
08/02/2023,Central,Wisconsin,Technology,Accessories,Logitech Wireless Mouse,1562.84,-376.35,2,0,Corporate,Second Class
12/10/2022,Central,Texas,Furniture,Chairs,Global Deluxe Task Chair,102.92,0.55,11,0.8,Corporate,Standard Class
09/07/2024,Central,Kansas,Office Supplies,Paper,HP Premium Paper,503.62,-101.56,4,0,Corporate,First Class
02/27/2024,Central,Wisconsin,Technology,Phones,Samsung Galaxy Charger,5480.48,-407.62,13,0.5,Home Office,Second Class
08/31/2024,West,California,Furniture,Bookcases,Bush Wood Bookcase,1403.79,373.01,3,0,Home Office,First Class
09/04/2021,West,Washington,Office Supplies,Fasteners,Staples Standard Staples,1476.02,11.91,14,0,Corporate,Standard Class
07/25/2022,Central,Texas,Office Supplies,Paper,HP Premium Paper,85.02,24.01,12,0.6,Corporate,Second Class
04/04/2021,East,Massachusetts,Technology,Machines,Brother Fax Machine,7188.27,792.24,12,0,Consumer,Second Class
10/22/2024,West,Montana,Office Supplies,Labels,Avery Round Labels,1530.83,-21.75,14,0.1,Corporate,Second Class
01/27/2022,Central,Ohio,Technology,Accessories,Logitech Wireless Mouse,2566.41,344.77,4,0,Consumer,First Class
02/11/2021,South,South Carolina,Furniture,Bookcases,Bush Wood Bookcase,4100.85,-355.01,6,0,Home Office,Same Day
08/30/2021,East,Maine,Technology,Phones,Motorola Phone Stand,9866.05,295.73,9,0,Consumer,Standard Class
06/11/2022,East,New York,Office Supplies,Labels,Avery Shipping Labels,554.68,50.36,8,0.6,Home Office,Standard Class
03/02/2021,South,Georgia,Office Supplies,Labels,Avery Round Labels,52.43,-0.7,4,0.8,Home Office,First Class
09/08/2023,South,Tennessee,Technology,Copiers,Xerox WorkCentre Copier,3105.41,-22.0,5,0.15,Consumer,Same Day
08/22/2022,West,Nevada,Office Supplies,Fasteners,Staples Standard Staples,565.34,-91.14,14,0.4,Home Office,Standard Class
12/30/2022,East,Massachusetts,Office Supplies,Paper,HP Premium Paper,2772.68,435.39,14,0,Home Office,First Class
08/28/2021,East,Connecticut,Furniture,Chairs,Bush Mid-Back Chair,982.27,112.59,7,0,Home Office,First Class
05/08/2023,South,Louisiana,Office Supplies,Binders,Cardinal Ring Binder,1812.23,563.95,9,0.15,Consumer,Standard Class
07/31/2023,South,South Carolina,Office Supplies,Supplies,Scissors Set,401.3,55.59,6,0,Consumer,Second Class
11/17/2021,Central,Michigan,Office Supplies,Fasteners,Officemate Paper Clips,295.25,34.83,10,0.5,Consumer,Second Class
11/30/2024,Central,Michigan,Technology,Accessories,Kensington Keyboard,772.9,109.81,14,0.3,Corporate,Second Class
12/14/2024,West,Montana,Office Supplies,Paper,Boise Multi-Use Paper,350.87,-34.25,14,0,Home Office,Same Day
02/18/2022,Central,Iowa,Office Supplies,Labels,Kroy Label Tape,374.49,10.46,11,0.7,Corporate,Standard Class
01/17/2023,South,Louisiana,Technology,Phones,Motorola Phone Stand,11492.41,-553.53,14,0.3,Corporate,Same Day
11/08/2024,West,Utah,Furniture,Bookcases,Hon Metal Bookcase,1609.74,-203.86,5,0,Corporate,Standard Class
08/13/2021,East,Rhode Island,Technology,Phones,Motorola Phone Stand,2201.0,616.71,12,0.7,Corporate,First Class
11/03/2024,West,California,Office Supplies,Binders,Avery Durable Binder,536.39,12.76,9,0.7,Corporate,Standard Class
10/18/2022,South,Mississippi,Technology,Phones,OtterBox Phone Cover,1305.8,-5.08,9,0.4,Corporate,Standard Class
02/13/2024,East,New York,Office Supplies,Envelopes,Manila Envelopes,952.69,283.66,12,0.3,Consumer,Same Day
02/08/2024,Central,Iowa,Technology,Machines,Canon imageCLASS Printer,1215.45,-182.62,3,0.6,Corporate,First Class
02/22/2021,West,Arizona,Technology,Phones,OtterBox Phone Cover,2045.33,371.08,11,0.5,Corporate,First Class
12/17/2024,Central,Michigan,Office Supplies,Paper,Xerox Copy Paper,609.93,176.59,13,0.15,Consumer,Standard Class
02/14/2021,Central,Minnesota,Technology,Copiers,Ricoh Office Copier,4313.54,532.08,8,0,Corporate,First Class
01/10/2021,East,Connecticut,Technology,Accessories,Logitech Wireless Mouse,177.81,-40.59,1,0.8,Corporate,First Class
04/15/2021,South,Florida,Furniture,Chairs,Global Deluxe Task Chair,2476.88,533.27,12,0.3,Corporate,Same Day
02/25/2024,West,Utah,Technology,Machines,HP LaserJet Printer,2918.97,582.32,9,0.7,Corporate,Second Class
04/20/2024,South,South Carolina,Technology,Accessories,SanDisk USB Drive,5065.89,985.37,12,0.4,Consumer,First Class
04/16/2023,East,New Hampshire,Technology,Machines,Epson Scanner,10475.45,180.32,11,0.2,Corporate,Same Day
01/20/2022,West,Idaho,Furniture,Bookcases,Bush Wood Bookcase,1264.71,-47.09,10,0.8,Home Office,Standard Class
02/04/2022,South,Louisiana,Office Supplies,Art,Crayola Colored Pencils,21.01,2.75,12,0.3,Corporate,First Class
12/19/2022,West,California,Office Supplies,Storage,Iris Stackable Bin,95.14,-16.88,7,0,Consumer,Same Day
09/11/2023,South,Louisiana,Office Supplies,Envelopes,Poly Mailer Bundle,1437.53,495.04,13,0,Corporate,Same Day
01/19/2021,East,New Hampshire,Office Supplies,Paper,Boise Multi-Use Paper,275.22,46.18,7,0.15,Consumer,Standard Class
04/14/2023,Central,Michigan,Technology,Phones,OtterBox Phone Cover,1055.75,283.75,8,0.3,Corporate,Standard Class
03/23/2023,West,Colorado,Office Supplies,Paper,Xerox Copy Paper,1430.44,-84.2,11,0.1,Corporate,Same Day
04/21/2021,Central,Iowa,Furniture,Tables,Lesro Reception Table,4258.73,129.62,14,0.15,Home Office,Second Class
11/21/2024,East,Massachusetts,Office Supplies,Storage,Rubbermaid File Bin,284.94,48.94,2,0.2,Consumer,Second Class
12/07/2024,South,Georgia,Furniture,Tables,Bretford Conference Table,1315.58,354.0,10,0.4,Consumer,Standard Class
10/24/2022,South,Alabama,Office Supplies,Fasteners,Acco Binder Clips,4.58,-0.5,5,0.7,Home Office,Second Class
03/03/2024,Central,Ohio,Technology,Phones,OtterBox Phone Cover,1898.46,324.19,5,0.1,Home Office,Same Day
02/09/2024,East,New Hampshire,Technology,Phones,Motorola Phone Stand,2109.45,129.89,2,0.1,Corporate,Same Day
06/28/2023,West,Oregon,Furniture,Chairs,Novimex Swivel Chair,4804.4,1429.65,14,0.5,Home Office,Same Day
04/18/2023,Central,Minnesota,Office Supplies,Envelopes,Poly Mailer Bundle,50.48,0.72,2,0.2,Home Office,First Class
06/29/2024,Central,Iowa,Furniture,Tables,Bush Somerset Table,3088.04,212.96,6,0,Corporate,First Class
09/05/2024,East,New Jersey,Furniture,Tables,Lesro Reception Table,1233.5,133.24,3,0.2,Corporate,Second Class
08/20/2024,Central,Missouri,Furniture,Bookcases,O'Sullivan 5-Shelf Bookcase,1453.56,-308.53,3,0.2,Consumer,Same Day
12/03/2023,South,Tennessee,Furniture,Chairs,Novimex Swivel Chair,628.85,-131.96,5,0.6,Consumer,Same Day
10/02/2024,West,Arizona,Office Supplies,Envelopes,Kraft Envelope Pack,198.73,0.77,2,0.6,Consumer,Standard Class
07/22/2022,West,Arizona,Office Supplies,Art,Bic Pen Pack,162.33,-26.1,11,0.3,Home Office,Same Day
10/14/2024,Central,Michigan,Furniture,Chairs,HON Executive Leather Chair,9001.26,1928.68,13,0.15,Consumer,Standard Class
04/08/2024,East,Pennsylvania,Office Supplies,Art,Sharpie Marker Set,143.5,12.2,12,0.4,Corporate,Standard Class
10/06/2021,Central,Michigan,Office Supplies,Labels,Avery Round Labels,102.45,20.74,7,0.5,Home Office,Second Class
11/21/2023,East,New York,Technology,Phones,Motorola Phone Stand,2669.0,-648.16,9,0.6,Home Office,Standard Class
08/02/2022,East,Connecticut,Furniture,Chairs,HON Executive Leather Chair,3829.52,-880.79,12,0,Home Office,Standard Class
08/06/2024,East,Maine,Office Supplies,Paper,Boise Multi-Use Paper,371.26,3.44,9,0.8,Home Office,Standard Class
04/22/2023,West,Washington,Furniture,Bookcases,Sauder Heritage Bookcase,4369.58,3.55,12,0.3,Consumer,Standard Class
06/13/2022,West,Arizona,Office Supplies,Supplies,Tape Dispenser,45.69,7.92,3,0.5,Home Office,First Class
07/02/2022,West,Utah,Furniture,Bookcases,O'Sullivan 5-Shelf Bookcase,3723.77,819.43,10,0.5,Corporate,First Class
01/01/2021,East,New Jersey,Office Supplies,Storage,Iris Stackable Bin,77.76,19.91,4,0.1,Home Office,Same Day
09/03/2021,Central,Missouri,Technology,Accessories,Belkin Surge Protector,4433.24,197.64,13,0.3,Home Office,Standard Class
09/13/2022,West,California,Office Supplies,Envelopes,Kraft Envelope Pack,286.63,57.98,4,0.5,Corporate,Standard Class
10/23/2021,South,Virginia,Office Supplies,Storage,Rubbermaid File Bin,559.57,154.72,12,0.8,Consumer,Second Class
07/10/2022,West,Nevada,Furniture,Furnishings,Tenex Chair Mat,4964.18,-92.69,12,0.5,Consumer,Second Class
10/01/2023,South,Georgia,Furniture,Tables,Chromcraft Round Table,1995.19,-356.86,5,0.2,Home Office,Standard Class
03/16/2021,Central,Kansas,Furniture,Chairs,Bush Mid-Back Chair,2792.18,363.24,9,0.1,Corporate,Second Class
04/22/2024,South,Kentucky,Technology,Accessories,Logitech Wireless Mouse,1611.13,-32.47,3,0,Corporate,Second Class
07/28/2023,West,Colorado,Technology,Copiers,Xerox WorkCentre Copier,309.37,-32.79,7,0.8,Home Office,Second Class
06/05/2022,East,New Jersey,Office Supplies,Envelopes,Poly Mailer Bundle,53.05,10.28,2,0.5,Home Office,First Class
10/02/2021,Central,Iowa,Technology,Phones,Samsung Galaxy Charger,1195.91,27.04,9,0,Consumer,Standard Class
02/06/2021,South,North Carolina,Technology,Accessories,SanDisk USB Drive,289.38,59.33,3,0.8,Corporate,First Class
07/15/2021,South,South Carolina,Office Supplies,Paper,Boise Multi-Use Paper,302.0,-30.8,14,0.7,Consumer,Standard Class
09/19/2024,West,Oregon,Furniture,Bookcases,O'Sullivan 5-Shelf Bookcase,7311.13,1930.48,12,0.3,Home Office,Standard Class
08/22/2023,South,Alabama,Technology,Copiers,Sharp Digital Copier,1854.38,372.16,8,0.7,Home Office,Standard Class
11/10/2023,East,New York,Office Supplies,Storage,Iris Stackable Bin,836.71,215.63,5,0.1,Consumer,Same Day
12/28/2024,East,Pennsylvania,Technology,Copiers,Ricoh Office Copier,2914.99,398.22,8,0.6,Consumer,First Class
06/15/2024,West,Oregon,Office Supplies,Paper,HP Premium Paper,202.18,-6.86,3,0,Corporate,Same Day
01/12/2023,South,North Carolina,Office Supplies,Supplies,Swingline Stapler,206.62,-31.22,8,0.7,Consumer,First Class
06/04/2023,West,Washington,Furniture,Tables,Chromcraft Round Table,581.09,-79.17,1,0.1,Consumer,Same Day
02/02/2021,South,Kentucky,Technology,Accessories,Kensington Keyboard,2498.89,-196.87,13,0.8,Corporate,Second Class
08/31/2023,Central,Kansas,Technology,Accessories,Belkin Surge Protector,492.93,158.38,1,0.3,Consumer,Second Class
10/12/2022,Central,Michigan,Furniture,Bookcases,Hon Metal Bookcase,320.14,0.58,5,0.3,Home Office,Same Day
12/12/2023,Central,Missouri,Technology,Copiers,Ricoh Office Copier,7020.05,1453.35,11,0,Home Office,Same Day
03/21/2024,West,Utah,Technology,Phones,Samsung Galaxy Charger,2089.96,455.95,6,0.6,Corporate,Second Class
12/21/2021,East,Pennsylvania,Technology,Accessories,Belkin Surge Protector,502.39,64.42,4,0.7,Consumer,First Class
10/09/2021,South,South Carolina,Office Supplies,Supplies,Tape Dispenser,106.64,31.9,7,0.7,Home Office,Same Day
03/13/2024,Central,Wisconsin,Technology,Copiers,Ricoh Office Copier,236.03,29.79,2,0.8,Consumer,Second Class
03/03/2021,East,New York,Technology,Phones,Apple iPhone Case,131.58,6.94,2,0.8,Corporate,Same Day
10/22/2022,East,Vermont,Furniture,Tables,Bretford Conference Table,3429.33,-635.77,8,0.2,Home Office,Standard Class
01/04/2021,South,Louisiana,Furniture,Bookcases,Sauder Heritage Bookcase,5869.31,-224.07,12,0.15,Home Office,Same Day
10/11/2024,West,Arizona,Furniture,Chairs,Novimex Swivel Chair,7399.42,1349.79,11,0.15,Home Office,Same Day
11/24/2023,South,Tennessee,Technology,Machines,Brother Fax Machine,4565.3,-195.4,4,0,Corporate,Standard Class
01/04/2022,South,North Carolina,Technology,Accessories,Logitech Wireless Mouse,10312.18,-993.98,11,0.1,Consumer,First Class
10/24/2024,West,Utah,Office Supplies,Envelopes,Manila Envelopes,538.47,-53.62,8,0.4,Home Office,Second Class
04/09/2021,South,Tennessee,Technology,Copiers,Sharp Digital Copier,133.72,-9.4,4,0.7,Home Office,Same Day
06/03/2021,East,Connecticut,Furniture,Furnishings,Fellowes Monitor Stand,1888.99,510.92,11,0.7,Consumer,Same Day
03/16/2023,East,New York,Office Supplies,Labels,Kroy Label Tape,1275.57,61.89,12,0.3,Home Office,First Class
09/03/2021,South,North Carolina,Technology,Phones,OtterBox Phone Cover,4798.33,-536.65,13,0,Corporate,Same Day
02/08/2022,West,California,Furniture,Chairs,Bush Mid-Back Chair,971.91,-158.77,7,0.6,Corporate,First Class
01/22/2021,South,Alabama,Office Supplies,Paper,Boise Multi-Use Paper,761.2,150.47,8,0.5,Home Office,Same Day
08/03/2023,West,Montana,Technology,Machines,Brother Fax Machine,3367.23,625.0,14,0.3,Home Office,Standard Class
09/06/2024,West,Utah,Furniture,Tables,Bush Somerset Table,1764.4,-327.49,7,0.7,Home Office,Same Day
06/08/2022,West,Idaho,Office Supplies,Fasteners,Officemate Paper Clips,347.42,-78.88,4,0.6,Corporate,Standard Class
05/07/2021,Central,Missouri,Office Supplies,Paper,Xerox Copy Paper,398.95,-65.01,11,0.3,Consumer,Standard Class
07/02/2023,Central,Illinois,Office Supplies,Labels,Avery Round Labels,1176.07,386.97,9,0.4,Home Office,Standard Class
09/01/2024,Central,Kansas,Furniture,Bookcases,Hon Metal Bookcase,4259.56,693.01,6,0.1,Corporate,Second Class
05/04/2024,South,Tennessee,Furniture,Furnishings,Tenex Chair Mat,1630.52,-23.58,6,0.6,Corporate,Same Day
08/30/2023,East,Maine,Office Supplies,Labels,Avery Round Labels,347.92,105.06,2,0,Corporate,Standard Class
01/20/2021,Central,Wisconsin,Technology,Machines,Epson Scanner,53.68,-5.46,1,0.7,Home Office,Standard Class
06/21/2022,West,Oregon,Office Supplies,Paper,Universal Legal Pad,285.86,-28.64,7,0,Home Office,First Class
11/20/2024,East,Maine,Office Supplies,Supplies,Scissors Set,91.6,-19.2,3,0.8,Corporate,Second Class
06/24/2021,Central,Illinois,Technology,Accessories,Belkin Surge Protector,4534.47,1334.57,8,0.3,Corporate,Second Class
09/23/2021,West,Nevada,Technology,Accessories,SanDisk USB Drive,2448.61,108.1,12,0.5,Consumer,Same Day
01/26/2024,West,California,Technology,Machines,HP LaserJet Printer,617.46,189.58,13,0.8,Consumer,First Class
02/07/2023,West,Montana,Office Supplies,Supplies,Scissors Set,961.05,281.85,12,0.1,Home Office,Same Day
10/19/2023,Central,Iowa,Furniture,Furnishings,Advantus Wall Clock,923.1,-31.42,5,0.3,Consumer,Same Day
09/09/2021,West,Montana,Furniture,Bookcases,Sauder Heritage Bookcase,4743.77,-1045.68,9,0.2,Home Office,Standard Class
02/22/2021,South,Tennessee,Office Supplies,Labels,Avery Shipping Labels,309.34,-56.71,12,0.7,Consumer,First Class
05/02/2024,East,Pennsylvania,Furniture,Furnishings,Fellowes Monitor Stand,1653.77,18.43,8,0.15,Home Office,Second Class
02/02/2022,South,Kentucky,Technology,Copiers,Ricoh Office Copier,9304.05,-675.42,14,0.3,Corporate,Second Class
07/21/2022,West,Nevada,Office Supplies,Supplies,Tape Dispenser,495.79,-55.86,12,0.6,Corporate,Second Class
12/08/2022,West,Utah,Furniture,Bookcases,Sauder Heritage Bookcase,212.35,-16.12,1,0,Home Office,Same Day
12/04/2021,West,Arizona,Office Supplies,Storage,Sterilite Storage Tote,59.09,-3.45,2,0.6,Home Office,Standard Class
07/02/2024,Central,Iowa,Furniture,Furnishings,Eldon Desk Lamp,1238.48,-187.87,8,0.7,Consumer,First Class
04/20/2023,Central,Nebraska,Office Supplies,Supplies,X-Acto Cutting Mat,1007.24,202.1,7,0,Corporate,Standard Class
03/08/2023,East,New Hampshire,Office Supplies,Supplies,X-Acto Cutting Mat,295.88,4.36,7,0.2,Home Office,First Class
07/17/2023,South,Virginia,Technology,Accessories,SanDisk USB Drive,292.47,37.74,2,0.1,Home Office,First Class
06/11/2023,Central,Wisconsin,Technology,Copiers,Canon Copier,647.29,-30.18,4,0.6,Corporate,Same Day
08/04/2024,South,Louisiana,Office Supplies,Paper,Universal Legal Pad,111.35,6.07,3,0,Home Office,Same Day
01/28/2024,South,Tennessee,Office Supplies,Art,Newell Highlighters,1084.13,34.09,13,0.6,Corporate,Same Day
08/02/2024,West,Oregon,Technology,Machines,Canon imageCLASS Printer,14354.98,-800.83,13,0,Consumer,First Class
04/17/2022,Central,Minnesota,Technology,Phones,OtterBox Phone Cover,3775.07,-299.63,7,0.2,Corporate,Standard Class
04/18/2023,West,Arizona,Office Supplies,Binders,Wilson Jones Binder,166.83,5.27,3,0.7,Consumer,Second Class
04/30/2022,West,Nevada,Furniture,Furnishings,Advantus Wall Clock,2534.43,-337.46,4,0.2,Home Office,First Class
11/17/2021,South,Tennessee,Technology,Phones,OtterBox Phone Cover,7959.39,-1416.59,9,0,Corporate,Standard Class
10/30/2023,South,Kentucky,Office Supplies,Envelopes,Manila Envelopes,210.55,35.99,11,0.5,Corporate,Second Class
07/23/2023,South,Alabama,Furniture,Bookcases,O'Sullivan 5-Shelf Bookcase,934.85,55.42,4,0.6,Consumer,Same Day
10/28/2023,South,Alabama,Furniture,Furnishings,Fellowes Monitor Stand,8718.75,2926.44,13,0.2,Consumer,First Class
12/13/2024,Central,Minnesota,Technology,Phones,OtterBox Phone Cover,597.22,189.37,3,0.6,Home Office,Standard Class
11/13/2024,East,New York,Office Supplies,Paper,HP Premium Paper,189.44,3.63,3,0.3,Consumer,First Class
06/26/2024,Central,Missouri,Furniture,Bookcases,Bush Wood Bookcase,133.5,-5.24,5,0.7,Corporate,Standard Class
04/11/2024,East,New Hampshire,Office Supplies,Envelopes,Poly Mailer Bundle,425.72,6.55,9,0.8,Corporate,First Class
01/15/2021,East,Rhode Island,Office Supplies,Storage,Sterilite Storage Tote,1142.63,238.68,8,0.2,Home Office,Standard Class
06/20/2024,Central,Michigan,Technology,Copiers,Sharp Digital Copier,1294.02,81.45,11,0.4,Home Office,First Class
06/18/2021,East,New Hampshire,Technology,Phones,Motorola Phone Stand,12014.79,-57.1,13,0.1,Corporate,Same Day
03/06/2023,West,Washington,Furniture,Bookcases,Bush Wood Bookcase,4102.29,897.71,9,0.1,Consumer,Same Day
08/15/2022,Central,Michigan,Office Supplies,Binders,Avery Durable Binder,212.74,-42.4,12,0.6,Corporate,Standard Class
03/05/2024,South,South Carolina,Furniture,Furnishings,Tenex Chair Mat,173.67,-20.94,1,0.5,Corporate,First Class
06/27/2023,West,Utah,Technology,Phones,OtterBox Phone Cover,1773.37,9.47,3,0.1,Home Office,Same Day
12/18/2022,East,Vermont,Office Supplies,Supplies,Swingline Stapler,906.62,-94.19,10,0.2,Corporate,First Class
09/11/2024,East,New York,Office Supplies,Supplies,Tape Dispenser,586.44,-43.28,3,0.2,Consumer,First Class
12/19/2023,East,New York,Technology,Accessories,SanDisk USB Drive,2217.11,90.14,8,0,Corporate,First Class
08/14/2022,South,North Carolina,Furniture,Bookcases,Hon Metal Bookcase,1435.63,-285.13,2,0,Consumer,Same Day
02/16/2023,Central,Nebraska,Furniture,Bookcases,O'Sullivan 5-Shelf Bookcase,305.29,2.1,1,0.5,Home Office,Standard Class
06/14/2023,East,Maine,Technology,Accessories,Belkin Surge Protector,1418.49,-340.46,2,0.1,Corporate,Same Day
11/19/2022,Central,Texas,Furniture,Bookcases,Bush Wood Bookcase,381.33,51.26,9,0.15,Home Office,Second Class
08/25/2024,West,Idaho,Furniture,Furnishings,Eldon Desk Lamp,3297.16,-215.47,7,0.15,Consumer,First Class
09/04/2024,South,Tennessee,Technology,Phones,Samsung Galaxy Charger,4334.62,-34.37,7,0.1,Corporate,Second Class
09/20/2023,West,Arizona,Office Supplies,Envelopes,Kraft Envelope Pack,91.46,-9.93,1,0.5,Consumer,First Class
12/09/2024,West,Arizona,Office Supplies,Fasteners,Acco Binder Clips,183.18,38.88,4,0.7,Home Office,Standard Class
12/07/2024,Central,Minnesota,Furniture,Bookcases,Bush Wood Bookcase,1411.54,291.29,14,0.8,Home Office,Same Day
01/21/2021,South,North Carolina,Office Supplies,Art,Crayola Colored Pencils,419.61,81.09,11,0.6,Consumer,Same Day
03/27/2023,West,Washington,Office Supplies,Storage,Fellowes Storage Box,797.77,-150.31,7,0.5,Consumer,Second Class
01/31/2024,Central,Missouri,Technology,Phones,Samsung Galaxy Charger,150.3,-3.21,2,0.2,Corporate,First Class
04/20/2022,South,Alabama,Furniture,Tables,Lesro Reception Table,1564.3,-185.49,2,0,Consumer,Second Class
12/19/2021,South,Alabama,Technology,Copiers,Ricoh Office Copier,12354.67,3909.71,13,0,Home Office,First Class
01/16/2023,South,Mississippi,Office Supplies,Supplies,Swingline Stapler,8.43,0.75,1,0.5,Home Office,Same Day
11/21/2022,East,New Hampshire,Furniture,Chairs,Global Deluxe Task Chair,801.54,3.67,13,0.4,Corporate,Second Class
06/29/2021,South,Georgia,Office Supplies,Labels,Kroy Label Tape,62.44,-5.69,7,0.2,Consumer,First Class
10/29/2024,West,Utah,Office Supplies,Labels,Avery Shipping Labels,1020.16,-167.24,11,0.5,Corporate,First Class
08/07/2023,Central,Wisconsin,Furniture,Bookcases,Hon Metal Bookcase,2193.98,117.57,9,0,Corporate,Second Class
05/20/2022,East,Massachusetts,Technology,Machines,Epson Scanner,7834.13,1500.75,10,0.3,Corporate,Second Class
09/13/2024,South,Alabama,Furniture,Furnishings,Advantus Wall Clock,3230.41,-300.69,11,0,Corporate,Standard Class
12/23/2022,West,Utah,Technology,Phones,Samsung Galaxy Charger,718.28,-27.34,4,0.15,Corporate,Standard Class
03/02/2022,West,Oregon,Office Supplies,Binders,Avery Durable Binder,1796.49,481.2,9,0.15,Corporate,First Class
09/29/2021,East,New York,Technology,Accessories,SanDisk USB Drive,1905.0,-314.67,14,0.7,Corporate,First Class
08/18/2024,East,Maine,Office Supplies,Storage,Sterilite Storage Tote,1573.98,20.72,9,0,Corporate,Standard Class
03/08/2021,West,Utah,Furniture,Chairs,Bush Mid-Back Chair,655.96,79.36,12,0.7,Corporate,Standard Class
07/14/2023,West,Oregon,Office Supplies,Supplies,X-Acto Cutting Mat,145.27,-0.63,4,0.1,Corporate,Same Day
11/04/2023,South,Louisiana,Office Supplies,Fasteners,Officemate Paper Clips,1399.19,137.65,13,0.5,Corporate,Same Day
07/04/2022,South,Louisiana,Office Supplies,Binders,Wilson Jones Binder,200.33,-41.32,10,0.6,Corporate,Same Day
10/31/2023,Central,Iowa,Furniture,Furnishings,Fellowes Monitor Stand,737.19,242.07,5,0.8,Consumer,First Class
08/16/2024,West,Utah,Technology,Copiers,Ricoh Office Copier,7476.38,-1726.68,9,0.1,Consumer,Same Day
05/07/2024,East,Massachusetts,Furniture,Furnishings,Fellowes Monitor Stand,187.3,-42.19,1,0.2,Consumer,Second Class
11/15/2023,West,Nevada,Furniture,Tables,Bretford Conference Table,370.25,-30.46,1,0,Consumer,Second Class
05/07/2024,West,Utah,Furniture,Bookcases,Sauder Heritage Bookcase,970.17,160.93,4,0.5,Home Office,First Class
09/30/2024,West,Washington,Furniture,Tables,Chromcraft Round Table,713.51,210.81,4,0.6,Corporate,Same Day
02/14/2021,West,Arizona,Furniture,Tables,Bretford Conference Table,5404.72,-1311.25,11,0.3,Corporate,Second Class
03/25/2023,West,Utah,Office Supplies,Storage,Sterilite Storage Tote,103.78,35.63,1,0,Consumer,Second Class
11/21/2022,Central,Iowa,Technology,Machines,HP LaserJet Printer,566.84,196.06,2,0.7,Consumer,Same Day
09/14/2021,East,Massachusetts,Office Supplies,Storage,Rubbermaid File Bin,266.57,-61.34,2,0,Corporate,Same Day
03/18/2021,South,Florida,Office Supplies,Binders,Avery Durable Binder,481.79,-18.17,10,0.6,Corporate,Same Day
02/06/2024,South,Tennessee,Furniture,Chairs,Novimex Swivel Chair,714.41,168.4,2,0.3,Consumer,Standard Class
02/06/2022,Central,Texas,Office Supplies,Paper,Universal Legal Pad,86.05,1.9,1,0.5,Corporate,Second Class
02/23/2021,East,Massachusetts,Technology,Phones,Samsung Galaxy Charger,815.41,157.67,1,0.2,Corporate,Second Class
08/28/2024,South,Florida,Office Supplies,Storage,Iris Stackable Bin,218.35,53.54,5,0.4,Home Office,Same Day
04/13/2022,West,Washington,Furniture,Chairs,Novimex Swivel Chair,7226.88,2266.14,9,0,Consumer,Second Class
11/03/2022,West,Oregon,Technology,Copiers,Xerox WorkCentre Copier,805.98,85.11,5,0,Home Office,Second Class
08/05/2024,Central,Iowa,Office Supplies,Labels,Avery File Labels,135.18,30.07,2,0.5,Corporate,First Class
07/12/2024,South,Kentucky,Furniture,Bookcases,O'Sullivan 5-Shelf Bookcase,967.99,328.54,14,0.6,Corporate,Second Class
12/19/2022,South,Alabama,Technology,Machines,Epson Scanner,1421.99,197.65,6,0.7,Corporate,First Class
01/28/2021,West,Montana,Office Supplies,Envelopes,Kraft Envelope Pack,352.66,10.18,14,0.8,Consumer,Standard Class
07/14/2024,West,Washington,Office Supplies,Binders,Avery Durable Binder,345.49,119.13,2,0.1,Home Office,Standard Class
02/07/2023,Central,Michigan,Furniture,Chairs,Global Deluxe Task Chair,4088.73,-372.95,11,0.3,Consumer,Standard Class
06/19/2024,East,Connecticut,Office Supplies,Storage,Fellowes Storage Box,2447.95,737.22,11,0.1,Corporate,Second Class
04/22/2021,East,Vermont,Furniture,Chairs,Novimex Swivel Chair,889.77,305.92,11,0.6,Home Office,First Class
08/28/2021,West,Utah,Office Supplies,Paper,HP Premium Paper,522.36,152.78,7,0,Consumer,Second Class
11/16/2024,East,New York,Furniture,Furnishings,Eldon Desk Lamp,4398.54,436.55,8,0,Corporate,Same Day
03/01/2021,Central,Texas,Office Supplies,Art,Crayola Colored Pencils,1352.77,237.89,9,0,Consumer,First Class
05/05/2023,South,Louisiana,Furniture,Tables,Bush Somerset Table,1748.25,-345.77,4,0.2,Corporate,Second Class
08/28/2024,Central,Ohio,Office Supplies,Art,Sharpie Marker Set,176.72,41.31,1,0,Home Office,Same Day
10/31/2022,South,Georgia,Furniture,Furnishings,Fellowes Monitor Stand,328.42,-24.0,12,0.3,Consumer,Second Class
06/16/2021,Central,Iowa,Office Supplies,Supplies,Swingline Stapler,1363.55,-40.46,11,0.15,Consumer,Same Day
10/29/2024,Central,Michigan,Furniture,Chairs,Novimex Swivel Chair,3061.58,140.59,10,0.6,Home Office,First Class
12/07/2023,West,Utah,Furniture,Tables,Lesro Reception Table,1641.8,500.28,10,0.8,Home Office,Standard Class
08/05/2021,South,Kentucky,Furniture,Bookcases,O'Sullivan 5-Shelf Bookcase,614.29,-58.46,6,0,Home Office,First Class
09/18/2022,East,New Jersey,Office Supplies,Labels,Avery Shipping Labels,234.25,70.08,7,0.4,Consumer,Same Day
03/20/2024,East,New Hampshire,Technology,Accessories,Logitech Wireless Mouse,152.86,16.55,1,0.7,Corporate,First Class
01/29/2022,East,Rhode Island,Office Supplies,Supplies,Scissors Set,1117.05,156.07,5,0,Consumer,Same Day
08/02/2021,South,Georgia,Office Supplies,Storage,Rubbermaid File Bin,263.35,-47.93,4,0.7,Home Office,Second Class
09/23/2024,South,South Carolina,Technology,Machines,Canon imageCLASS Printer,2697.44,-532.18,9,0.7,Consumer,Standard Class
05/15/2023,West,Colorado,Office Supplies,Fasteners,Officemate Paper Clips,48.01,4.41,5,0,Home Office,First Class
02/07/2024,Central,Ohio,Office Supplies,Storage,Rubbermaid File Bin,2985.45,-611.8,14,0,Corporate,First Class
09/15/2024,West,Arizona,Technology,Machines,Brother Fax Machine,12100.47,-1184.79,12,0,Corporate,First Class
12/18/2023,Central,Missouri,Office Supplies,Binders,Wilson Jones Binder,176.25,45.08,3,0,Home Office,Same Day
05/16/2023,Central,Ohio,Technology,Phones,Apple iPhone Case,3812.67,-440.02,9,0.15,Home Office,First Class
07/26/2022,East,Maine,Technology,Machines,HP LaserJet Printer,4093.87,-662.73,12,0.3,Corporate,First Class
07/21/2021,South,Virginia,Office Supplies,Paper,HP Premium Paper,868.47,-53.25,7,0.15,Corporate,Standard Class
09/02/2023,Central,Wisconsin,Furniture,Bookcases,Hon Metal Bookcase,9235.45,1247.86,11,0,Corporate,Same Day
01/18/2024,West,Washington,Technology,Phones,OtterBox Phone Cover,249.75,10.02,10,0.7,Corporate,First Class
01/29/2021,South,Alabama,Furniture,Bookcases,Hon Metal Bookcase,3160.2,-178.15,5,0,Corporate,First Class
07/02/2022,South,Virginia,Office Supplies,Paper,HP Premium Paper,1015.61,144.86,12,0.1,Home Office,Same Day
07/12/2021,West,Utah,Technology,Copiers,Canon Copier,4753.19,-160.89,11,0.3,Corporate,Second Class
01/09/2021,East,New Hampshire,Office Supplies,Storage,Sterilite Storage Tote,286.72,-68.49,13,0.6,Home Office,Standard Class
08/12/2024,Central,Nebraska,Office Supplies,Supplies,Swingline Stapler,31.16,-4.63,1,0.8,Consumer,First Class
03/14/2024,Central,Texas,Technology,Accessories,Belkin Surge Protector,163.32,-14.68,3,0.5,Home Office,Second Class
02/25/2022,South,Alabama,Technology,Phones,OtterBox Phone Cover,3545.07,1010.5,12,0.6,Corporate,Standard Class
03/14/2021,South,Georgia,Furniture,Tables,Chromcraft Round Table,1701.78,516.24,13,0.8,Home Office,Same Day
03/18/2023,West,Idaho,Technology,Phones,Apple iPhone Case,1086.74,-191.65,9,0.1,Home Office,Standard Class
11/25/2021,South,Mississippi,Office Supplies,Binders,GBC Binding Cover,860.33,-119.39,4,0.1,Corporate,Same Day
11/30/2023,South,North Carolina,Office Supplies,Storage,Iris Stackable Bin,2641.33,753.18,14,0.2,Consumer,Same Day
07/08/2021,West,Idaho,Technology,Phones,Motorola Phone Stand,3249.22,156.23,4,0.15,Home Office,Same Day
04/22/2022,West,Oregon,Furniture,Tables,Lesro Reception Table,5611.45,-797.17,12,0.4,Consumer,First Class
03/13/2021,West,California,Technology,Accessories,Kensington Keyboard,988.79,38.26,8,0.6,Consumer,First Class
12/03/2022,South,Georgia,Technology,Accessories,Kensington Keyboard,124.58,11.21,1,0.7,Home Office,First Class
11/12/2024,West,California,Technology,Accessories,SanDisk USB Drive,2324.37,104.64,14,0.8,Home Office,Second Class
03/08/2022,South,Virginia,Technology,Machines,Epson Scanner,1399.79,-224.84,8,0.6,Home Office,Standard Class
05/06/2022,South,Georgia,Furniture,Chairs,Global Deluxe Task Chair,658.44,186.26,6,0,Consumer,Second Class
11/04/2022,West,California,Furniture,Bookcases,O'Sullivan 5-Shelf Bookcase,2726.64,424.91,4,0.2,Consumer,First Class
12/16/2021,South,Mississippi,Office Supplies,Labels,Avery Round Labels,824.19,-143.69,4,0,Consumer,Second Class
12/12/2024,East,Rhode Island,Office Supplies,Paper,Boise Multi-Use Paper,140.2,29.57,14,0.4,Home Office,First Class
12/15/2023,West,Washington,Furniture,Furnishings,Eldon Desk Lamp,2377.86,773.46,6,0.5,Consumer,Same Day
02/09/2024,West,Washington,Furniture,Bookcases,O'Sullivan 5-Shelf Bookcase,1052.07,-228.88,3,0,Consumer,Second Class
06/02/2021,South,Georgia,Office Supplies,Art,Sharpie Marker Set,307.18,54.87,8,0.5,Home Office,Second Class
04/19/2022,East,Massachusetts,Office Supplies,Labels,Kroy Label Tape,231.64,52.3,9,0,Corporate,Standard Class
09/20/2022,Central,Nebraska,Office Supplies,Fasteners,Bostitch Push Pins,892.23,-206.37,14,0.2,Corporate,Standard Class
08/24/2024,East,Maine,Furniture,Tables,Chromcraft Round Table,605.47,-77.09,9,0.5,Corporate,Standard Class
11/26/2023,East,Rhode Island,Furniture,Chairs,HON Executive Leather Chair,4375.53,-736.1,6,0,Home Office,First Class
11/22/2023,South,Louisiana,Technology,Machines,Brother Fax Machine,710.89,20.4,8,0.8,Corporate,Same Day
03/10/2021,Central,Illinois,Office Supplies,Paper,HP Premium Paper,772.55,-0.27,8,0,Corporate,Standard Class
03/19/2024,South,South Carolina,Furniture,Bookcases,Sauder Heritage Bookcase,8481.17,1426.34,13,0,Consumer,First Class
02/25/2022,Central,Michigan,Furniture,Chairs,Novimex Swivel Chair,9121.21,-881.29,12,0,Consumer,Second Class
01/18/2021,South,Louisiana,Technology,Phones,OtterBox Phone Cover,6999.0,900.17,13,0.1,Consumer,Standard Class
01/30/2021,South,Georgia,Technology,Machines,Canon imageCLASS Printer,2541.24,-566.57,5,0.2,Consumer,Standard Class
09/18/2021,South,North Carolina,Office Supplies,Supplies,Swingline Stapler,492.11,152.07,5,0.3,Consumer,Second Class
10/03/2021,Central,Minnesota,Furniture,Furnishings,Advantus Wall Clock,1659.59,-81.03,10,0.7,Consumer,Same Day
02/19/2021,South,Mississippi,Technology,Phones,Samsung Galaxy Charger,9948.42,2923.99,14,0.4,Home Office,Standard Class
10/05/2022,Central,Iowa,Technology,Phones,Samsung Galaxy Charger,972.87,294.04,12,0.8,Home Office,Standard Class
10/22/2022,South,Kentucky,Technology,Accessories,SanDisk USB Drive,6401.98,115.36,7,0.2,Home Office,Standard Class
10/07/2022,South,Virginia,Office Supplies,Binders,Avery Durable Binder,1158.92,152.4,5,0,Consumer,First Class
03/01/2024,Central,Missouri,Office Supplies,Labels,Avery Round Labels,182.37,34.21,13,0,Home Office,Same Day
02/19/2021,Central,Nebraska,Technology,Machines,Canon imageCLASS Printer,1916.26,514.43,2,0.1,Consumer,First Class
07/14/2024,East,Maine,Technology,Phones,OtterBox Phone Cover,5583.73,1428.0,8,0,Corporate,Same Day
04/11/2021,Central,Wisconsin,Technology,Accessories,Logitech Wireless Mouse,1070.67,-243.64,1,0,Corporate,Same Day
12/19/2023,Central,Minnesota,Office Supplies,Supplies,Tape Dispenser,881.38,291.44,13,0.1,Corporate,First Class
02/04/2024,West,Colorado,Office Supplies,Storage,Sterilite Storage Tote,148.83,-12.02,10,0.6,Corporate,Second Class
01/30/2022,Central,Iowa,Office Supplies,Storage,Fellowes Storage Box,1572.99,175.33,9,0,Home Office,Standard Class
02/26/2023,East,Rhode Island,Furniture,Chairs,Global Deluxe Task Chair,3717.07,-97.69,6,0,Home Office,Standard Class
05/08/2022,Central,Nebraska,Office Supplies,Storage,Sterilite Storage Tote,376.23,5.08,2,0.2,Consumer,Same Day
09/13/2023,Central,Illinois,Technology,Copiers,Sharp Digital Copier,8052.76,2676.59,13,0.4,Home Office,Same Day
11/17/2021,West,Washington,Technology,Phones,Samsung Galaxy Charger,1861.04,46.79,12,0.1,Corporate,Standard Class
04/27/2023,West,Colorado,Office Supplies,Fasteners,Staples Standard Staples,1761.92,-146.52,9,0.15,Home Office,Same Day
10/31/2024,Central,Minnesota,Technology,Machines,Brother Fax Machine,5657.62,426.28,5,0,Consumer,Standard Class
10/30/2024,East,Massachusetts,Office Supplies,Binders,Wilson Jones Binder,1798.2,557.66,11,0.15,Home Office,Second Class
09/06/2022,South,Tennessee,Technology,Phones,Motorola Phone Stand,4288.21,-1020.55,9,0.6,Consumer,First Class
04/26/2022,South,Tennessee,Technology,Accessories,Belkin Surge Protector,1096.99,218.59,13,0.6,Home Office,Same Day
09/26/2024,East,New Hampshire,Furniture,Furnishings,Fellowes Monitor Stand,2405.3,2.01,11,0.7,Corporate,Same Day
05/24/2022,West,Idaho,Technology,Phones,Motorola Phone Stand,2201.07,193.13,5,0,Home Office,Same Day
06/24/2023,East,Vermont,Furniture,Furnishings,Advantus Wall Clock,1682.63,280.19,7,0.4,Corporate,Standard Class
12/02/2021,East,Pennsylvania,Technology,Machines,Brother Fax Machine,1056.9,101.59,7,0.15,Home Office,Second Class
12/24/2023,East,New Hampshire,Office Supplies,Supplies,Scissors Set,1105.25,292.24,13,0.2,Corporate,Standard Class
04/25/2024,East,Maine,Technology,Copiers,Xerox WorkCentre Copier,3281.39,-1.96,11,0.7,Consumer,First Class
07/11/2022,Central,Iowa,Office Supplies,Supplies,Scissors Set,161.3,41.54,1,0.2,Corporate,Standard Class
01/08/2023,West,Colorado,Technology,Phones,Apple iPhone Case,1680.84,-135.64,6,0.15,Home Office,First Class
07/14/2024,South,Tennessee,Furniture,Tables,Lesro Reception Table,593.61,174.45,4,0.4,Home Office,First Class
03/11/2023,Central,Minnesota,Technology,Accessories,Belkin Surge Protector,2140.74,-224.32,14,0.7,Corporate,First Class
03/03/2024,West,California,Technology,Accessories,Logitech Wireless Mouse,5092.23,822.37,6,0.1,Consumer,Same Day
03/08/2023,South,North Carolina,Technology,Machines,Epson Scanner,6532.27,1818.84,10,0.2,Corporate,Standard Class
02/16/2021,Central,Ohio,Technology,Copiers,Ricoh Office Copier,3114.71,736.86,4,0.3,Home Office,Standard Class
01/13/2024,West,Idaho,Office Supplies,Labels,Avery Shipping Labels,203.68,22.41,3,0.7,Corporate,Second Class
07/30/2021,Central,Texas,Furniture,Furnishings,Fellowes Monitor Stand,1215.55,57.66,7,0.2,Corporate,First Class
08/13/2022,West,Arizona,Office Supplies,Art,Bic Pen Pack,1474.32,-23.95,10,0,Home Office,Same Day
12/04/2022,Central,Texas,Technology,Copiers,Xerox WorkCentre Copier,4327.94,-824.62,10,0,Home Office,Standard Class
09/11/2023,Central,Missouri,Technology,Copiers,Canon Copier,980.25,-213.61,10,0.5,Home Office,Standard Class
09/23/2022,East,Rhode Island,Furniture,Chairs,HON Executive Leather Chair,1483.93,-245.07,14,0.8,Corporate,First Class
06/30/2024,West,Oregon,Office Supplies,Binders,Wilson Jones Binder,694.73,-136.05,5,0,Corporate,First Class
05/12/2023,East,Pennsylvania,Technology,Machines,Brother Fax Machine,1596.57,550.1,5,0,Home Office,Second Class
01/02/2023,South,Mississippi,Furniture,Tables,Lesro Reception Table,835.05,-167.62,10,0.2,Consumer,Standard Class
05/19/2024,West,Nevada,Technology,Phones,Motorola Phone Stand,4045.3,557.37,7,0.3,Corporate,Second Class
01/02/2023,West,Arizona,Furniture,Chairs,Novimex Swivel Chair,2840.67,989.92,14,0.7,Consumer,First Class
09/20/2022,South,South Carolina,Office Supplies,Supplies,X-Acto Cutting Mat,870.21,-48.12,11,0.5,Home Office,Second Class
11/01/2024,East,New Jersey,Office Supplies,Supplies,X-Acto Cutting Mat,3235.31,308.24,13,0,Consumer,Same Day
02/10/2022,West,Colorado,Furniture,Tables,Chromcraft Round Table,861.61,98.05,3,0.3,Corporate,First Class
12/19/2024,West,Idaho,Furniture,Furnishings,Fellowes Monitor Stand,2556.31,486.42,8,0.6,Home Office,First Class
12/06/2021,East,New Jersey,Technology,Copiers,Ricoh Office Copier,3195.44,155.68,9,0.4,Home Office,Same Day
02/17/2023,East,New York,Office Supplies,Storage,Rubbermaid File Bin,1800.1,485.52,12,0,Corporate,First Class
03/28/2022,West,Arizona,Furniture,Tables,Lesro Reception Table,283.28,-46.9,2,0.7,Corporate,Standard Class
07/29/2021,Central,Illinois,Technology,Phones,OtterBox Phone Cover,1875.42,403.88,10,0,Corporate,Second Class
01/17/2023,West,Idaho,Furniture,Chairs,Novimex Swivel Chair,3329.53,-250.84,8,0.5,Corporate,Second Class
01/28/2023,Central,Minnesota,Furniture,Bookcases,Hon Metal Bookcase,2409.26,-558.44,4,0,Consumer,First Class
07/07/2021,Central,Minnesota,Office Supplies,Supplies,X-Acto Cutting Mat,1516.2,252.66,14,0.1,Home Office,Standard Class
07/13/2023,South,Virginia,Technology,Machines,Canon imageCLASS Printer,4802.04,1109.97,6,0.3,Consumer,Standard Class
07/18/2023,West,Washington,Technology,Copiers,Xerox WorkCentre Copier,3620.04,139.89,4,0.1,Home Office,Standard Class
04/28/2023,East,New York,Furniture,Tables,Bush Somerset Table,2243.51,757.62,3,0,Home Office,Second Class
06/08/2021,West,Arizona,Furniture,Bookcases,O'Sullivan 5-Shelf Bookcase,711.03,-62.6,4,0.5,Home Office,Same Day
07/09/2022,South,Florida,Furniture,Tables,Bretford Conference Table,1591.64,-358.35,4,0.2,Corporate,Same Day
09/13/2022,East,Pennsylvania,Technology,Phones,Apple iPhone Case,762.0,-46.1,6,0,Consumer,Standard Class
11/06/2021,East,Maine,Technology,Copiers,Canon Copier,4101.99,-556.54,8,0.3,Home Office,First Class
04/12/2021,South,Louisiana,Technology,Copiers,Ricoh Office Copier,3699.38,190.35,14,0.2,Corporate,Same Day
07/14/2022,West,Colorado,Office Supplies,Envelopes,Kraft Envelope Pack,236.35,63.57,3,0,Consumer,Same Day
11/23/2022,Central,Kansas,Office Supplies,Art,Bic Pen Pack,2620.3,506.34,14,0.15,Consumer,Same Day
02/23/2023,South,Georgia,Furniture,Tables,Bretford Conference Table,695.01,-164.97,1,0.2,Consumer,Same Day
04/03/2023,Central,Minnesota,Office Supplies,Storage,Iris Stackable Bin,220.81,57.45,8,0.8,Corporate,Standard Class
09/05/2022,Central,Wisconsin,Technology,Accessories,Logitech Wireless Mouse,190.76,63.67,5,0.8,Corporate,Second Class
12/04/2024,South,Louisiana,Technology,Phones,Apple iPhone Case,634.88,153.31,6,0,Consumer,Same Day
03/30/2021,South,North Carolina,Office Supplies,Labels,Kroy Label Tape,325.94,-1.11,5,0,Home Office,Standard Class
09/12/2024,Central,Ohio,Furniture,Furnishings,Fellowes Monitor Stand,3657.98,-891.21,9,0,Corporate,Standard Class
11/12/2021,Central,Michigan,Office Supplies,Envelopes,Manila Envelopes,1483.02,208.12,11,0.1,Corporate,Same Day
05/31/2022,South,Georgia,Technology,Phones,Motorola Phone Stand,1135.93,-64.22,2,0.4,Consumer,Same Day
08/16/2021,South,Florida,Furniture,Furnishings,Advantus Wall Clock,1181.9,-291.24,12,0.8,Corporate,Same Day
01/13/2023,Central,Ohio,Technology,Accessories,SanDisk USB Drive,840.54,105.13,8,0.3,Corporate,Same Day
11/10/2024,East,Vermont,Office Supplies,Supplies,X-Acto Cutting Mat,145.66,33.36,2,0.6,Consumer,Second Class
01/22/2021,Central,Nebraska,Furniture,Tables,Bush Somerset Table,3168.37,-581.56,11,0.6,Consumer,Same Day
02/06/2022,West,Colorado,Technology,Copiers,Xerox WorkCentre Copier,4605.56,-376.58,7,0.4,Home Office,Standard Class
04/29/2024,East,New Jersey,Technology,Phones,Motorola Phone Stand,8291.89,1350.29,10,0.15,Home Office,Same Day
04/10/2023,East,Pennsylvania,Furniture,Chairs,Bush Mid-Back Chair,955.87,-114.98,13,0,Consumer,Standard Class
05/24/2021,East,New Jersey,Office Supplies,Supplies,Scissors Set,2146.19,-319.69,14,0.3,Consumer,Same Day
11/22/2022,West,Idaho,Furniture,Chairs,Bush Mid-Back Chair,6390.39,790.16,10,0.2,Corporate,Standard Class
12/15/2024,South,Louisiana,Office Supplies,Art,Bic Pen Pack,1719.73,-11.14,7,0,Corporate,Same Day
05/14/2022,West,Utah,Furniture,Chairs,Bush Mid-Back Chair,4623.84,-634.37,14,0.3,Consumer,Standard Class
04/05/2021,West,Oregon,Office Supplies,Labels,Avery Shipping Labels,1615.6,481.81,13,0.5,Corporate,First Class
08/23/2024,East,New Hampshire,Technology,Copiers,Xerox WorkCentre Copier,4288.77,-822.84,14,0.5,Home Office,Second Class
06/15/2023,Central,Illinois,Furniture,Bookcases,Sauder Heritage Bookcase,2772.69,164.04,7,0.2,Consumer,Second Class
04/07/2022,East,New York,Office Supplies,Fasteners,Staples Standard Staples,2010.84,359.42,12,0.2,Consumer,Same Day
02/03/2023,East,Vermont,Office Supplies,Paper,Universal Legal Pad,725.88,22.13,10,0,Home Office,Standard Class
08/21/2023,Central,Kansas,Furniture,Bookcases,Bush Wood Bookcase,449.94,30.53,1,0,Consumer,Second Class
01/21/2022,South,Alabama,Office Supplies,Envelopes,Kraft Envelope Pack,70.84,-15.68,1,0.7,Home Office,Standard Class
09/04/2022,East,Rhode Island,Office Supplies,Supplies,Swingline Stapler,1626.62,89.08,8,0.1,Consumer,First Class
11/24/2021,West,Idaho,Office Supplies,Storage,Rubbermaid File Bin,1137.07,250.65,9,0,Corporate,Second Class
01/29/2023,Central,Minnesota,Furniture,Chairs,Global Deluxe Task Chair,10399.31,-349.03,12,0,Corporate,First Class
06/02/2022,East,Pennsylvania,Furniture,Tables,Bush Somerset Table,806.77,10.19,8,0,Home Office,Same Day
03/03/2022,Central,Texas,Technology,Accessories,Logitech Wireless Mouse,5056.93,-899.03,14,0.6,Home Office,First Class
08/16/2022,East,Rhode Island,Furniture,Tables,Bretford Conference Table,78.84,14.03,2,0,Consumer,Same Day
11/10/2022,Central,Texas,Office Supplies,Envelopes,Kraft Envelope Pack,424.81,107.36,7,0.6,Consumer,Second Class
02/25/2024,South,Alabama,Technology,Machines,Epson Scanner,1361.27,-155.63,10,0.6,Corporate,Second Class
02/22/2022,East,New Jersey,Technology,Accessories,Kensington Keyboard,4693.04,-1028.99,10,0,Corporate,Second Class
09/10/2022,South,Florida,Office Supplies,Art,Sharpie Marker Set,734.85,-93.25,14,0,Corporate,Standard Class
06/01/2023,West,Colorado,Technology,Phones,Samsung Galaxy Charger,1024.75,-139.55,7,0.6,Corporate,Second Class
09/09/2024,South,Tennessee,Technology,Machines,Canon imageCLASS Printer,1163.41,192.88,5,0.8,Home Office,First Class
03/06/2021,Central,Missouri,Technology,Phones,Motorola Phone Stand,4633.73,1600.21,13,0.5,Corporate,Same Day
04/22/2023,West,Washington,Technology,Copiers,Ricoh Office Copier,3634.35,560.68,13,0.1,Consumer,Second Class
05/08/2022,West,California,Office Supplies,Binders,GBC Binding Cover,2186.01,142.29,14,0.1,Consumer,Standard Class
06/04/2024,South,Florida,Furniture,Tables,Bretford Conference Table,1439.73,68.24,12,0.8,Corporate,Standard Class
05/29/2023,East,Connecticut,Furniture,Furnishings,Fellowes Monitor Stand,3298.88,782.06,9,0.15,Home Office,Second Class
10/07/2022,South,Florida,Technology,Machines,Epson Scanner,995.68,1.07,8,0.8,Corporate,Second Class
09/22/2023,South,Kentucky,Furniture,Tables,Bush Somerset Table,141.88,11.76,4,0.5,Home Office,Second Class
07/11/2021,West,Nevada,Furniture,Furnishings,Eldon Desk Lamp,1987.87,-145.59,10,0.6,Corporate,Standard Class
08/02/2021,South,Tennessee,Furniture,Furnishings,Tenex Chair Mat,186.47,23.35,1,0.6,Home Office,Same Day
05/18/2023,West,Utah,Office Supplies,Binders,Avery Durable Binder,352.9,-85.31,9,0.6,Corporate,Standard Class
12/01/2021,West,Idaho,Technology,Phones,Motorola Phone Stand,4000.97,-361.07,6,0,Corporate,Standard Class
11/18/2021,South,Kentucky,Furniture,Furnishings,Tenex Chair Mat,1016.9,118.66,11,0.15,Corporate,Same Day
12/24/2023,East,Massachusetts,Furniture,Bookcases,Sauder Heritage Bookcase,1739.82,-430.38,4,0.15,Home Office,First Class
07/11/2022,Central,Wisconsin,Technology,Copiers,Canon Copier,2066.35,-0.23,9,0.1,Corporate,Same Day
07/24/2021,South,North Carolina,Office Supplies,Storage,Iris Stackable Bin,672.61,35.39,4,0,Consumer,Same Day
08/03/2024,South,Alabama,Office Supplies,Storage,Sterilite Storage Tote,480.72,77.04,10,0.6,Consumer,Standard Class
12/10/2023,South,Kentucky,Furniture,Chairs,Novimex Swivel Chair,632.55,109.83,3,0.7,Consumer,Same Day
08/12/2022,East,New Jersey,Office Supplies,Supplies,Scissors Set,315.29,-18.28,2,0.2,Home Office,Standard Class
12/09/2021,West,Idaho,Furniture,Bookcases,Bush Wood Bookcase,730.1,-12.69,2,0.4,Consumer,First Class
05/20/2022,South,Mississippi,Technology,Accessories,SanDisk USB Drive,2444.93,187.7,4,0,Corporate,Second Class
06/10/2023,East,Maine,Technology,Copiers,Ricoh Office Copier,1942.85,475.9,3,0,Corporate,First Class
06/25/2023,South,Virginia,Furniture,Bookcases,Bush Wood Bookcase,2567.19,-46.94,8,0.15,Consumer,Same Day
12/05/2022,Central,Missouri,Office Supplies,Binders,Wilson Jones Binder,365.8,-18.12,11,0.15,Corporate,Same Day
08/07/2023,South,North Carolina,Technology,Machines,Canon imageCLASS Printer,3539.19,7.13,3,0,Home Office,First Class
10/06/2022,East,Vermont,Technology,Phones,Apple iPhone Case,1678.82,100.83,13,0.15,Corporate,Second Class
06/15/2024,South,Kentucky,Technology,Machines,HP LaserJet Printer,2716.6,407.07,3,0.1,Home Office,Same Day
08/22/2024,West,Oregon,Office Supplies,Labels,Kroy Label Tape,191.65,16.83,9,0.8,Corporate,Standard Class
10/16/2023,East,Massachusetts,Office Supplies,Fasteners,Officemate Paper Clips,209.33,17.95,5,0.7,Corporate,Second Class
04/21/2023,South,Georgia,Technology,Accessories,Kensington Keyboard,542.2,-16.6,3,0.4,Home Office,Same Day
05/27/2023,East,New York,Technology,Phones,Samsung Galaxy Charger,6133.03,809.67,7,0.15,Consumer,Same Day
01/14/2021,East,Connecticut,Technology,Phones,Apple iPhone Case,61.79,-0.91,1,0.6,Home Office,First Class
04/22/2021,Central,Minnesota,Office Supplies,Paper,Xerox Copy Paper,265.8,72.18,2,0.4,Corporate,Second Class
08/17/2024,South,Virginia,Technology,Machines,Canon imageCLASS Printer,5945.84,-1020.78,6,0,Home Office,Same Day
08/12/2021,West,California,Office Supplies,Paper,HP Premium Paper,463.7,99.45,7,0.3,Corporate,Standard Class
08/30/2021,East,New Hampshire,Furniture,Furnishings,Eldon Desk Lamp,856.98,129.72,14,0.4,Corporate,Standard Class
07/07/2022,West,Colorado,Furniture,Bookcases,O'Sullivan 5-Shelf Bookcase,2643.89,915.76,3,0,Corporate,Second Class
11/25/2022,Central,Nebraska,Technology,Accessories,Belkin Surge Protector,1718.29,513.29,3,0.3,Consumer,First Class
06/12/2021,West,Arizona,Office Supplies,Supplies,Swingline Stapler,7.96,0.44,2,0.3,Home Office,First Class
01/06/2023,West,Montana,Technology,Copiers,Sharp Digital Copier,3249.92,149.91,10,0.7,Corporate,Second Class
10/24/2022,East,Connecticut,Technology,Phones,Motorola Phone Stand,1339.76,340.72,3,0.5,Consumer,Second Class
02/11/2021,East,Pennsylvania,Office Supplies,Labels,Avery File Labels,1559.65,542.4,11,0.1,Home Office,Same Day
04/12/2022,South,Virginia,Office Supplies,Labels,Avery File Labels,634.05,67.14,13,0.8,Corporate,First Class
12/19/2024,South,Kentucky,Office Supplies,Supplies,Swingline Stapler,211.89,61.2,1,0.15,Corporate,Second Class
11/04/2021,Central,Missouri,Technology,Accessories,Belkin Surge Protector,2528.24,-311.85,13,0.8,Corporate,Standard Class
03/07/2021,East,Vermont,Office Supplies,Art,Newell Highlighters,446.75,-33.53,10,0.6,Consumer,Second Class
09/06/2021,West,Washington,Office Supplies,Labels,Avery File Labels,50.11,-1.84,3,0.5,Corporate,Same Day
12/03/2022,East,New Jersey,Office Supplies,Art,Newell Highlighters,1042.39,97.76,11,0.2,Consumer,First Class
12/19/2022,Central,Michigan,Office Supplies,Envelopes,Manila Envelopes,23.13,4.91,2,0.7,Corporate,Second Class
11/19/2023,Central,Wisconsin,Furniture,Furnishings,Eldon Desk Lamp,5000.78,707.05,13,0,Consumer,Second Class
10/23/2022,Central,Nebraska,Technology,Accessories,Kensington Keyboard,3627.74,520.56,8,0.5,Corporate,First Class
12/08/2023,East,New Hampshire,Furniture,Bookcases,Hon Metal Bookcase,1742.14,394.58,3,0,Consumer,Same Day
06/09/2022,Central,Ohio,Furniture,Bookcases,Bush Wood Bookcase,2633.15,139.9,5,0.4,Consumer,Same Day
02/27/2021,South,Florida,Office Supplies,Storage,Sterilite Storage Tote,1249.48,397.59,8,0,Home Office,Standard Class
06/28/2023,South,North Carolina,Office Supplies,Paper,HP Premium Paper,1631.39,290.84,7,0,Consumer,Second Class
10/13/2023,South,Tennessee,Office Supplies,Binders,Avery Durable Binder,75.2,14.53,10,0.5,Consumer,Same Day
09/20/2024,West,Idaho,Technology,Copiers,Ricoh Office Copier,5096.59,718.93,6,0,Home Office,Same Day
01/12/2023,West,Utah,Technology,Phones,Motorola Phone Stand,662.69,104.25,5,0.15,Home Office,Second Class
03/30/2023,Central,Iowa,Technology,Machines,HP LaserJet Printer,11681.39,-2795.21,13,0,Corporate,First Class
09/14/2023,East,Maine,Technology,Accessories,Kensington Keyboard,3081.44,234.3,5,0.4,Home Office,Same Day
01/31/2022,East,Maine,Technology,Accessories,Kensington Keyboard,4687.77,82.42,4,0,Consumer,Standard Class
05/11/2021,West,Arizona,Office Supplies,Envelopes,Manila Envelopes,1315.03,349.3,10,0.3,Corporate,First Class
03/30/2021,East,New Jersey,Furniture,Bookcases,Sauder Heritage Bookcase,872.9,-57.07,3,0.4,Home Office,First Class
07/27/2024,South,Florida,Furniture,Tables,Bretford Conference Table,528.07,152.34,3,0.2,Consumer,Same Day
03/18/2022,West,Washington,Technology,Phones,Motorola Phone Stand,6630.09,-829.32,8,0.3,Home Office,Same Day
01/02/2022,West,Idaho,Office Supplies,Fasteners,Bostitch Push Pins,594.05,21.05,7,0.5,Consumer,Standard Class
01/09/2024,East,Maine,Furniture,Tables,Bush Somerset Table,6209.08,-1454.34,8,0,Corporate,Same Day
09/01/2024,West,Washington,Office Supplies,Labels,Avery Shipping Labels,1722.82,395.51,10,0.15,Home Office,Same Day
07/20/2024,Central,Minnesota,Technology,Copiers,Xerox WorkCentre Copier,400.4,-33.32,5,0.7,Home Office,Second Class
07/12/2023,South,Louisiana,Technology,Phones,Motorola Phone Stand,10192.69,-16.13,14,0.1,Corporate,Standard Class
12/17/2022,South,Florida,Office Supplies,Art,Sharpie Marker Set,136.29,30.55,2,0.7,Consumer,Standard Class
12/29/2022,South,Louisiana,Furniture,Bookcases,O'Sullivan 5-Shelf Bookcase,2610.22,645.25,10,0,Corporate,Same Day
07/30/2023,South,Georgia,Technology,Copiers,Ricoh Office Copier,7403.97,2452.03,11,0.3,Home Office,First Class
06/16/2021,East,Connecticut,Furniture,Tables,Bretford Conference Table,365.15,-9.78,1,0,Corporate,Same Day
01/13/2023,Central,Iowa,Office Supplies,Fasteners,Acco Binder Clips,1590.02,294.27,12,0.4,Home Office,Same Day
01/06/2021,South,Virginia,Furniture,Bookcases,Bush Wood Bookcase,1069.23,-253.83,7,0.5,Home Office,Second Class
12/10/2024,West,Nevada,Furniture,Tables,Lesro Reception Table,880.03,36.2,3,0,Consumer,Same Day
03/27/2022,East,Vermont,Office Supplies,Paper,Universal Legal Pad,1145.91,247.08,14,0,Corporate,Second Class
11/02/2021,East,New Hampshire,Technology,Phones,OtterBox Phone Cover,927.18,88.36,10,0.1,Home Office,Same Day
04/14/2021,East,Maine,Furniture,Furnishings,Eldon Desk Lamp,623.02,69.99,7,0.3,Consumer,Same Day
08/31/2021,South,Florida,Office Supplies,Storage,Sterilite Storage Tote,197.9,18.7,2,0.4,Home Office,Same Day
05/02/2024,South,Mississippi,Office Supplies,Paper,Xerox Copy Paper,886.36,-204.42,10,0.15,Home Office,Same Day
05/22/2021,East,Rhode Island,Office Supplies,Labels,Kroy Label Tape,547.32,146.51,14,0,Home Office,Second Class
12/29/2024,East,Rhode Island,Technology,Copiers,Sharp Digital Copier,4914.86,361.22,8,0.4,Home Office,Second Class
12/24/2023,Central,Michigan,Office Supplies,Envelopes,Manila Envelopes,1137.34,9.65,12,0.3,Consumer,Same Day
03/15/2021,Central,Kansas,Furniture,Chairs,Global Deluxe Task Chair,814.88,236.01,10,0.8,Corporate,Same Day
02/03/2022,Central,Nebraska,Office Supplies,Storage,Fellowes Storage Box,1227.14,324.87,14,0.1,Home Office,Standard Class
07/22/2022,East,Maine,Office Supplies,Supplies,Scissors Set,20.76,1.47,1,0.5,Corporate,Same Day
07/10/2023,Central,Nebraska,Technology,Phones,Samsung Galaxy Charger,1339.5,-289.92,2,0.3,Corporate,Second Class
08/19/2023,West,Washington,Office Supplies,Fasteners,Bostitch Push Pins,1795.36,-321.55,9,0,Home Office,Standard Class
02/20/2023,Central,Illinois,Technology,Phones,Samsung Galaxy Charger,5043.45,-1181.18,13,0.6,Corporate,Standard Class
05/10/2024,Central,Missouri,Technology,Accessories,SanDisk USB Drive,4654.43,741.97,5,0,Home Office,Standard Class
11/15/2021,Central,Illinois,Technology,Machines,Brother Fax Machine,2762.48,-536.27,8,0.5,Home Office,Standard Class
07/01/2024,West,Utah,Technology,Phones,Apple iPhone Case,7244.63,-1593.9,9,0.3,Corporate,Standard Class
03/08/2023,Central,Wisconsin,Furniture,Furnishings,Fellowes Monitor Stand,879.36,26.34,2,0,Consumer,First Class
02/15/2024,West,California,Office Supplies,Supplies,Scissors Set,148.49,29.17,1,0.2,Corporate,Second Class
12/28/2024,Central,Texas,Office Supplies,Supplies,Tape Dispenser,1072.69,-60.74,11,0.6,Corporate,Second Class
02/09/2022,Central,Texas,Furniture,Chairs,Global Deluxe Task Chair,122.82,27.24,2,0.2,Corporate,Standard Class
11/08/2021,South,Tennessee,Technology,Copiers,Xerox WorkCentre Copier,6962.05,906.46,11,0.15,Corporate,Same Day
11/03/2023,Central,Illinois,Technology,Accessories,SanDisk USB Drive,4778.49,-978.78,4,0,Home Office,Standard Class
03/11/2022,East,New York,Furniture,Furnishings,Tenex Chair Mat,1509.71,513.28,5,0.6,Corporate,Same Day
10/22/2024,South,Florida,Technology,Accessories,SanDisk USB Drive,1306.62,-142.59,3,0.3,Home Office,First Class
01/08/2024,Central,Wisconsin,Furniture,Tables,Chromcraft Round Table,1305.65,82.98,13,0,Consumer,Standard Class
04/11/2023,East,Maine,Technology,Accessories,Belkin Surge Protector,7998.94,1226.4,10,0.15,Corporate,Standard Class
11/18/2021,West,Montana,Office Supplies,Envelopes,Poly Mailer Bundle,220.03,11.56,4,0.4,Consumer,Same Day
10/17/2022,West,Washington,Office Supplies,Envelopes,Poly Mailer Bundle,220.68,-25.99,3,0.7,Corporate,Second Class
09/16/2023,Central,Ohio,Furniture,Chairs,Bush Mid-Back Chair,4157.64,-226.44,13,0.6,Corporate,Second Class
02/08/2021,East,New Hampshire,Furniture,Chairs,Bush Mid-Back Chair,451.03,119.08,1,0.3,Corporate,First Class
03/27/2021,East,Connecticut,Technology,Machines,Brother Fax Machine,1591.28,98.08,8,0.7,Consumer,First Class
07/15/2023,Central,Kansas,Office Supplies,Binders,GBC Binding Cover,153.59,-23.91,1,0.3,Home Office,First Class
01/23/2023,South,South Carolina,Office Supplies,Storage,Fellowes Storage Box,104.94,16.36,6,0.5,Corporate,Second Class
02/11/2021,West,Washington,Office Supplies,Supplies,Swingline Stapler,187.57,48.78,2,0,Home Office,Same Day
06/28/2023,East,Massachusetts,Office Supplies,Art,Crayola Colored Pencils,1214.5,316.63,8,0.2,Home Office,Same Day
04/23/2024,West,Idaho,Furniture,Chairs,Novimex Swivel Chair,2179.17,141.66,10,0.5,Home Office,First Class
12/13/2024,West,Montana,Furniture,Bookcases,Hon Metal Bookcase,637.99,-74.13,3,0.7,Home Office,Same Day
08/14/2024,Central,Iowa,Technology,Accessories,Kensington Keyboard,1935.92,-149.28,8,0.3,Consumer,Second Class
01/25/2021,Central,Missouri,Furniture,Chairs,HON Executive Leather Chair,542.3,-44.26,9,0.7,Corporate,First Class
03/06/2022,Central,Ohio,Technology,Copiers,Canon Copier,4982.89,425.54,9,0,Corporate,Standard Class
11/28/2022,South,Mississippi,Technology,Machines,Brother Fax Machine,2285.73,331.01,2,0,Home Office,Second Class
04/07/2024,West,Oregon,Furniture,Furnishings,Tenex Chair Mat,634.3,-42.07,9,0.8,Consumer,Same Day
05/14/2023,Central,Iowa,Furniture,Bookcases,Hon Metal Bookcase,5721.21,-193.51,11,0.1,Home Office,First Class
06/10/2024,South,North Carolina,Office Supplies,Storage,Rubbermaid File Bin,183.81,-10.76,5,0,Home Office,Standard Class
01/08/2021,South,Florida,Technology,Phones,Apple iPhone Case,2882.74,567.13,8,0,Consumer,Same Day
02/18/2024,East,Massachusetts,Office Supplies,Storage,Sterilite Storage Tote,401.38,88.0,11,0.5,Corporate,Second Class
06/03/2023,South,North Carolina,Furniture,Chairs,HON Executive Leather Chair,1807.51,625.67,14,0.8,Corporate,Second Class
09/16/2022,West,Washington,Technology,Phones,Apple iPhone Case,2147.06,362.98,4,0.5,Consumer,Same Day
08/29/2021,South,Tennessee,Office Supplies,Labels,Avery File Labels,1259.3,411.11,9,0,Consumer,Same Day
08/03/2021,Central,Iowa,Furniture,Bookcases,Hon Metal Bookcase,1737.56,-62.41,2,0,Home Office,Same Day
09/26/2021,Central,Missouri,Furniture,Chairs,Global Deluxe Task Chair,1129.21,-233.41,11,0.1,Home Office,Standard Class
10/15/2021,South,Florida,Office Supplies,Binders,GBC Binding Cover,847.48,68.51,8,0.2,Consumer,First Class
06/20/2022,West,California,Office Supplies,Paper,Xerox Copy Paper,122.26,32.92,2,0.3,Consumer,Same Day
03/23/2024,East,Rhode Island,Technology,Phones,Apple iPhone Case,773.99,-173.75,6,0.1,Consumer,Same Day
07/29/2024,West,Colorado,Furniture,Chairs,Novimex Swivel Chair,574.72,81.27,3,0,Consumer,Second Class
05/07/2024,South,Florida,Furniture,Bookcases,Sauder Heritage Bookcase,428.9,128.47,5,0,Corporate,Same Day
03/15/2021,South,Georgia,Technology,Machines,Epson Scanner,946.11,42.16,8,0.4,Consumer,First Class
02/24/2022,Central,Texas,Technology,Phones,OtterBox Phone Cover,3845.81,-151.92,12,0.7,Consumer,Second Class
05/13/2023,Central,Texas,Furniture,Furnishings,Tenex Chair Mat,2105.37,-481.29,3,0.2,Home Office,First Class
01/14/2023,South,Georgia,Office Supplies,Paper,Xerox Copy Paper,2232.05,711.05,11,0,Consumer,Second Class
02/20/2022,West,Oregon,Furniture,Furnishings,Fellowes Monitor Stand,301.89,74.33,1,0.6,Consumer,First Class
11/24/2022,East,New Hampshire,Office Supplies,Art,Sharpie Marker Set,512.12,-0.55,10,0.7,Consumer,Second Class
09/12/2023,East,Massachusetts,Office Supplies,Paper,Boise Multi-Use Paper,255.95,-48.45,5,0.1,Corporate,Standard Class
03/14/2023,East,New York,Technology,Accessories,Logitech Wireless Mouse,424.19,-14.27,3,0.7,Consumer,First Class
03/13/2023,South,Kentucky,Furniture,Bookcases,Bush Wood Bookcase,5215.67,1141.94,6,0,Consumer,First Class
08/12/2022,Central,Minnesota,Technology,Accessories,Belkin Surge Protector,1084.88,55.55,11,0,Home Office,Standard Class
02/08/2023,West,Nevada,Furniture,Bookcases,Sauder Heritage Bookcase,3288.25,258.22,6,0,Home Office,Standard Class
12/16/2022,South,Florida,Technology,Phones,OtterBox Phone Cover,698.26,-124.3,1,0.4,Home Office,Second Class
07/29/2022,South,Louisiana,Office Supplies,Envelopes,Kraft Envelope Pack,1551.05,214.82,7,0,Home Office,Second Class
05/21/2023,Central,Michigan,Technology,Copiers,Sharp Digital Copier,1887.05,160.13,9,0.8,Home Office,Same Day
02/13/2024,West,California,Furniture,Bookcases,Bush Wood Bookcase,6423.96,1586.99,8,0,Corporate,First Class
07/01/2021,West,Arizona,Office Supplies,Fasteners,Officemate Paper Clips,836.1,153.47,5,0.15,Home Office,Same Day
05/12/2021,East,New Hampshire,Office Supplies,Envelopes,Poly Mailer Bundle,1096.05,-31.87,14,0.15,Consumer,Standard Class
04/08/2024,East,New Jersey,Technology,Phones,OtterBox Phone Cover,2960.3,989.71,6,0.15,Corporate,First Class
02/21/2022,West,Idaho,Technology,Machines,Brother Fax Machine,291.1,93.84,7,0.7,Home Office,Standard Class
06/25/2022,West,Arizona,Office Supplies,Storage,Fellowes Storage Box,1402.16,21.27,12,0.3,Consumer,Second Class
10/05/2023,South,Florida,Office Supplies,Labels,Avery Round Labels,3.61,-0.53,1,0.3,Consumer,First Class
06/06/2022,Central,Michigan,Technology,Phones,Samsung Galaxy Charger,6679.5,-922.54,12,0,Consumer,Standard Class
06/29/2022,Central,Wisconsin,Furniture,Furnishings,Advantus Wall Clock,1151.36,-116.98,11,0,Corporate,Standard Class
07/02/2023,Central,Kansas,Office Supplies,Binders,Avery Durable Binder,84.21,17.1,4,0.6,Home Office,Same Day
08/27/2024,East,New York,Technology,Machines,Epson Scanner,4733.15,-873.49,11,0.2,Consumer,Same Day
02/10/2023,Central,Missouri,Office Supplies,Fasteners,Acco Binder Clips,418.92,-15.35,5,0.4,Consumer,First Class
10/25/2024,East,Rhode Island,Office Supplies,Envelopes,Kraft Envelope Pack,130.2,36.64,2,0.7,Corporate,Second Class
11/20/2023,West,Colorado,Office Supplies,Storage,Iris Stackable Bin,28.38,1.78,7,0,Home Office,First Class
10/31/2024,East,Connecticut,Furniture,Chairs,Bush Mid-Back Chair,179.17,-24.83,6,0,Home Office,Same Day
12/16/2022,Central,Nebraska,Furniture,Bookcases,Sauder Heritage Bookcase,1160.25,273.35,3,0.5,Consumer,First Class
01/31/2021,West,California,Office Supplies,Supplies,X-Acto Cutting Mat,490.44,116.29,12,0.7,Consumer,First Class
08/09/2023,East,Pennsylvania,Technology,Copiers,Ricoh Office Copier,6581.04,1103.19,13,0.3,Consumer,Standard Class
03/31/2024,East,Maine,Furniture,Furnishings,Eldon Desk Lamp,4397.21,1481.69,8,0,Corporate,First Class
09/26/2022,Central,Wisconsin,Furniture,Furnishings,Eldon Desk Lamp,840.09,8.73,4,0.5,Consumer,First Class
04/27/2023,West,Washington,Technology,Accessories,SanDisk USB Drive,4153.47,455.55,8,0.3,Corporate,Second Class
12/03/2021,South,North Carolina,Technology,Copiers,Xerox WorkCentre Copier,2056.14,674.36,12,0.4,Consumer,Same Day
10/31/2022,East,Massachusetts,Technology,Phones,Apple iPhone Case,4531.54,724.78,7,0.3,Consumer,First Class
07/08/2023,East,Massachusetts,Office Supplies,Paper,Xerox Copy Paper,572.83,-63.92,7,0.5,Home Office,Same Day
12/27/2022,South,Kentucky,Furniture,Furnishings,Eldon Desk Lamp,1487.19,148.43,13,0.8,Corporate,Standard Class
05/08/2022,West,Arizona,Furniture,Chairs,Novimex Swivel Chair,4497.66,-544.16,8,0.15,Consumer,Standard Class
08/12/2022,East,Massachusetts,Furniture,Tables,Bush Somerset Table,581.62,89.79,2,0.1,Home Office,Standard Class
05/14/2021,South,Kentucky,Furniture,Furnishings,Eldon Desk Lamp,359.58,9.62,2,0.8,Consumer,Standard Class
04/14/2022,South,South Carolina,Office Supplies,Supplies,Tape Dispenser,762.09,-62.23,12,0.2,Corporate,First Class
08/28/2024,South,Virginia,Office Supplies,Paper,Xerox Copy Paper,180.52,-9.73,2,0.3,Consumer,Same Day
01/23/2024,South,South Carolina,Office Supplies,Storage,Fellowes Storage Box,552.83,62.28,14,0.7,Consumer,Second Class
11/05/2023,East,Pennsylvania,Office Supplies,Envelopes,Manila Envelopes,1228.09,357.6,12,0,Consumer,Standard Class
07/31/2022,Central,Illinois,Technology,Phones,Samsung Galaxy Charger,3407.33,-474.47,5,0.3,Home Office,Second Class
11/19/2024,South,Georgia,Office Supplies,Paper,Boise Multi-Use Paper,1624.15,384.79,7,0,Corporate,Second Class
11/13/2024,South,South Carolina,Furniture,Tables,Bush Somerset Table,95.14,1.98,2,0.5,Consumer,Second Class
11/27/2022,West,Montana,Technology,Phones,Motorola Phone Stand,89.45,19.3,1,0.7,Home Office,Second Class
08/10/2022,Central,Nebraska,Furniture,Bookcases,O'Sullivan 5-Shelf Bookcase,1368.99,-190.35,8,0.3,Corporate,Second Class
08/31/2023,South,Kentucky,Furniture,Chairs,HON Executive Leather Chair,8816.34,-1350.5,11,0,Corporate,Standard Class
01/18/2023,East,Maine,Office Supplies,Paper,HP Premium Paper,807.97,-185.42,12,0.5,Consumer,Standard Class
04/16/2021,West,Utah,Office Supplies,Art,Bic Pen Pack,619.73,-39.32,11,0.1,Home Office,Same Day
09/27/2022,South,Alabama,Furniture,Chairs,Novimex Swivel Chair,4354.28,-7.91,10,0,Home Office,First Class
04/18/2024,East,New York,Office Supplies,Storage,Iris Stackable Bin,169.72,-34.84,2,0.3,Home Office,Second Class
07/22/2024,South,Mississippi,Technology,Machines,Brother Fax Machine,10186.81,3538.13,10,0.1,Home Office,Second Class
05/22/2023,West,Idaho,Technology,Phones,Motorola Phone Stand,2579.32,-154.7,10,0.2,Corporate,Second Class
07/19/2024,West,Oregon,Furniture,Furnishings,Tenex Chair Mat,961.51,255.65,5,0.5,Consumer,First Class
10/18/2023,South,North Carolina,Furniture,Bookcases,O'Sullivan 5-Shelf Bookcase,690.98,66.06,9,0,Corporate,Same Day
02/24/2024,East,Pennsylvania,Office Supplies,Art,Sharpie Marker Set,63.86,-11.93,1,0.15,Consumer,Standard Class
09/22/2022,West,Utah,Furniture,Tables,Lesro Reception Table,2695.47,-327.66,9,0.2,Corporate,Same Day
07/30/2023,East,New Hampshire,Furniture,Chairs,Novimex Swivel Chair,4473.54,1496.56,7,0,Consumer,First Class
01/07/2023,East,Massachusetts,Office Supplies,Storage,Rubbermaid File Bin,580.01,97.92,13,0.4,Home Office,First Class
09/02/2023,West,Utah,Office Supplies,Paper,HP Premium Paper,1010.77,-200.77,12,0.2,Home Office,First Class
09/14/2023,Central,Michigan,Office Supplies,Supplies,Tape Dispenser,1602.15,-52.37,12,0.4,Consumer,First Class
01/03/2024,Central,Kansas,Furniture,Furnishings,Eldon Desk Lamp,4524.03,-610.24,11,0.5,Corporate,First Class
08/01/2022,West,Nevada,Technology,Copiers,Canon Copier,873.03,-215.98,3,0.15,Corporate,Same Day
11/25/2023,South,Florida,Furniture,Bookcases,O'Sullivan 5-Shelf Bookcase,375.51,122.33,3,0.6,Home Office,Standard Class
06/17/2023,South,Georgia,Technology,Phones,Samsung Galaxy Charger,2299.4,-351.56,12,0.3,Corporate,Standard Class
03/15/2022,West,Montana,Technology,Phones,Motorola Phone Stand,920.26,-143.51,8,0.15,Home Office,Standard Class
12/10/2023,South,Tennessee,Office Supplies,Art,Newell Highlighters,1081.15,114.77,7,0,Consumer,Same Day
09/19/2021,West,Nevada,Technology,Phones,Samsung Galaxy Charger,576.01,89.71,10,0.15,Corporate,First Class
02/04/2023,West,Colorado,Furniture,Bookcases,O'Sullivan 5-Shelf Bookcase,2183.05,76.12,8,0.2,Home Office,Same Day
11/04/2024,West,Oregon,Technology,Phones,Apple iPhone Case,5368.95,1088.21,11,0.4,Corporate,Same Day
12/08/2023,East,Maine,Office Supplies,Supplies,X-Acto Cutting Mat,688.51,174.1,12,0.7,Consumer,Standard Class
08/27/2021,South,Florida,Furniture,Furnishings,Fellowes Monitor Stand,1634.04,238.56,7,0.7,Consumer,Standard Class
08/24/2022,South,Alabama,Office Supplies,Storage,Iris Stackable Bin,94.88,10.48,5,0.8,Home Office,Standard Class
06/23/2024,East,Connecticut,Furniture,Chairs,Novimex Swivel Chair,2708.42,699.24,8,0.2,Corporate,First Class
01/05/2022,South,Florida,Office Supplies,Paper,Boise Multi-Use Paper,661.05,-71.87,7,0,Home Office,Second Class
02/12/2023,Central,Nebraska,Technology,Copiers,Ricoh Office Copier,8036.16,1758.6,12,0,Home Office,Standard Class
08/10/2021,South,Tennessee,Technology,Phones,Motorola Phone Stand,79.49,0.11,5,0.7,Consumer,First Class
03/11/2023,South,Virginia,Office Supplies,Art,Sharpie Marker Set,176.16,47.55,2,0.6,Home Office,Standard Class
05/15/2024,West,Oregon,Technology,Machines,Canon imageCLASS Printer,815.6,-98.47,11,0.8,Consumer,Second Class
06/20/2023,East,Massachusetts,Office Supplies,Envelopes,Security Envelopes,599.79,181.03,10,0.6,Corporate,Second Class
05/27/2022,Central,Missouri,Office Supplies,Supplies,X-Acto Cutting Mat,112.61,35.44,1,0.3,Corporate,Same Day
08/12/2021,West,Idaho,Technology,Phones,Motorola Phone Stand,4722.09,-511.47,13,0,Corporate,Same Day
09/21/2021,South,Alabama,Office Supplies,Envelopes,Poly Mailer Bundle,831.42,92.19,12,0,Corporate,Second Class
10/05/2022,South,Georgia,Technology,Copiers,Ricoh Office Copier,2562.0,-458.7,6,0.4,Consumer,Standard Class
01/08/2024,Central,Minnesota,Office Supplies,Storage,Iris Stackable Bin,1061.2,-88.4,12,0.6,Corporate,Second Class
03/16/2024,West,Utah,Technology,Copiers,Ricoh Office Copier,1527.95,-25.68,5,0,Corporate,First Class
11/30/2023,South,Kentucky,Technology,Copiers,Canon Copier,4963.25,-550.09,13,0.4,Consumer,First Class
04/11/2024,East,Rhode Island,Technology,Machines,Brother Fax Machine,175.61,21.76,1,0.8,Home Office,Standard Class
01/17/2022,Central,Wisconsin,Office Supplies,Supplies,Swingline Stapler,914.22,-29.82,8,0,Corporate,First Class
05/05/2021,West,Idaho,Technology,Copiers,Canon Copier,2603.82,641.4,10,0.2,Consumer,Same Day
06/10/2024,Central,Texas,Office Supplies,Envelopes,Kraft Envelope Pack,52.37,-5.16,4,0.6,Consumer,Second Class
10/06/2022,South,Kentucky,Furniture,Bookcases,Hon Metal Bookcase,2994.89,346.17,7,0.5,Consumer,Standard Class
01/01/2021,Central,Kansas,Office Supplies,Supplies,Tape Dispenser,654.05,-121.79,12,0.4,Home Office,Second Class
11/17/2024,West,Colorado,Office Supplies,Supplies,Tape Dispenser,2140.97,505.15,13,0.15,Consumer,Standard Class
04/13/2023,South,Louisiana,Furniture,Furnishings,Tenex Chair Mat,569.64,119.14,7,0.8,Home Office,Same Day
03/02/2022,East,Vermont,Furniture,Chairs,Novimex Swivel Chair,812.85,-198.16,13,0.5,Consumer,Second Class
02/25/2021,South,North Carolina,Office Supplies,Fasteners,Officemate Paper Clips,865.26,-26.17,10,0.15,Corporate,Same Day
09/01/2022,South,Florida,Office Supplies,Paper,Universal Legal Pad,920.91,303.43,5,0.1,Home Office,First Class
02/18/2023,Central,Illinois,Furniture,Bookcases,O'Sullivan 5-Shelf Bookcase,2449.34,346.07,3,0,Consumer,Second Class
02/18/2021,West,Arizona,Technology,Machines,Canon imageCLASS Printer,2805.62,683.7,13,0.7,Corporate,Second Class
03/29/2023,South,Tennessee,Furniture,Tables,Chromcraft Round Table,3557.69,388.5,9,0.3,Consumer,Standard Class
09/30/2021,West,Nevada,Furniture,Bookcases,Bush Wood Bookcase,362.78,-31.41,13,0.15,Consumer,First Class
08/05/2023,South,Tennessee,Technology,Accessories,Kensington Keyboard,1813.61,466.76,7,0.5,Home Office,Second Class
04/09/2022,South,Louisiana,Technology,Machines,HP LaserJet Printer,1727.97,440.39,4,0.2,Corporate,Second Class
10/19/2022,East,Pennsylvania,Technology,Accessories,SanDisk USB Drive,6478.6,-1293.23,8,0.3,Home Office,Second Class
05/14/2021,Central,Texas,Technology,Copiers,Sharp Digital Copier,108.94,-7.17,1,0.1,Home Office,Same Day
10/15/2021,West,Oregon,Technology,Copiers,Sharp Digital Copier,2626.19,17.9,4,0.15,Home Office,First Class
09/11/2024,Central,Missouri,Technology,Phones,Samsung Galaxy Charger,3742.0,769.3,13,0,Corporate,Same Day
10/14/2024,South,North Carolina,Office Supplies,Labels,Avery Shipping Labels,218.43,69.04,1,0,Home Office,Second Class
03/11/2022,East,Connecticut,Technology,Machines,Brother Fax Machine,606.09,-86.0,6,0.7,Home Office,Same Day
10/14/2023,West,Montana,Technology,Copiers,Canon Copier,774.3,158.86,12,0.5,Home Office,First Class
03/30/2021,South,Tennessee,Furniture,Chairs,Bush Mid-Back Chair,625.02,-123.18,8,0.7,Home Office,First Class
04/17/2021,East,Maine,Technology,Machines,Brother Fax Machine,8484.27,-516.18,13,0.2,Corporate,Same Day
06/17/2024,Central,Illinois,Furniture,Bookcases,O'Sullivan 5-Shelf Bookcase,171.62,1.45,1,0.7,Consumer,First Class
11/04/2022,South,South Carolina,Technology,Copiers,Xerox WorkCentre Copier,1205.92,-73.13,4,0,Corporate,Same Day
09/19/2021,Central,Michigan,Technology,Accessories,SanDisk USB Drive,7514.17,-732.59,9,0,Consumer,Standard Class
08/26/2023,West,Nevada,Furniture,Tables,Bretford Conference Table,1262.43,351.35,9,0.4,Corporate,Second Class
01/17/2022,East,New York,Furniture,Tables,Bush Somerset Table,767.86,-13.04,12,0.6,Consumer,First Class
10/30/2021,Central,Minnesota,Technology,Accessories,Belkin Surge Protector,5662.45,-153.56,9,0.15,Corporate,Same Day
03/02/2022,West,Nevada,Technology,Machines,Brother Fax Machine,1413.35,-55.6,2,0,Home Office,First Class
10/22/2024,South,Kentucky,Office Supplies,Binders,Avery Durable Binder,483.54,-68.63,14,0.6,Home Office,Second Class
02/23/2024,South,Kentucky,Furniture,Bookcases,Sauder Heritage Bookcase,2001.53,-66.41,10,0.5,Home Office,First Class
05/10/2023,South,Florida,Office Supplies,Labels,Avery Shipping Labels,73.09,14.46,3,0.7,Home Office,Same Day
12/31/2023,East,Massachusetts,Furniture,Furnishings,Eldon Desk Lamp,1820.0,-65.5,13,0.7,Corporate,First Class
09/22/2023,East,Rhode Island,Furniture,Chairs,Global Deluxe Task Chair,1471.52,-327.58,6,0.7,Corporate,Standard Class
06/16/2022,South,Virginia,Furniture,Bookcases,O'Sullivan 5-Shelf Bookcase,3384.43,158.93,9,0.15,Home Office,Second Class
01/27/2021,East,New Jersey,Office Supplies,Labels,Avery Shipping Labels,398.71,-75.46,11,0.4,Corporate,Standard Class
02/06/2022,East,Pennsylvania,Furniture,Chairs,Global Deluxe Task Chair,4092.28,-581.59,13,0.3,Home Office,Standard Class
06/07/2023,South,Mississippi,Technology,Accessories,Kensington Keyboard,563.19,-8.23,2,0.7,Home Office,Same Day
11/23/2024,Central,Iowa,Furniture,Bookcases,O'Sullivan 5-Shelf Bookcase,2924.82,46.16,10,0.1,Corporate,First Class
11/03/2024,West,California,Technology,Machines,Canon imageCLASS Printer,507.55,-125.31,13,0.1,Home Office,Same Day
11/08/2022,East,Rhode Island,Furniture,Chairs,Global Deluxe Task Chair,1011.25,-216.76,3,0.6,Corporate,First Class
03/19/2021,East,Vermont,Office Supplies,Labels,Avery File Labels,50.41,-3.63,9,0.3,Home Office,Second Class
09/25/2021,East,Vermont,Office Supplies,Binders,GBC Binding Cover,1151.11,222.96,14,0.15,Corporate,Same Day
05/06/2021,East,New York,Office Supplies,Storage,Rubbermaid File Bin,1007.7,-108.69,7,0.4,Corporate,Second Class
05/03/2021,East,Connecticut,Furniture,Bookcases,Sauder Heritage Bookcase,5836.49,-1370.09,8,0,Home Office,First Class
09/04/2024,South,Mississippi,Technology,Phones,Apple iPhone Case,121.58,-5.24,2,0.4,Corporate,First Class
07/20/2023,South,Alabama,Technology,Accessories,SanDisk USB Drive,5785.91,-1372.57,13,0.2,Consumer,Second Class
09/29/2023,South,Louisiana,Technology,Accessories,SanDisk USB Drive,10051.45,-2387.85,10,0,Home Office,Second Class
11/29/2021,South,Kentucky,Office Supplies,Fasteners,Officemate Paper Clips,541.74,-41.49,4,0,Consumer,Second Class
02/23/2021,Central,Michigan,Furniture,Tables,Bush Somerset Table,5981.19,-1487.6,13,0.4,Consumer,Same Day
12/13/2022,South,Tennessee,Office Supplies,Labels,Kroy Label Tape,155.52,1.63,4,0.8,Corporate,Standard Class
06/15/2021,South,South Carolina,Technology,Machines,Brother Fax Machine,1234.7,-204.17,2,0.4,Home Office,Second Class
08/31/2023,East,Massachusetts,Office Supplies,Binders,Avery Durable Binder,3191.47,1034.02,13,0,Home Office,Second Class
01/02/2024,East,Rhode Island,Furniture,Tables,Bretford Conference Table,3887.18,1081.9,12,0.5,Consumer,Standard Class
09/16/2022,West,Colorado,Technology,Phones,Motorola Phone Stand,1083.13,367.12,12,0.1,Home Office,Same Day
07/01/2023,South,North Carolina,Furniture,Bookcases,Hon Metal Bookcase,150.44,-28.07,2,0.8,Home Office,Standard Class
09/21/2021,South,Alabama,Office Supplies,Paper,Boise Multi-Use Paper,63.61,0.06,2,0.2,Consumer,Same Day
03/20/2023,East,Pennsylvania,Furniture,Furnishings,Eldon Desk Lamp,3042.03,30.07,9,0.3,Corporate,First Class
05/27/2024,East,Connecticut,Office Supplies,Paper,Boise Multi-Use Paper,1286.12,117.76,14,0.15,Consumer,Same Day
07/30/2023,Central,Ohio,Office Supplies,Binders,Wilson Jones Binder,758.89,190.3,8,0.3,Home Office,Same Day
03/06/2023,South,South Carolina,Technology,Accessories,Logitech Wireless Mouse,537.37,99.46,11,0.3,Home Office,Second Class
06/13/2024,South,Florida,Furniture,Tables,Bretford Conference Table,706.68,-150.48,6,0.8,Corporate,Standard Class
10/16/2021,Central,Illinois,Technology,Copiers,Xerox WorkCentre Copier,3164.34,134.8,4,0,Corporate,Second Class
01/11/2023,Central,Nebraska,Office Supplies,Art,Newell Highlighters,504.71,87.36,11,0.7,Home Office,Second Class
09/15/2021,West,Montana,Office Supplies,Art,Bic Pen Pack,797.34,127.65,13,0.7,Consumer,Same Day
11/25/2024,West,Montana,Technology,Phones,Motorola Phone Stand,4159.66,611.4,12,0.3,Consumer,Standard Class
02/14/2022,East,Maine,Furniture,Chairs,Bush Mid-Back Chair,400.51,-40.13,5,0.6,Corporate,Standard Class
09/25/2023,South,Louisiana,Technology,Machines,Brother Fax Machine,2767.94,-259.21,3,0.15,Home Office,Same Day
08/18/2022,South,Alabama,Furniture,Bookcases,O'Sullivan 5-Shelf Bookcase,2252.66,-176.54,4,0,Corporate,Second Class
12/07/2023,West,Oregon,Office Supplies,Paper,Boise Multi-Use Paper,1214.41,388.52,8,0,Consumer,First Class
02/14/2024,East,Vermont,Technology,Machines,Canon imageCLASS Printer,1359.33,304.18,5,0.2,Corporate,Second Class
01/19/2022,South,Louisiana,Furniture,Chairs,Global Deluxe Task Chair,313.91,47.79,6,0.5,Home Office,Same Day
06/09/2022,South,Alabama,Furniture,Tables,Bretford Conference Table,7385.71,2473.01,13,0,Home Office,First Class
09/22/2021,Central,Iowa,Office Supplies,Envelopes,Poly Mailer Bundle,740.29,-6.91,5,0.3,Corporate,Standard Class
01/30/2023,South,Mississippi,Furniture,Bookcases,O'Sullivan 5-Shelf Bookcase,134.15,-3.63,2,0.4,Home Office,Second Class
12/28/2024,Central,Minnesota,Office Supplies,Supplies,Scissors Set,33.11,-7.82,11,0.2,Corporate,First Class
05/10/2023,Central,Kansas,Furniture,Furnishings,Fellowes Monitor Stand,1061.18,-75.48,5,0.5,Consumer,Second Class
10/12/2023,East,New Jersey,Office Supplies,Fasteners,Staples Standard Staples,410.94,46.84,9,0.1,Home Office,Second Class
01/14/2024,West,Arizona,Office Supplies,Binders,Wilson Jones Binder,881.56,-212.21,9,0,Consumer,First Class
12/04/2024,West,Arizona,Furniture,Furnishings,Fellowes Monitor Stand,3293.19,-612.6,14,0.2,Corporate,Standard Class
10/11/2024,East,Pennsylvania,Furniture,Bookcases,Bush Wood Bookcase,6089.02,553.51,13,0.4,Home Office,Standard Class
12/01/2023,West,Montana,Technology,Machines,Brother Fax Machine,2912.37,836.13,5,0.15,Consumer,Standard Class
06/26/2023,West,Idaho,Office Supplies,Art,Sharpie Marker Set,44.91,-2.56,8,0.8,Home Office,First Class
08/01/2022,West,California,Technology,Phones,OtterBox Phone Cover,2090.43,661.2,5,0.4,Consumer,Standard Class
03/05/2024,West,California,Technology,Machines,HP LaserJet Printer,11426.69,-1064.34,11,0,Consumer,Same Day
11/13/2021,Central,Kansas,Technology,Accessories,Logitech Wireless Mouse,1520.51,3.75,12,0.6,Corporate,Second Class
12/11/2023,South,Tennessee,Technology,Copiers,Xerox WorkCentre Copier,308.46,85.49,1,0,Corporate,Same Day
01/18/2023,West,Utah,Furniture,Bookcases,Sauder Heritage Bookcase,213.19,57.84,10,0.5,Home Office,Standard Class
02/04/2022,East,Massachusetts,Furniture,Bookcases,Bush Wood Bookcase,621.29,207.04,8,0.5,Home Office,Same Day
07/20/2023,West,Oregon,Furniture,Chairs,Global Deluxe Task Chair,1773.68,133.8,2,0,Corporate,Second Class
08/19/2024,West,Nevada,Technology,Copiers,Ricoh Office Copier,1134.23,-100.42,7,0,Corporate,Standard Class
10/02/2021,East,New Hampshire,Furniture,Chairs,Novimex Swivel Chair,499.99,121.43,10,0.7,Home Office,First Class
01/07/2024,West,Montana,Office Supplies,Paper,Boise Multi-Use Paper,912.31,-136.39,13,0.1,Corporate,Second Class
06/01/2024,South,Virginia,Technology,Accessories,SanDisk USB Drive,1485.94,316.13,2,0,Home Office,Second Class
11/01/2021,West,Colorado,Office Supplies,Envelopes,Manila Envelopes,153.43,-1.53,9,0.7,Consumer,Standard Class
10/20/2022,South,Georgia,Technology,Phones,Motorola Phone Stand,2472.36,-590.57,9,0.4,Home Office,Second Class
05/13/2021,South,Georgia,Office Supplies,Storage,Sterilite Storage Tote,598.26,75.58,7,0.4,Consumer,Standard Class
11/04/2022,West,Idaho,Technology,Phones,Motorola Phone Stand,13195.92,-2658.63,14,0.15,Consumer,Standard Class
11/23/2023,South,North Carolina,Technology,Accessories,SanDisk USB Drive,2235.63,-196.13,5,0.5,Corporate,Standard Class
12/11/2022,East,New Jersey,Office Supplies,Binders,Cardinal Ring Binder,1262.35,426.71,12,0.5,Corporate,Second Class
07/25/2023,East,New York,Technology,Phones,Motorola Phone Stand,1611.87,470.77,13,0,Corporate,Second Class
11/08/2022,Central,Iowa,Office Supplies,Binders,GBC Binding Cover,228.39,62.57,6,0.8,Corporate,Standard Class
08/01/2021,Central,Missouri,Technology,Phones,Apple iPhone Case,953.25,-174.7,6,0.8,Consumer,Same Day
06/25/2024,West,Arizona,Technology,Machines,Brother Fax Machine,1201.1,48.16,11,0.7,Consumer,Standard Class
08/25/2024,West,Colorado,Furniture,Bookcases,O'Sullivan 5-Shelf Bookcase,2330.19,-206.01,8,0,Corporate,Standard Class
08/12/2022,Central,Iowa,Technology,Copiers,Xerox WorkCentre Copier,3222.42,80.07,9,0.4,Consumer,Standard Class
06/19/2024,West,Colorado,Office Supplies,Binders,Avery Durable Binder,9.65,1.73,2,0.7,Corporate,Second Class
06/25/2022,Central,Iowa,Office Supplies,Art,Newell Highlighters,172.89,-27.25,13,0,Consumer,Standard Class
05/26/2022,Central,Nebraska,Office Supplies,Envelopes,Manila Envelopes,694.9,149.25,4,0.3,Consumer,Same Day
12/12/2022,South,Tennessee,Office Supplies,Envelopes,Security Envelopes,307.71,25.99,3,0.2,Corporate,First Class
12/12/2023,East,Vermont,Office Supplies,Labels,Kroy Label Tape,91.27,25.09,3,0.7,Home Office,Same Day
12/26/2021,East,Massachusetts,Furniture,Bookcases,Sauder Heritage Bookcase,1199.28,161.48,6,0.2,Corporate,Second Class
04/13/2024,West,Arizona,Office Supplies,Envelopes,Poly Mailer Bundle,236.12,13.04,5,0.7,Corporate,Same Day
03/14/2021,East,Connecticut,Furniture,Tables,Chromcraft Round Table,1216.38,-149.37,6,0.7,Consumer,Same Day
05/15/2021,East,Vermont,Technology,Accessories,Logitech Wireless Mouse,6488.37,901.88,9,0,Consumer,Same Day
12/01/2021,Central,Nebraska,Office Supplies,Envelopes,Security Envelopes,158.49,-29.81,3,0.6,Consumer,Second Class
06/28/2021,West,Arizona,Furniture,Furnishings,Fellowes Monitor Stand,25.11,-4.65,2,0.5,Home Office,Same Day
04/16/2021,South,Louisiana,Office Supplies,Paper,Universal Legal Pad,1633.69,544.44,14,0.15,Home Office,First Class
11/02/2024,West,Idaho,Furniture,Tables,Bush Somerset Table,1952.43,62.86,7,0.6,Home Office,Second Class
06/16/2021,Central,Iowa,Office Supplies,Paper,Universal Legal Pad,388.19,66.13,7,0.7,Home Office,Same Day
01/11/2024,South,Alabama,Office Supplies,Envelopes,Kraft Envelope Pack,99.72,12.06,5,0.1,Home Office,First Class
08/04/2024,West,Washington,Technology,Copiers,Canon Copier,13463.62,-1801.04,13,0,Consumer,Second Class
09/05/2022,South,Florida,Office Supplies,Envelopes,Manila Envelopes,226.86,78.72,1,0,Home Office,First Class
03/19/2024,Central,Nebraska,Office Supplies,Supplies,Tape Dispenser,682.51,173.35,6,0.2,Home Office,Second Class
10/13/2023,South,Kentucky,Furniture,Chairs,Global Deluxe Task Chair,3376.88,-419.33,9,0.1,Home Office,Second Class
04/29/2022,Central,Nebraska,Office Supplies,Art,Sharpie Marker Set,642.94,-34.29,13,0.8,Home Office,Second Class
08/15/2022,West,Oregon,Office Supplies,Storage,Iris Stackable Bin,1005.6,-204.6,6,0.2,Consumer,Same Day
07/30/2021,West,Idaho,Office Supplies,Paper,Boise Multi-Use Paper,1657.92,97.14,13,0.15,Corporate,Second Class
02/25/2022,West,Idaho,Technology,Phones,Samsung Galaxy Charger,396.04,115.51,2,0.4,Consumer,Second Class
03/06/2023,East,New York,Office Supplies,Storage,Rubbermaid File Bin,237.66,-29.81,4,0.15,Home Office,Same Day
05/19/2022,East,New Jersey,Technology,Copiers,Xerox WorkCentre Copier,4759.23,-978.96,12,0.2,Corporate,Second Class
07/13/2021,South,Florida,Furniture,Tables,Bush Somerset Table,786.49,-155.03,6,0.8,Home Office,Second Class
10/01/2024,Central,Illinois,Office Supplies,Binders,GBC Binding Cover,324.56,-29.88,7,0.5,Home Office,First Class
05/19/2022,Central,Ohio,Office Supplies,Storage,Iris Stackable Bin,838.82,-132.32,6,0.15,Consumer,First Class
04/04/2021,East,Maine,Technology,Accessories,Kensington Keyboard,9800.68,3202.07,13,0.3,Consumer,Standard Class
01/16/2023,East,Connecticut,Office Supplies,Binders,Cardinal Ring Binder,180.4,-16.1,14,0.7,Home Office,Same Day
11/16/2022,East,Maine,Office Supplies,Paper,HP Premium Paper,487.96,27.07,6,0.2,Home Office,Standard Class
09/01/2022,West,Montana,Office Supplies,Paper,Universal Legal Pad,918.56,-206.3,9,0.3,Corporate,First Class
07/01/2024,South,South Carolina,Furniture,Bookcases,O'Sullivan 5-Shelf Bookcase,4527.95,-77.03,12,0,Home Office,First Class
02/23/2021,East,Connecticut,Office Supplies,Supplies,Swingline Stapler,242.65,-58.4,2,0.4,Corporate,Same Day
10/24/2022,Central,Minnesota,Technology,Phones,OtterBox Phone Cover,6583.47,316.68,9,0.3,Home Office,Second Class
03/28/2021,West,Nevada,Furniture,Tables,Bush Somerset Table,161.85,-1.69,5,0.1,Home Office,Standard Class
05/20/2022,East,New York,Office Supplies,Supplies,Scissors Set,543.63,-110.29,7,0.1,Home Office,Standard Class
08/11/2021,Central,Ohio,Furniture,Chairs,Novimex Swivel Chair,631.03,51.91,3,0,Home Office,Standard Class
11/07/2022,Central,Texas,Technology,Machines,Brother Fax Machine,1002.01,193.33,5,0,Consumer,Second Class
11/16/2024,Central,Michigan,Furniture,Chairs,HON Executive Leather Chair,41.42,-9.68,3,0.8,Consumer,Second Class
06/27/2022,South,Kentucky,Technology,Machines,HP LaserJet Printer,4153.11,558.25,11,0.1,Corporate,Standard Class
02/19/2023,West,Colorado,Furniture,Chairs,Bush Mid-Back Chair,508.84,177.31,2,0.7,Consumer,First Class
08/09/2022,Central,Missouri,Technology,Copiers,Ricoh Office Copier,455.87,131.72,1,0.5,Home Office,Same Day
05/22/2021,South,Mississippi,Office Supplies,Paper,Universal Legal Pad,694.27,-173.46,5,0,Corporate,Standard Class
04/23/2021,East,Vermont,Furniture,Chairs,Novimex Swivel Chair,1538.29,455.24,3,0.4,Home Office,First Class
05/22/2021,South,Louisiana,Technology,Machines,Epson Scanner,1793.68,391.8,8,0.8,Corporate,Second Class
07/21/2023,West,Arizona,Office Supplies,Supplies,Tape Dispenser,364.24,-51.22,4,0.5,Corporate,Second Class
05/01/2024,West,Washington,Office Supplies,Fasteners,Bostitch Push Pins,144.44,-22.19,3,0,Home Office,Second Class
10/22/2023,West,Montana,Technology,Phones,Samsung Galaxy Charger,5247.53,-627.17,6,0,Home Office,Standard Class
03/28/2021,South,North Carolina,Office Supplies,Storage,Sterilite Storage Tote,92.82,-7.73,12,0.7,Consumer,Second Class
05/31/2022,Central,Minnesota,Furniture,Chairs,HON Executive Leather Chair,3757.79,583.25,13,0.2,Home Office,Second Class
11/17/2021,West,Colorado,Furniture,Tables,Lesro Reception Table,3017.18,-398.36,12,0.6,Corporate,First Class
03/01/2022,East,Maine,Furniture,Tables,Bush Somerset Table,2479.0,338.04,12,0.5,Home Office,First Class
04/01/2024,East,New York,Office Supplies,Paper,Xerox Copy Paper,150.6,13.08,11,0.8,Corporate,First Class
09/04/2023,East,Rhode Island,Technology,Machines,Brother Fax Machine,655.63,110.73,3,0.1,Consumer,Standard Class
02/16/2024,East,New Hampshire,Furniture,Furnishings,Eldon Desk Lamp,2060.19,106.66,7,0.6,Corporate,Same Day
06/23/2024,South,Virginia,Office Supplies,Envelopes,Poly Mailer Bundle,234.32,45.45,2,0.15,Home Office,Same Day
09/23/2024,Central,Texas,Technology,Copiers,Xerox WorkCentre Copier,7923.26,2481.79,14,0,Home Office,Standard Class
07/05/2024,West,Colorado,Furniture,Tables,Chromcraft Round Table,1352.95,-287.83,2,0,Corporate,First Class
10/20/2021,South,North Carolina,Technology,Accessories,Logitech Wireless Mouse,1065.84,2.7,7,0.7,Home Office,Standard Class
09/11/2022,Central,Texas,Technology,Accessories,Belkin Surge Protector,2564.6,11.74,8,0,Corporate,Second Class
05/31/2023,Central,Minnesota,Furniture,Chairs,Global Deluxe Task Chair,3918.35,742.54,6,0.15,Consumer,Same Day
11/25/2024,East,Connecticut,Furniture,Tables,Bretford Conference Table,4366.31,-187.15,11,0.1,Home Office,First Class
10/16/2024,West,Washington,Furniture,Bookcases,Bush Wood Bookcase,4796.87,673.13,14,0.3,Consumer,First Class
01/15/2023,West,Washington,Technology,Machines,HP LaserJet Printer,621.66,-5.53,3,0.8,Home Office,Same Day
06/10/2023,Central,Iowa,Technology,Copiers,Canon Copier,1830.0,-38.79,8,0.7,Corporate,Second Class
08/01/2023,South,South Carolina,Furniture,Furnishings,Eldon Desk Lamp,5997.56,1133.79,9,0,Home Office,Standard Class
02/01/2023,East,New Jersey,Office Supplies,Labels,Avery Round Labels,450.13,142.0,7,0.6,Consumer,Standard Class
07/27/2022,South,Virginia,Technology,Phones,Apple iPhone Case,222.81,-48.4,5,0.6,Home Office,Standard Class
08/24/2022,South,North Carolina,Technology,Machines,Canon imageCLASS Printer,11990.55,-959.99,10,0,Home Office,Second Class
06/25/2021,East,Vermont,Office Supplies,Storage,Sterilite Storage Tote,49.89,-11.27,3,0,Corporate,Second Class
03/21/2022,East,New York,Office Supplies,Envelopes,Kraft Envelope Pack,292.05,16.98,2,0.2,Home Office,First Class
07/01/2023,East,Vermont,Office Supplies,Storage,Rubbermaid File Bin,1690.79,-151.56,13,0.2,Corporate,Second Class
03/06/2024,Central,Illinois,Office Supplies,Fasteners,Staples Standard Staples,407.56,-69.71,6,0,Corporate,Same Day
01/11/2024,East,New Jersey,Furniture,Tables,Bush Somerset Table,785.06,-38.49,7,0,Consumer,Standard Class
06/09/2022,South,North Carolina,Technology,Copiers,Canon Copier,2403.57,-221.26,4,0.2,Consumer,Same Day
11/29/2024,East,Vermont,Office Supplies,Storage,Sterilite Storage Tote,405.89,-24.13,14,0.4,Consumer,Standard Class
01/18/2022,East,New Hampshire,Furniture,Furnishings,Eldon Desk Lamp,1218.2,-69.26,3,0,Consumer,First Class
03/12/2021,Central,Ohio,Office Supplies,Storage,Rubbermaid File Bin,519.7,54.98,12,0.6,Corporate,Second Class
04/07/2024,West,Utah,Furniture,Bookcases,Sauder Heritage Bookcase,2014.3,-216.47,12,0.7,Consumer,Standard Class
07/02/2024,Central,Texas,Furniture,Bookcases,Hon Metal Bookcase,187.72,42.2,8,0.8,Consumer,Second Class
12/25/2024,South,Virginia,Technology,Phones,Motorola Phone Stand,6446.98,1484.82,10,0.15,Corporate,Second Class
05/24/2023,Central,Minnesota,Furniture,Chairs,Novimex Swivel Chair,259.3,-27.04,5,0.7,Home Office,Same Day
03/18/2021,South,Alabama,Office Supplies,Art,Newell Highlighters,1428.87,-210.56,6,0,Home Office,Second Class
05/23/2023,South,North Carolina,Office Supplies,Paper,Xerox Copy Paper,602.05,36.12,8,0.4,Home Office,Same Day
10/08/2023,South,Louisiana,Technology,Phones,Apple iPhone Case,419.33,-70.93,1,0.5,Consumer,Second Class
07/18/2021,Central,Illinois,Technology,Machines,HP LaserJet Printer,2535.52,-550.57,6,0.4,Consumer,Second Class
02/03/2021,South,Alabama,Furniture,Furnishings,Tenex Chair Mat,896.54,269.17,2,0.4,Home Office,First Class
10/28/2024,East,New Jersey,Office Supplies,Fasteners,Staples Standard Staples,1498.61,5.94,9,0.3,Consumer,Standard Class
07/03/2024,East,Rhode Island,Office Supplies,Storage,Iris Stackable Bin,28.57,4.14,1,0.8,Home Office,Same Day
12/19/2023,South,Louisiana,Furniture,Furnishings,Eldon Desk Lamp,5048.99,-635.82,7,0.1,Home Office,First Class
05/27/2023,East,Vermont,Office Supplies,Fasteners,Acco Binder Clips,17.28,-4.11,1,0.8,Home Office,Standard Class
03/30/2021,East,Maine,Furniture,Bookcases,Hon Metal Bookcase,1191.27,-40.0,7,0.7,Home Office,Standard Class
06/09/2021,Central,Minnesota,Office Supplies,Labels,Avery Shipping Labels,750.82,161.35,10,0.6,Consumer,First Class
02/01/2023,West,Utah,Furniture,Furnishings,Eldon Desk Lamp,35.69,4.69,1,0.8,Home Office,Standard Class
09/28/2022,South,Alabama,Furniture,Bookcases,Sauder Heritage Bookcase,1026.18,47.19,10,0.5,Corporate,Standard Class
07/26/2022,West,Oregon,Furniture,Furnishings,Fellowes Monitor Stand,204.69,-36.57,10,0.8,Corporate,Same Day
07/26/2022,South,Tennessee,Office Supplies,Storage,Fellowes Storage Box,206.57,56.29,4,0.4,Home Office,Standard Class
06/25/2024,Central,Iowa,Office Supplies,Binders,GBC Binding Cover,1077.69,-109.2,6,0,Home Office,Same Day
05/20/2023,East,Massachusetts,Technology,Phones,Samsung Galaxy Charger,4621.29,70.53,8,0.15,Corporate,Same Day
10/09/2022,South,Tennessee,Furniture,Tables,Bretford Conference Table,2046.89,693.05,4,0.15,Corporate,First Class
12/16/2021,West,Oregon,Office Supplies,Storage,Fellowes Storage Box,82.4,17.1,1,0.4,Home Office,Standard Class
08/25/2021,West,Idaho,Technology,Phones,Apple iPhone Case,694.62,160.68,1,0.1,Consumer,Second Class
05/08/2024,West,Arizona,Furniture,Furnishings,Eldon Desk Lamp,183.2,5.21,11,0.6,Corporate,First Class
10/19/2023,East,Vermont,Office Supplies,Art,Newell Highlighters,472.92,135.95,7,0.15,Consumer,First Class
06/09/2023,West,Arizona,Technology,Copiers,Canon Copier,1940.52,-288.48,11,0,Corporate,Same Day
07/05/2022,West,Utah,Furniture,Bookcases,Bush Wood Bookcase,2794.8,888.48,13,0.7,Consumer,Same Day
12/30/2022,East,New Jersey,Technology,Accessories,Belkin Surge Protector,6855.63,1999.81,12,0.2,Home Office,First Class
07/03/2024,South,Kentucky,Technology,Copiers,Sharp Digital Copier,9218.51,1393.89,10,0.1,Corporate,First Class
12/27/2021,Central,Michigan,Technology,Phones,Apple iPhone Case,748.04,10.87,4,0.5,Consumer,First Class
04/20/2022,Central,Wisconsin,Furniture,Chairs,Novimex Swivel Chair,1235.72,151.11,7,0.7,Consumer,First Class
06/26/2023,South,Tennessee,Furniture,Furnishings,Advantus Wall Clock,706.39,126.58,7,0.1,Home Office,First Class
04/30/2024,West,California,Furniture,Chairs,Bush Mid-Back Chair,403.86,126.04,3,0.7,Corporate,Second Class
05/23/2021,West,Arizona,Office Supplies,Art,Crayola Colored Pencils,385.03,91.85,13,0,Corporate,Same Day
07/01/2021,East,Rhode Island,Technology,Copiers,Canon Copier,795.3,5.03,1,0.3,Corporate,Same Day
01/09/2023,West,Arizona,Furniture,Tables,Lesro Reception Table,6163.25,-732.69,9,0,Corporate,First Class
02/06/2021,East,Connecticut,Technology,Accessories,SanDisk USB Drive,11459.76,920.46,12,0.1,Consumer,Second Class
06/12/2022,Central,Missouri,Office Supplies,Storage,Fellowes Storage Box,267.4,93.02,5,0.6,Consumer,Same Day
12/07/2022,Central,Michigan,Furniture,Chairs,Global Deluxe Task Chair,391.05,-93.85,11,0.1,Home Office,Standard Class
02/16/2021,East,Connecticut,Technology,Copiers,Ricoh Office Copier,164.28,28.99,2,0.2,Home Office,Second Class
05/26/2024,West,Arizona,Office Supplies,Art,Sharpie Marker Set,1363.67,187.31,9,0,Corporate,First Class
10/14/2023,Central,Illinois,Technology,Machines,HP LaserJet Printer,703.89,98.8,9,0.5,Home Office,First Class
04/01/2022,West,Colorado,Furniture,Furnishings,Advantus Wall Clock,542.92,-70.58,9,0,Corporate,Standard Class
07/04/2023,East,New Hampshire,Technology,Copiers,Ricoh Office Copier,4713.38,-1080.59,14,0.2,Corporate,Second Class
08/28/2024,Central,Iowa,Technology,Copiers,Canon Copier,2896.87,-360.99,4,0.3,Corporate,Standard Class
06/23/2021,Central,Ohio,Office Supplies,Supplies,Swingline Stapler,1248.49,238.15,6,0,Consumer,First Class
11/08/2023,South,Alabama,Technology,Phones,Motorola Phone Stand,553.36,93.89,13,0.8,Home Office,Second Class
06/28/2023,South,Virginia,Technology,Accessories,Logitech Wireless Mouse,7592.43,1205.02,9,0,Home Office,Same Day
06/18/2022,South,South Carolina,Furniture,Furnishings,Eldon Desk Lamp,450.26,20.51,14,0.3,Corporate,Standard Class
04/19/2024,South,Virginia,Furniture,Bookcases,Sauder Heritage Bookcase,918.82,51.87,3,0.2,Consumer,First Class
09/06/2023,South,North Carolina,Office Supplies,Paper,Universal Legal Pad,467.4,-116.81,8,0.3,Consumer,First Class
01/31/2022,South,Georgia,Office Supplies,Envelopes,Kraft Envelope Pack,1124.42,-276.71,8,0.15,Consumer,Second Class
01/06/2022,South,Tennessee,Technology,Copiers,Sharp Digital Copier,9884.8,-238.66,10,0.1,Corporate,Same Day
10/12/2024,West,Idaho,Office Supplies,Labels,Avery Shipping Labels,64.75,14.08,14,0.15,Home Office,Second Class
05/01/2022,South,Tennessee,Technology,Accessories,SanDisk USB Drive,796.17,249.57,7,0.7,Consumer,Standard Class
06/17/2022,Central,Iowa,Furniture,Tables,Chromcraft Round Table,1876.48,517.52,8,0.3,Home Office,Second Class
11/16/2024,East,Pennsylvania,Technology,Copiers,Ricoh Office Copier,1245.0,22.12,14,0.6,Corporate,Second Class
12/25/2022,Central,Ohio,Technology,Copiers,Canon Copier,1652.86,-144.04,13,0.8,Home Office,First Class
01/30/2024,West,California,Furniture,Furnishings,Tenex Chair Mat,1315.18,339.78,6,0.15,Corporate,Standard Class
12/02/2024,West,Arizona,Technology,Phones,Motorola Phone Stand,2255.52,386.97,7,0.5,Home Office,Standard Class
09/26/2023,South,Alabama,Furniture,Tables,Bush Somerset Table,1036.56,30.28,3,0.15,Consumer,First Class
01/05/2024,South,Kentucky,Office Supplies,Paper,Universal Legal Pad,356.05,-62.82,2,0.2,Corporate,Second Class
06/25/2021,East,New Hampshire,Furniture,Furnishings,Fellowes Monitor Stand,387.39,18.26,4,0.8,Consumer,First Class
05/21/2023,East,Massachusetts,Furniture,Bookcases,O'Sullivan 5-Shelf Bookcase,176.19,-26.12,7,0.8,Home Office,Same Day
10/26/2023,South,Louisiana,Office Supplies,Binders,Avery Durable Binder,238.14,21.84,3,0,Home Office,Second Class
06/21/2023,West,Arizona,Office Supplies,Fasteners,Acco Binder Clips,34.51,-0.5,1,0.7,Corporate,Standard Class
06/02/2024,Central,Kansas,Technology,Accessories,Belkin Surge Protector,1352.74,-37.39,3,0.2,Consumer,Second Class
06/24/2024,Central,Ohio,Technology,Phones,Apple iPhone Case,3119.17,-363.0,4,0.15,Corporate,Second Class
09/07/2023,Central,Minnesota,Office Supplies,Binders,Wilson Jones Binder,3375.25,-143.39,14,0,Corporate,Second Class
06/22/2021,West,Washington,Technology,Phones,Motorola Phone Stand,7561.28,2501.04,8,0,Corporate,Standard Class
08/28/2021,South,Louisiana,Office Supplies,Fasteners,Bostitch Push Pins,795.0,-12.15,4,0,Corporate,First Class
08/30/2022,West,Montana,Furniture,Chairs,Novimex Swivel Chair,728.9,-178.68,3,0.2,Consumer,First Class
03/09/2021,West,Nevada,Technology,Machines,Canon imageCLASS Printer,849.28,-59.5,2,0,Corporate,Same Day
03/15/2024,Central,Nebraska,Furniture,Tables,Chromcraft Round Table,3390.5,-374.71,13,0.4,Home Office,Same Day
02/05/2024,East,Maine,Office Supplies,Binders,Wilson Jones Binder,48.78,14.12,4,0,Consumer,First Class
08/23/2023,Central,Minnesota,Office Supplies,Paper,Universal Legal Pad,649.37,150.73,10,0.5,Consumer,Same Day
09/26/2022,South,South Carolina,Office Supplies,Labels,Avery Shipping Labels,1096.68,-254.19,10,0.5,Corporate,Second Class
07/21/2024,West,Utah,Office Supplies,Paper,HP Premium Paper,143.87,31.74,1,0.3,Corporate,Second Class
07/03/2021,Central,Ohio,Technology,Machines,Canon imageCLASS Printer,3416.37,-315.72,10,0,Consumer,First Class
05/03/2021,East,Vermont,Technology,Copiers,Xerox WorkCentre Copier,3573.19,184.32,10,0.6,Consumer,Standard Class
04/27/2024,East,New Jersey,Furniture,Chairs,HON Executive Leather Chair,944.67,192.73,10,0.5,Home Office,Standard Class
09/03/2022,East,Maine,Furniture,Tables,Chromcraft Round Table,499.47,42.6,8,0.3,Consumer,Same Day
01/13/2021,East,Massachusetts,Furniture,Tables,Bretford Conference Table,6947.3,1168.47,14,0.2,Corporate,Standard Class
05/08/2022,East,Massachusetts,Furniture,Tables,Bush Somerset Table,5780.82,266.84,7,0,Consumer,Second Class
03/22/2024,East,Pennsylvania,Furniture,Tables,Chromcraft Round Table,1381.43,198.07,6,0.6,Home Office,Second Class
06/26/2024,East,New Hampshire,Technology,Phones,OtterBox Phone Cover,332.34,89.26,13,0.7,Consumer,Same Day
12/03/2024,Central,Illinois,Office Supplies,Fasteners,Officemate Paper Clips,64.81,16.5,10,0,Corporate,First Class
05/12/2023,West,Utah,Furniture,Bookcases,Sauder Heritage Bookcase,223.73,45.59,14,0.5,Corporate,Second Class
03/07/2022,South,Florida,Technology,Copiers,Sharp Digital Copier,3874.17,994.8,10,0.15,Consumer,First Class
04/09/2024,South,South Carolina,Furniture,Bookcases,Sauder Heritage Bookcase,5966.87,-161.29,7,0,Corporate,Second Class
06/04/2023,East,Maine,Furniture,Chairs,Bush Mid-Back Chair,10029.82,1567.61,12,0,Home Office,Standard Class
04/24/2023,Central,Nebraska,Office Supplies,Storage,Sterilite Storage Tote,552.75,-28.59,5,0.5,Corporate,Standard Class
08/03/2022,South,Mississippi,Technology,Machines,HP LaserJet Printer,859.16,114.42,1,0.2,Corporate,First Class
02/12/2022,East,Pennsylvania,Technology,Machines,Brother Fax Machine,7633.17,-834.55,10,0,Home Office,Standard Class
07/02/2024,South,Alabama,Office Supplies,Supplies,Scissors Set,1033.31,-162.12,14,0.7,Home Office,First Class
11/24/2024,South,Kentucky,Technology,Phones,Motorola Phone Stand,535.52,55.67,4,0.6,Consumer,Second Class
11/19/2023,Central,Kansas,Technology,Accessories,Belkin Surge Protector,8684.02,2095.76,13,0.1,Home Office,Standard Class
08/24/2023,West,Idaho,Furniture,Chairs,Novimex Swivel Chair,619.98,-18.02,4,0,Home Office,Same Day
07/25/2023,Central,Kansas,Office Supplies,Paper,Xerox Copy Paper,289.43,23.37,5,0.5,Consumer,First Class
01/30/2021,East,Maine,Technology,Phones,Motorola Phone Stand,5400.24,443.53,6,0,Consumer,Same Day
07/20/2022,East,New Hampshire,Furniture,Bookcases,Sauder Heritage Bookcase,2072.81,299.11,9,0.2,Home Office,Second Class
04/08/2024,West,Arizona,Technology,Phones,Apple iPhone Case,616.0,-36.35,5,0.7,Consumer,Same Day
07/11/2022,West,Colorado,Office Supplies,Fasteners,Staples Standard Staples,1171.59,173.28,5,0,Home Office,Same Day
09/06/2021,East,Pennsylvania,Furniture,Chairs,HON Executive Leather Chair,3228.93,-598.25,6,0,Corporate,Standard Class
05/29/2022,East,Pennsylvania,Office Supplies,Paper,HP Premium Paper,29.56,-0.19,13,0.8,Corporate,Second Class
04/26/2023,South,Georgia,Furniture,Bookcases,O'Sullivan 5-Shelf Bookcase,1357.16,-267.6,12,0.6,Home Office,Standard Class
03/26/2022,East,Pennsylvania,Furniture,Chairs,HON Executive Leather Chair,1534.26,35.06,12,0,Corporate,First Class
01/18/2022,Central,Missouri,Technology,Copiers,Xerox WorkCentre Copier,1761.13,403.81,4,0.5,Consumer,Same Day
07/31/2022,Central,Illinois,Office Supplies,Paper,Boise Multi-Use Paper,318.17,16.92,7,0,Home Office,Same Day
02/14/2022,Central,Nebraska,Technology,Phones,Motorola Phone Stand,3226.73,607.38,9,0.7,Home Office,Standard Class
11/28/2021,Central,Nebraska,Office Supplies,Storage,Sterilite Storage Tote,51.39,3.91,9,0.7,Corporate,Second Class
02/23/2021,Central,Iowa,Office Supplies,Binders,Avery Durable Binder,741.81,22.34,12,0.5,Consumer,Standard Class
03/18/2024,Central,Nebraska,Furniture,Tables,Lesro Reception Table,1362.28,374.84,9,0.8,Corporate,First Class
01/24/2023,Central,Illinois,Technology,Accessories,SanDisk USB Drive,631.54,-64.36,3,0.6,Corporate,Second Class
02/04/2024,West,Washington,Office Supplies,Paper,HP Premium Paper,337.97,21.87,5,0,Home Office,Second Class
08/10/2024,East,New Jersey,Furniture,Chairs,Global Deluxe Task Chair,2863.07,615.44,8,0,Home Office,Second Class
10/02/2023,Central,Ohio,Furniture,Tables,Chromcraft Round Table,8001.3,-827.85,9,0,Corporate,First Class
05/05/2021,South,North Carolina,Technology,Accessories,Kensington Keyboard,4255.77,-347.37,4,0,Consumer,Second Class
05/15/2021,East,New York,Furniture,Bookcases,Hon Metal Bookcase,1001.29,-65.63,5,0.3,Consumer,First Class
01/31/2023,West,Idaho,Technology,Copiers,Canon Copier,1966.98,-328.77,6,0.7,Consumer,Same Day
04/19/2021,South,Florida,Technology,Machines,Epson Scanner,7029.18,-72.4,12,0.15,Home Office,Same Day
08/20/2024,South,North Carolina,Office Supplies,Fasteners,Acco Binder Clips,235.46,-28.96,13,0.15,Consumer,Same Day
12/10/2021,South,Virginia,Technology,Copiers,Ricoh Office Copier,6167.95,-838.84,12,0.4,Home Office,Same Day
06/15/2024,East,New York,Office Supplies,Art,Newell Highlighters,1496.75,-331.33,14,0.15,Corporate,Second Class
09/18/2023,West,California,Furniture,Bookcases,Hon Metal Bookcase,9300.97,-1530.63,14,0,Home Office,First Class
02/05/2024,West,Nevada,Technology,Machines,HP LaserJet Printer,513.04,-93.87,2,0.15,Consumer,Same Day
10/20/2024,South,Mississippi,Technology,Copiers,Sharp Digital Copier,2489.17,-563.05,5,0.3,Consumer,Standard Class
10/09/2023,Central,Illinois,Furniture,Bookcases,Bush Wood Bookcase,718.08,71.62,9,0.4,Consumer,Same Day
01/22/2021,East,Maine,Technology,Accessories,Belkin Surge Protector,803.6,-99.53,3,0.3,Consumer,First Class
04/04/2024,Central,Kansas,Technology,Accessories,Belkin Surge Protector,6952.64,1651.02,14,0.1,Corporate,Same Day
08/16/2024,Central,Texas,Technology,Phones,Motorola Phone Stand,5498.46,-1151.93,12,0.4,Corporate,First Class
09/26/2023,Central,Wisconsin,Furniture,Bookcases,Hon Metal Bookcase,8341.93,929.53,14,0.15,Consumer,First Class
03/10/2023,Central,Michigan,Office Supplies,Paper,Universal Legal Pad,511.52,37.46,7,0,Corporate,Same Day
05/19/2021,East,Pennsylvania,Technology,Phones,OtterBox Phone Cover,8060.38,1451.74,9,0,Home Office,Second Class
06/17/2023,Central,Iowa,Office Supplies,Labels,Kroy Label Tape,133.81,22.77,9,0.8,Corporate,Second Class
05/01/2023,West,Washington,Technology,Phones,Motorola Phone Stand,6593.96,-1170.13,8,0.2,Consumer,First Class
07/28/2024,Central,Minnesota,Office Supplies,Supplies,Tape Dispenser,2359.79,261.17,13,0,Home Office,Standard Class
07/16/2024,South,Louisiana,Technology,Phones,Motorola Phone Stand,3737.77,-462.42,11,0.2,Consumer,Standard Class
11/06/2021,South,South Carolina,Furniture,Tables,Bretford Conference Table,6929.23,711.29,8,0,Consumer,Second Class
04/18/2021,Central,Missouri,Office Supplies,Binders,Wilson Jones Binder,416.63,57.26,6,0.2,Home Office,Second Class
07/23/2024,Central,Illinois,Office Supplies,Supplies,Swingline Stapler,784.12,-122.63,9,0.2,Home Office,Same Day
06/16/2023,Central,Ohio,Technology,Accessories,Kensington Keyboard,3105.92,-524.44,5,0,Consumer,Standard Class
01/08/2021,West,Oregon,Furniture,Tables,Bretford Conference Table,4855.04,-31.6,7,0.15,Corporate,Second Class
07/25/2022,South,Tennessee,Furniture,Bookcases,Sauder Heritage Bookcase,2100.86,259.97,9,0.4,Corporate,Second Class
03/20/2024,South,North Carolina,Office Supplies,Storage,Fellowes Storage Box,974.45,185.98,4,0,Corporate,Same Day
05/16/2023,West,Oregon,Furniture,Tables,Bretford Conference Table,544.08,155.69,12,0.2,Corporate,Standard Class
10/03/2024,Central,Kansas,Technology,Accessories,SanDisk USB Drive,1706.29,-170.58,6,0,Corporate,Standard Class
01/07/2024,East,New York,Furniture,Chairs,Global Deluxe Task Chair,3168.72,627.54,10,0.3,Corporate,Standard Class
01/13/2023,South,North Carolina,Furniture,Chairs,Global Deluxe Task Chair,347.06,10.32,2,0.8,Consumer,Same Day
11/22/2022,South,Mississippi,Furniture,Furnishings,Eldon Desk Lamp,2086.61,-420.73,9,0.3,Corporate,Second Class
04/06/2021,Central,Ohio,Furniture,Bookcases,O'Sullivan 5-Shelf Bookcase,401.53,64.6,5,0.1,Corporate,Same Day
06/19/2024,West,Oregon,Furniture,Furnishings,Advantus Wall Clock,6584.25,591.57,10,0.2,Home Office,Same Day
06/18/2021,South,Virginia,Furniture,Furnishings,Eldon Desk Lamp,4963.51,816.85,8,0.3,Corporate,Same Day
08/01/2021,West,Montana,Technology,Phones,Apple iPhone Case,123.68,-4.94,2,0.1,Home Office,Second Class
10/30/2021,West,Montana,Furniture,Tables,Bush Somerset Table,1090.9,-243.77,4,0.4,Corporate,Standard Class
07/25/2022,South,South Carolina,Technology,Machines,Brother Fax Machine,2006.28,159.16,9,0.7,Corporate,Standard Class
08/03/2021,Central,Illinois,Technology,Machines,Epson Scanner,1259.97,-69.39,7,0.8,Corporate,Second Class
04/25/2021,South,Mississippi,Furniture,Chairs,Novimex Swivel Chair,2404.17,-171.42,3,0,Corporate,Standard Class
08/28/2023,South,Mississippi,Technology,Phones,Motorola Phone Stand,887.4,-142.61,11,0.3,Home Office,Same Day
06/28/2022,Central,Wisconsin,Office Supplies,Art,Newell Highlighters,281.52,-64.79,4,0.4,Home Office,Same Day
10/21/2022,South,Florida,Office Supplies,Storage,Iris Stackable Bin,426.58,8.81,7,0,Consumer,First Class
08/26/2022,South,Virginia,Office Supplies,Fasteners,Staples Standard Staples,1572.02,-312.81,9,0.2,Home Office,Standard Class
01/17/2022,South,Tennessee,Office Supplies,Paper,HP Premium Paper,941.97,-195.2,11,0.3,Consumer,Standard Class
12/13/2022,South,Kentucky,Office Supplies,Art,Sharpie Marker Set,89.0,2.0,10,0.8,Home Office,Standard Class
09/25/2021,South,Mississippi,Office Supplies,Binders,GBC Binding Cover,208.45,-8.57,14,0.6,Home Office,First Class
03/11/2023,East,Rhode Island,Office Supplies,Envelopes,Manila Envelopes,122.99,19.41,2,0.4,Consumer,Second Class
06/06/2023,Central,Minnesota,Technology,Machines,Epson Scanner,428.89,-51.56,1,0.4,Home Office,First Class
11/14/2023,East,Rhode Island,Furniture,Chairs,Novimex Swivel Chair,2151.09,-392.72,4,0.3,Home Office,Second Class
08/12/2024,South,Alabama,Technology,Copiers,Ricoh Office Copier,5978.25,-1415.18,9,0,Home Office,First Class
04/12/2021,South,Tennessee,Furniture,Bookcases,Sauder Heritage Bookcase,1339.18,-41.84,3,0,Home Office,Second Class
06/21/2024,South,Florida,Office Supplies,Supplies,Scissors Set,16.26,4.66,3,0.5,Corporate,Standard Class
08/26/2023,Central,Ohio,Technology,Phones,Samsung Galaxy Charger,2982.3,147.01,5,0.4,Home Office,Second Class
03/14/2024,West,Oregon,Technology,Copiers,Sharp Digital Copier,1094.61,267.01,6,0.15,Home Office,Second Class
09/26/2022,West,Nevada,Office Supplies,Paper,HP Premium Paper,35.67,8.17,1,0.7,Home Office,Standard Class
06/04/2021,Central,Nebraska,Technology,Phones,OtterBox Phone Cover,328.8,75.51,11,0.5,Consumer,Standard Class
03/18/2023,Central,Texas,Technology,Machines,HP LaserJet Printer,6503.78,2257.89,12,0,Corporate,First Class
10/06/2021,West,Oregon,Office Supplies,Envelopes,Security Envelopes,250.64,-42.53,7,0.4,Home Office,Same Day
12/15/2022,West,Oregon,Furniture,Bookcases,Bush Wood Bookcase,1206.7,260.99,4,0,Corporate,Second Class
06/24/2021,West,Idaho,Office Supplies,Envelopes,Kraft Envelope Pack,359.53,85.89,12,0.7,Consumer,Same Day
04/29/2024,East,Rhode Island,Office Supplies,Binders,Wilson Jones Binder,2287.26,-263.39,13,0.2,Home Office,Same Day
10/25/2022,South,Florida,Technology,Accessories,Belkin Surge Protector,10926.27,-69.24,14,0,Home Office,First Class
03/11/2022,South,Georgia,Technology,Phones,Apple iPhone Case,31.02,-4.87,3,0.7,Home Office,Standard Class
01/18/2023,East,Rhode Island,Office Supplies,Fasteners,Officemate Paper Clips,2719.77,849.54,14,0,Corporate,First Class
12/29/2022,East,Vermont,Office Supplies,Fasteners,Officemate Paper Clips,939.52,92.33,10,0.6,Home Office,Same Day
01/12/2022,South,Mississippi,Office Supplies,Fasteners,Staples Standard Staples,258.67,87.96,3,0.1,Home Office,First Class
07/05/2022,East,Connecticut,Furniture,Furnishings,Eldon Desk Lamp,290.05,-45.52,4,0.7,Home Office,Standard Class
10/16/2023,South,North Carolina,Office Supplies,Paper,Xerox Copy Paper,919.01,160.75,8,0.4,Corporate,Second Class
09/26/2021,West,Oregon,Furniture,Chairs,Bush Mid-Back Chair,8061.61,1824.95,11,0,Corporate,Second Class
02/22/2022,East,New York,Furniture,Tables,Lesro Reception Table,368.96,-85.32,2,0.4,Consumer,First Class
04/27/2022,West,Montana,Office Supplies,Storage,Iris Stackable Bin,48.74,-3.46,3,0.4,Consumer,First Class
10/08/2024,East,Massachusetts,Office Supplies,Fasteners,Bostitch Push Pins,2540.45,-535.37,12,0.15,Corporate,Standard Class
06/19/2022,East,Vermont,Furniture,Chairs,Bush Mid-Back Chair,227.76,-7.95,8,0.7,Corporate,Second Class
08/09/2021,West,Montana,Furniture,Tables,Chromcraft Round Table,2795.35,917.86,8,0.3,Home Office,Second Class
11/30/2022,East,Vermont,Technology,Machines,Brother Fax Machine,5425.34,-790.83,13,0.5,Home Office,First Class
03/01/2024,Central,Iowa,Furniture,Furnishings,Eldon Desk Lamp,1559.31,-310.04,11,0.7,Home Office,Second Class
09/12/2022,Central,Wisconsin,Technology,Machines,Canon imageCLASS Printer,4771.93,-223.2,6,0.1,Consumer,Second Class
11/18/2024,South,Georgia,Furniture,Furnishings,Fellowes Monitor Stand,321.74,-61.04,5,0.3,Consumer,First Class
09/19/2023,Central,Michigan,Furniture,Furnishings,Eldon Desk Lamp,2800.55,696.59,13,0.7,Corporate,Same Day
01/09/2021,East,New Jersey,Office Supplies,Labels,Kroy Label Tape,528.41,138.79,7,0.6,Consumer,Standard Class
09/19/2024,West,Washington,Office Supplies,Labels,Avery Round Labels,1202.78,24.81,11,0.3,Home Office,Same Day
02/10/2024,South,North Carolina,Furniture,Tables,Bretford Conference Table,3915.2,-825.68,7,0,Consumer,Same Day
11/13/2024,South,Kentucky,Technology,Copiers,Sharp Digital Copier,5276.83,236.61,9,0.3,Corporate,Standard Class
05/21/2022,East,New Jersey,Technology,Accessories,SanDisk USB Drive,1404.2,-76.22,2,0.4,Consumer,First Class
12/16/2024,South,Georgia,Office Supplies,Art,Crayola Colored Pencils,423.46,123.46,4,0.5,Corporate,Standard Class
11/20/2022,West,Idaho,Furniture,Furnishings,Fellowes Monitor Stand,1628.83,392.73,5,0.2,Home Office,Standard Class
09/13/2024,Central,Illinois,Office Supplies,Binders,Wilson Jones Binder,2013.64,-29.42,13,0,Corporate,Standard Class
11/05/2023,West,Montana,Office Supplies,Envelopes,Poly Mailer Bundle,312.9,-56.47,13,0.5,Consumer,Second Class
02/20/2022,South,Louisiana,Technology,Machines,Brother Fax Machine,2544.47,388.51,6,0.5,Home Office,Standard Class
11/15/2023,South,Louisiana,Office Supplies,Paper,Boise Multi-Use Paper,280.85,26.78,7,0.8,Consumer,First Class
05/13/2023,Central,Michigan,Office Supplies,Fasteners,Bostitch Push Pins,886.5,-170.06,7,0,Corporate,Standard Class
12/12/2022,South,Tennessee,Furniture,Tables,Chromcraft Round Table,411.24,-11.69,4,0.6,Consumer,Same Day
01/08/2024,Central,Kansas,Technology,Machines,Brother Fax Machine,5951.61,-1269.58,7,0.1,Home Office,Same Day
09/06/2021,West,Montana,Office Supplies,Envelopes,Security Envelopes,168.59,42.09,8,0.6,Home Office,First Class
11/22/2021,West,Washington,Office Supplies,Art,Crayola Colored Pencils,103.37,18.95,2,0.2,Consumer,Same Day
02/01/2024,South,Alabama,Furniture,Tables,Bush Somerset Table,901.07,-58.08,6,0.4,Corporate,Second Class
05/31/2022,South,Louisiana,Furniture,Chairs,Bush Mid-Back Chair,1986.41,472.97,8,0.3,Consumer,Standard Class
06/07/2021,South,Louisiana,Technology,Copiers,Sharp Digital Copier,100.79,-23.49,11,0.7,Home Office,First Class
04/13/2022,East,Connecticut,Furniture,Furnishings,Tenex Chair Mat,385.84,71.7,5,0.3,Corporate,Standard Class
10/12/2021,East,New Hampshire,Furniture,Chairs,HON Executive Leather Chair,58.53,-3.48,1,0.6,Home Office,Second Class
05/12/2021,East,New York,Furniture,Tables,Bretford Conference Table,266.31,3.92,13,0.8,Home Office,Same Day
10/22/2022,West,California,Technology,Accessories,SanDisk USB Drive,1602.32,-220.04,3,0.1,Home Office,Standard Class
12/09/2024,Central,Nebraska,Office Supplies,Envelopes,Manila Envelopes,880.69,270.33,13,0.15,Corporate,First Class
05/19/2022,West,Utah,Furniture,Chairs,HON Executive Leather Chair,1993.41,568.07,13,0.7,Home Office,Same Day
12/31/2024,Central,Illinois,Technology,Phones,Samsung Galaxy Charger,659.5,-143.88,5,0.5,Consumer,First Class
04/11/2021,East,Massachusetts,Furniture,Bookcases,O'Sullivan 5-Shelf Bookcase,1466.73,-142.56,7,0.7,Home Office,First Class
09/01/2021,East,Massachusetts,Office Supplies,Paper,Boise Multi-Use Paper,292.9,82.15,8,0.7,Consumer,Second Class
08/16/2021,Central,Michigan,Technology,Phones,OtterBox Phone Cover,1776.31,442.62,9,0.8,Consumer,Second Class
09/24/2024,East,Vermont,Technology,Phones,OtterBox Phone Cover,356.81,-42.16,4,0.6,Home Office,Same Day
01/20/2024,South,Kentucky,Furniture,Bookcases,Sauder Heritage Bookcase,2024.64,550.84,13,0,Home Office,Second Class
10/15/2024,South,Mississippi,Technology,Copiers,Canon Copier,862.11,17.1,3,0.7,Corporate,Second Class
05/23/2021,Central,Missouri,Office Supplies,Labels,Avery Round Labels,513.11,-20.93,10,0.7,Corporate,Second Class
09/20/2022,South,South Carolina,Technology,Copiers,Xerox WorkCentre Copier,10482.78,-1164.37,13,0,Home Office,First Class
07/21/2024,West,California,Furniture,Bookcases,O'Sullivan 5-Shelf Bookcase,207.04,-11.91,6,0.6,Home Office,Standard Class
10/11/2021,East,Massachusetts,Technology,Accessories,Belkin Surge Protector,4727.43,562.19,9,0.3,Consumer,Standard Class
03/27/2022,East,Vermont,Technology,Copiers,Xerox WorkCentre Copier,491.29,-9.63,4,0.5,Corporate,Second Class
11/18/2024,Central,Kansas,Technology,Phones,Samsung Galaxy Charger,970.74,60.85,5,0.6,Home Office,Second Class
01/09/2022,West,Montana,Office Supplies,Envelopes,Security Envelopes,2.4,0.73,1,0,Home Office,First Class
05/02/2024,Central,Wisconsin,Office Supplies,Labels,Kroy Label Tape,338.26,-73.01,3,0,Consumer,Same Day
07/30/2021,East,Massachusetts,Technology,Machines,HP LaserJet Printer,2012.09,-106.8,12,0.7,Home Office,Standard Class
02/23/2021,West,Colorado,Office Supplies,Paper,Xerox Copy Paper,14.19,-1.21,4,0,Home Office,Standard Class
11/04/2021,West,Idaho,Furniture,Bookcases,Sauder Heritage Bookcase,2180.97,233.94,13,0.6,Corporate,First Class
08/07/2023,Central,Illinois,Furniture,Furnishings,Tenex Chair Mat,20.73,4.3,1,0.7,Corporate,Second Class
07/31/2021,West,California,Furniture,Chairs,Bush Mid-Back Chair,2228.17,560.19,8,0.3,Home Office,Second Class
11/25/2021,East,New Jersey,Office Supplies,Labels,Kroy Label Tape,99.17,-3.11,2,0.1,Home Office,First Class
11/23/2021,West,Colorado,Office Supplies,Envelopes,Manila Envelopes,190.95,20.77,2,0.6,Home Office,First Class
10/18/2023,East,Connecticut,Office Supplies,Art,Crayola Colored Pencils,1029.94,6.75,6,0.1,Consumer,Same Day
01/18/2024,West,Colorado,Office Supplies,Labels,Avery Shipping Labels,1480.33,18.03,7,0.15,Home Office,First Class
08/29/2021,Central,Iowa,Office Supplies,Storage,Sterilite Storage Tote,1358.72,427.5,9,0.3,Consumer,Same Day
11/22/2022,South,Mississippi,Technology,Copiers,Sharp Digital Copier,935.29,125.98,2,0,Corporate,Second Class
09/28/2022,Central,Missouri,Technology,Copiers,Canon Copier,7377.42,-171.58,14,0,Home Office,Same Day
11/11/2024,Central,Texas,Technology,Phones,Motorola Phone Stand,4958.49,820.99,7,0.3,Home Office,Same Day
03/06/2021,West,Montana,Technology,Machines,Brother Fax Machine,1525.78,-251.25,12,0.15,Corporate,First Class
11/17/2022,East,New Jersey,Furniture,Chairs,HON Executive Leather Chair,546.93,117.72,3,0,Consumer,Standard Class
10/06/2023,West,Arizona,Office Supplies,Fasteners,Bostitch Push Pins,519.1,94.15,7,0.1,Corporate,Same Day
10/04/2024,Central,Nebraska,Office Supplies,Art,Crayola Colored Pencils,337.77,107.65,2,0,Corporate,First Class
11/10/2022,West,Montana,Office Supplies,Paper,HP Premium Paper,201.79,23.3,9,0.7,Home Office,Standard Class
08/14/2024,South,Mississippi,Office Supplies,Paper,Boise Multi-Use Paper,786.07,-129.0,11,0.6,Home Office,Same Day
05/15/2021,Central,Illinois,Furniture,Bookcases,Sauder Heritage Bookcase,4112.59,-283.12,9,0,Home Office,Same Day
05/28/2024,West,Washington,Furniture,Bookcases,Bush Wood Bookcase,1289.96,335.86,7,0.1,Home Office,Standard Class
10/09/2024,East,Maine,Technology,Phones,Motorola Phone Stand,7675.65,-125.07,13,0.2,Consumer,Same Day
01/22/2023,Central,Texas,Furniture,Tables,Lesro Reception Table,1319.4,391.4,13,0.5,Corporate,First Class
11/30/2021,Central,Ohio,Furniture,Bookcases,Bush Wood Bookcase,140.36,-10.3,1,0.7,Consumer,Second Class
01/26/2024,South,Tennessee,Office Supplies,Storage,Rubbermaid File Bin,659.67,-151.13,8,0,Corporate,First Class
07/27/2023,East,Maine,Furniture,Bookcases,Hon Metal Bookcase,2476.93,839.26,6,0.4,Corporate,Same Day
08/19/2021,East,Vermont,Furniture,Furnishings,Advantus Wall Clock,2362.63,-347.07,4,0.2,Home Office,First Class
04/19/2024,West,Utah,Technology,Accessories,SanDisk USB Drive,7387.2,-1137.1,14,0.2,Corporate,Standard Class
05/02/2023,South,Mississippi,Technology,Machines,HP LaserJet Printer,477.57,-12.06,10,0.7,Home Office,First Class
05/20/2023,East,Vermont,Furniture,Chairs,Novimex Swivel Chair,58.95,10.43,2,0,Corporate,Standard Class
04/15/2024,West,California,Technology,Accessories,SanDisk USB Drive,5987.01,-295.78,12,0.3,Corporate,Second Class
07/24/2024,Central,Nebraska,Office Supplies,Paper,Boise Multi-Use Paper,398.16,14.33,11,0.3,Home Office,First Class
01/06/2021,East,Massachusetts,Technology,Copiers,Ricoh Office Copier,633.56,81.05,2,0.5,Home Office,Standard Class
10/01/2024,East,Massachusetts,Furniture,Furnishings,Advantus Wall Clock,534.04,-48.29,3,0.1,Consumer,First Class
10/24/2021,East,New Hampshire,Furniture,Furnishings,Eldon Desk Lamp,1787.76,198.47,8,0.5,Consumer,Second Class
01/29/2022,South,Mississippi,Technology,Phones,Apple iPhone Case,2552.35,-560.73,11,0,Home Office,Second Class
09/11/2024,West,California,Office Supplies,Labels,Avery Shipping Labels,171.72,-10.16,14,0.8,Home Office,Same Day
08/17/2021,East,Vermont,Office Supplies,Envelopes,Manila Envelopes,2609.12,869.97,13,0,Home Office,First Class
12/03/2021,East,New York,Technology,Machines,Brother Fax Machine,2358.47,115.89,3,0.15,Home Office,Standard Class
10/16/2024,West,Washington,Furniture,Furnishings,Fellowes Monitor Stand,1109.48,-128.15,5,0.1,Consumer,First Class
10/17/2023,South,Mississippi,Furniture,Tables,Bretford Conference Table,851.1,-35.36,4,0.1,Consumer,Second Class
06/17/2021,South,Kentucky,Furniture,Chairs,Global Deluxe Task Chair,6810.05,803.04,11,0.2,Home Office,Same Day
12/26/2021,South,Kentucky,Office Supplies,Labels,Kroy Label Tape,195.15,4.1,2,0,Home Office,Standard Class
09/29/2021,South,North Carolina,Furniture,Chairs,Global Deluxe Task Chair,2111.07,453.93,5,0,Corporate,Same Day
11/09/2021,Central,Minnesota,Technology,Machines,Epson Scanner,1005.8,205.0,14,0.6,Consumer,First Class
06/09/2022,East,Pennsylvania,Furniture,Chairs,Bush Mid-Back Chair,3477.29,567.54,10,0.3,Home Office,First Class
11/08/2023,East,New Jersey,Technology,Phones,Motorola Phone Stand,1320.78,-114.98,10,0.6,Home Office,First Class
10/28/2021,South,North Carolina,Office Supplies,Labels,Kroy Label Tape,809.97,-80.65,11,0,Corporate,Second Class
03/11/2024,East,New Hampshire,Office Supplies,Fasteners,Bostitch Push Pins,4.94,-0.46,5,0.6,Corporate,First Class
05/12/2023,East,Connecticut,Office Supplies,Labels,Avery Shipping Labels,1173.87,70.53,12,0.2,Corporate,First Class
02/16/2023,West,Colorado,Furniture,Furnishings,Advantus Wall Clock,4791.63,556.91,6,0,Consumer,First Class
06/06/2021,West,Washington,Office Supplies,Labels,Avery File Labels,42.05,9.09,4,0.6,Home Office,Same Day
09/26/2023,Central,Wisconsin,Technology,Machines,HP LaserJet Printer,5172.89,-881.96,8,0.4,Corporate,Standard Class
08/25/2021,Central,Wisconsin,Furniture,Chairs,Bush Mid-Back Chair,2098.1,719.65,3,0.2,Consumer,Second Class
08/31/2023,West,Arizona,Furniture,Chairs,Bush Mid-Back Chair,666.1,179.16,3,0,Corporate,Second Class
12/09/2022,East,New Hampshire,Office Supplies,Art,Bic Pen Pack,34.14,5.29,4,0.4,Corporate,Second Class
03/06/2022,West,Nevada,Technology,Copiers,Ricoh Office Copier,692.42,239.12,4,0.2,Home Office,First Class
05/01/2023,West,Idaho,Office Supplies,Envelopes,Poly Mailer Bundle,947.92,63.01,4,0,Corporate,First Class
12/17/2023,East,New York,Technology,Accessories,Logitech Wireless Mouse,1929.68,214.16,2,0,Corporate,Second Class
10/04/2021,East,New Hampshire,Technology,Machines,Brother Fax Machine,126.44,-12.25,13,0.7,Consumer,First Class
08/05/2022,Central,Michigan,Office Supplies,Paper,HP Premium Paper,343.59,-65.53,10,0.7,Home Office,Same Day
01/15/2022,West,California,Office Supplies,Storage,Iris Stackable Bin,353.52,-46.81,5,0,Home Office,Standard Class
08/17/2021,East,Pennsylvania,Technology,Copiers,Xerox WorkCentre Copier,1822.05,-134.77,7,0.1,Consumer,Standard Class
10/27/2023,South,North Carolina,Office Supplies,Labels,Kroy Label Tape,295.54,89.75,4,0.6,Consumer,Second Class
05/14/2024,East,New Jersey,Office Supplies,Supplies,Tape Dispenser,76.66,20.0,2,0,Home Office,Second Class
12/28/2021,South,North Carolina,Office Supplies,Labels,Avery Shipping Labels,58.32,5.82,1,0.4,Consumer,First Class
03/04/2024,West,Montana,Furniture,Bookcases,Sauder Heritage Bookcase,2236.44,-80.28,8,0.4,Corporate,Same Day
02/02/2023,Central,Texas,Furniture,Bookcases,Sauder Heritage Bookcase,3725.82,748.36,5,0.15,Corporate,Same Day
07/19/2021,South,Florida,Furniture,Chairs,HON Executive Leather Chair,2231.35,73.21,7,0,Consumer,Standard Class
01/06/2024,East,New York,Furniture,Furnishings,Fellowes Monitor Stand,2799.46,-298.16,6,0.4,Corporate,Second Class
01/20/2023,Central,Iowa,Technology,Phones,Motorola Phone Stand,9386.66,-1068.93,9,0,Consumer,Second Class
01/29/2022,East,New Jersey,Technology,Phones,Samsung Galaxy Charger,7429.74,258.16,7,0.1,Consumer,First Class
06/27/2021,East,Pennsylvania,Furniture,Bookcases,Hon Metal Bookcase,354.97,-39.23,1,0,Consumer,First Class
10/17/2024,East,Vermont,Office Supplies,Labels,Avery File Labels,1297.29,-205.69,6,0,Consumer,First Class
02/10/2023,Central,Missouri,Office Supplies,Labels,Kroy Label Tape,437.04,-85.07,4,0,Corporate,First Class
12/29/2022,East,Massachusetts,Office Supplies,Envelopes,Poly Mailer Bundle,421.48,130.15,12,0.15,Corporate,Second Class
09/15/2021,Central,Missouri,Office Supplies,Supplies,Tape Dispenser,478.92,18.73,3,0.3,Consumer,Same Day
12/30/2022,Central,Iowa,Technology,Phones,Motorola Phone Stand,11746.14,2392.42,13,0.2,Corporate,Second Class
10/29/2021,East,Maine,Technology,Copiers,Sharp Digital Copier,3758.79,261.01,6,0.15,Corporate,First Class
11/23/2024,West,Idaho,Furniture,Furnishings,Eldon Desk Lamp,2724.92,546.18,11,0.1,Home Office,Same Day
09/09/2021,West,Washington,Furniture,Furnishings,Eldon Desk Lamp,3210.34,-350.79,6,0.3,Home Office,First Class
01/11/2022,West,Washington,Furniture,Tables,Chromcraft Round Table,510.91,-120.7,5,0,Home Office,First Class
01/28/2024,West,Idaho,Technology,Phones,OtterBox Phone Cover,485.69,-51.2,1,0.5,Home Office,First Class
06/19/2022,Central,Kansas,Technology,Machines,Epson Scanner,3933.98,74.75,6,0.15,Home Office,Same Day
11/28/2021,South,Virginia,Furniture,Tables,Chromcraft Round Table,2596.97,-559.14,11,0.6,Corporate,Second Class
04/07/2023,South,Kentucky,Furniture,Furnishings,Advantus Wall Clock,4092.51,191.72,9,0.15,Home Office,First Class
01/07/2022,East,New Hampshire,Technology,Copiers,Ricoh Office Copier,3141.9,646.05,13,0.2,Consumer,First Class
02/04/2023,East,Rhode Island,Office Supplies,Supplies,Swingline Stapler,423.67,121.65,2,0,Consumer,Second Class
08/09/2023,Central,Missouri,Office Supplies,Art,Sharpie Marker Set,333.95,96.79,6,0,Consumer,Standard Class
10/14/2022,West,Colorado,Technology,Copiers,Xerox WorkCentre Copier,1021.29,-40.32,2,0.5,Consumer,First Class
06/06/2021,West,Oregon,Furniture,Chairs,Novimex Swivel Chair,690.56,-145.67,4,0.7,Corporate,Same Day
12/25/2024,Central,Illinois,Technology,Copiers,Xerox WorkCentre Copier,1104.3,159.75,10,0.7,Consumer,Same Day
03/09/2024,South,Tennessee,Technology,Phones,OtterBox Phone Cover,753.73,132.28,13,0.8,Home Office,First Class
01/24/2022,East,Pennsylvania,Furniture,Furnishings,Eldon Desk Lamp,770.09,31.36,1,0.1,Home Office,Same Day
04/25/2024,East,Rhode Island,Office Supplies,Fasteners,Acco Binder Clips,58.69,13.49,1,0.5,Consumer,Same Day
12/08/2022,West,Washington,Office Supplies,Binders,Cardinal Ring Binder,1236.04,-2.14,10,0,Consumer,Standard Class
08/22/2022,East,New York,Office Supplies,Supplies,Tape Dispenser,149.41,4.06,1,0,Consumer,Second Class
05/27/2021,West,Colorado,Technology,Copiers,Ricoh Office Copier,4249.58,-1054.15,9,0,Corporate,Second Class
02/12/2021,South,Florida,Furniture,Furnishings,Eldon Desk Lamp,1657.82,331.86,2,0,Consumer,Standard Class
10/15/2022,West,Utah,Technology,Machines,Canon imageCLASS Printer,28.74,8.73,2,0.8,Consumer,Standard Class
01/11/2021,South,Mississippi,Furniture,Tables,Bretford Conference Table,7516.48,88.86,13,0.3,Home Office,Same Day
06/12/2021,East,New York,Furniture,Tables,Chromcraft Round Table,310.59,-44.2,2,0.3,Consumer,Second Class
10/04/2021,Central,Illinois,Technology,Copiers,Sharp Digital Copier,4984.3,-91.28,10,0.2,Corporate,Same Day
11/16/2021,West,Washington,Furniture,Furnishings,Eldon Desk Lamp,2719.4,-188.04,14,0.2,Home Office,Same Day
11/17/2021,Central,Minnesota,Furniture,Chairs,Bush Mid-Back Chair,9157.8,1355.59,12,0,Consumer,First Class
12/09/2022,Central,Kansas,Furniture,Tables,Lesro Reception Table,173.89,48.36,10,0.2,Corporate,Second Class
02/07/2023,Central,Ohio,Office Supplies,Paper,HP Premium Paper,82.65,2.29,3,0.1,Corporate,First Class
01/05/2021,South,Louisiana,Furniture,Chairs,HON Executive Leather Chair,1117.64,183.43,3,0,Home Office,Second Class
05/22/2023,East,Massachusetts,Furniture,Furnishings,Fellowes Monitor Stand,1992.32,54.48,14,0.8,Corporate,Second Class
10/19/2023,West,Montana,Technology,Copiers,Canon Copier,163.65,49.54,4,0.6,Corporate,Same Day
03/13/2023,West,California,Technology,Copiers,Ricoh Office Copier,7698.12,93.89,14,0.4,Home Office,Same Day
06/03/2024,East,New Jersey,Technology,Copiers,Sharp Digital Copier,10911.03,1445.3,10,0,Corporate,Same Day
10/19/2022,East,Vermont,Office Supplies,Envelopes,Security Envelopes,1168.63,221.74,11,0.5,Corporate,First Class
11/09/2024,South,Louisiana,Technology,Phones,Samsung Galaxy Charger,2338.3,-101.15,14,0.7,Corporate,Second Class
12/04/2023,South,Kentucky,Technology,Machines,HP LaserJet Printer,7817.13,-1269.4,14,0.4,Consumer,Same Day
09/20/2021,South,Alabama,Office Supplies,Labels,Avery Shipping Labels,1309.56,277.98,8,0.15,Corporate,Same Day
01/23/2022,Central,Minnesota,Technology,Accessories,Logitech Wireless Mouse,10469.92,-1641.75,12,0,Consumer,First Class
01/06/2023,West,Utah,Office Supplies,Envelopes,Security Envelopes,495.07,-72.62,4,0.5,Consumer,Second Class
12/16/2022,West,Arizona,Office Supplies,Paper,HP Premium Paper,635.26,-97.1,7,0.3,Consumer,Same Day
05/23/2024,Central,Iowa,Technology,Accessories,SanDisk USB Drive,8882.62,2966.05,11,0,Consumer,Standard Class
05/30/2021,East,Massachusetts,Furniture,Furnishings,Fellowes Monitor Stand,460.88,-14.17,13,0.6,Corporate,Same Day
06/11/2021,East,Pennsylvania,Office Supplies,Art,Newell Highlighters,232.16,-43.0,6,0.8,Corporate,Second Class
11/25/2021,West,Washington,Office Supplies,Paper,Boise Multi-Use Paper,270.56,20.89,9,0,Home Office,Same Day
02/18/2022,Central,Texas,Technology,Phones,OtterBox Phone Cover,6361.02,-199.9,10,0.4,Corporate,Same Day
09/04/2024,West,Washington,Office Supplies,Art,Newell Highlighters,1038.53,-220.92,10,0.5,Home Office,First Class
07/30/2023,Central,Michigan,Furniture,Bookcases,Hon Metal Bookcase,1020.44,-246.45,8,0.1,Corporate,First Class
08/10/2024,South,Mississippi,Office Supplies,Binders,Cardinal Ring Binder,102.47,-25.09,7,0.7,Home Office,Second Class
05/05/2023,South,South Carolina,Furniture,Furnishings,Fellowes Monitor Stand,6821.05,-1294.13,12,0.1,Corporate,Second Class
05/07/2024,East,New York,Office Supplies,Envelopes,Poly Mailer Bundle,1339.96,-112.83,9,0.4,Corporate,Second Class
02/10/2023,South,Virginia,Furniture,Chairs,Global Deluxe Task Chair,6197.85,1755.02,11,0.15,Corporate,Second Class
10/16/2023,West,Montana,Technology,Phones,OtterBox Phone Cover,877.33,144.16,5,0.8,Home Office,First Class
06/16/2022,Central,Texas,Office Supplies,Labels,Kroy Label Tape,396.08,-29.43,4,0.5,Corporate,Second Class
05/28/2024,South,North Carolina,Technology,Accessories,SanDisk USB Drive,2177.11,225.9,8,0.6,Consumer,Second Class
08/26/2024,Central,Minnesota,Office Supplies,Labels,Avery Round Labels,161.43,-39.44,5,0,Corporate,Same Day
07/27/2022,East,Pennsylvania,Office Supplies,Supplies,Swingline Stapler,768.61,193.48,6,0.1,Consumer,First Class
09/20/2021,South,Mississippi,Technology,Copiers,Ricoh Office Copier,6095.29,1583.27,12,0.3,Consumer,Second Class
10/07/2024,Central,Michigan,Technology,Phones,Apple iPhone Case,8751.54,1688.52,11,0,Consumer,First Class
09/26/2023,West,Colorado,Office Supplies,Paper,Universal Legal Pad,123.45,-17.85,11,0.8,Corporate,Second Class
09/09/2021,Central,Minnesota,Technology,Copiers,Canon Copier,3574.26,-642.71,4,0,Corporate,First Class
02/16/2024,East,New Hampshire,Furniture,Chairs,Bush Mid-Back Chair,406.06,-29.89,4,0.3,Home Office,Second Class
04/01/2024,East,Maine,Furniture,Tables,Lesro Reception Table,908.84,42.97,5,0.15,Home Office,Same Day
11/02/2024,East,New Hampshire,Furniture,Chairs,Bush Mid-Back Chair,2940.44,493.37,10,0.1,Home Office,Standard Class
06/07/2023,East,Maine,Office Supplies,Binders,Wilson Jones Binder,136.4,-16.67,3,0.8,Corporate,First Class
11/12/2021,West,Nevada,Furniture,Furnishings,Eldon Desk Lamp,164.26,-27.15,1,0.7,Home Office,Same Day
09/13/2023,South,Kentucky,Office Supplies,Binders,Cardinal Ring Binder,479.96,-5.66,6,0,Corporate,Second Class
02/26/2023,East,New Hampshire,Technology,Accessories,Logitech Wireless Mouse,2025.96,325.05,7,0.6,Home Office,Second Class
08/20/2022,Central,Missouri,Technology,Accessories,SanDisk USB Drive,509.87,47.48,2,0.3,Consumer,Standard Class
10/02/2022,East,Pennsylvania,Office Supplies,Fasteners,Officemate Paper Clips,97.94,25.05,1,0,Consumer,Standard Class
05/27/2022,South,Florida,Technology,Machines,Epson Scanner,2244.1,434.96,3,0.1,Home Office,First Class
12/27/2022,West,Oregon,Technology,Phones,OtterBox Phone Cover,1842.02,528.68,7,0,Corporate,Second Class
10/27/2024,South,Georgia,Technology,Accessories,SanDisk USB Drive,1990.36,541.08,6,0.15,Consumer,Standard Class
08/19/2023,South,Virginia,Office Supplies,Supplies,Tape Dispenser,813.83,-60.14,5,0,Corporate,First Class
05/16/2022,East,Rhode Island,Furniture,Bookcases,O'Sullivan 5-Shelf Bookcase,3197.49,-374.06,4,0,Consumer,Same Day
08/07/2023,West,California,Office Supplies,Supplies,Swingline Stapler,1222.68,-9.39,12,0.5,Consumer,Same Day
02/21/2023,East,New Jersey,Office Supplies,Storage,Rubbermaid File Bin,64.01,-1.16,7,0.3,Home Office,First Class
06/17/2021,East,Rhode Island,Office Supplies,Binders,Cardinal Ring Binder,90.44,-0.37,1,0.3,Corporate,Second Class
08/08/2021,West,Utah,Office Supplies,Supplies,Swingline Stapler,146.08,-20.69,11,0.8,Corporate,Standard Class
11/21/2023,Central,Michigan,Technology,Copiers,Sharp Digital Copier,5071.16,1128.56,14,0.1,Corporate,Standard Class
11/18/2023,East,New York,Furniture,Chairs,Global Deluxe Task Chair,2887.84,-346.43,8,0,Home Office,Standard Class
11/03/2023,West,Oregon,Office Supplies,Art,Newell Highlighters,808.33,69.05,10,0.6,Consumer,Same Day
07/19/2021,West,Washington,Office Supplies,Envelopes,Kraft Envelope Pack,1672.05,48.85,14,0.5,Corporate,Same Day
12/30/2024,South,Florida,Furniture,Bookcases,O'Sullivan 5-Shelf Bookcase,1826.72,364.69,8,0.7,Consumer,Same Day
09/21/2021,West,Arizona,Technology,Phones,Motorola Phone Stand,4120.42,-614.63,11,0.5,Consumer,Same Day
09/29/2023,South,Tennessee,Technology,Phones,OtterBox Phone Cover,1085.14,279.37,4,0,Corporate,First Class
12/31/2024,West,Washington,Furniture,Tables,Bush Somerset Table,1170.63,374.73,13,0.8,Consumer,First Class
09/12/2024,Central,Nebraska,Furniture,Furnishings,Fellowes Monitor Stand,610.13,37.34,6,0,Consumer,First Class
02/25/2023,South,Alabama,Technology,Accessories,Logitech Wireless Mouse,253.38,-37.58,4,0.6,Consumer,First Class
12/19/2021,Central,Kansas,Technology,Machines,Epson Scanner,9414.76,3221.17,9,0,Consumer,First Class
02/18/2022,East,Massachusetts,Office Supplies,Storage,Iris Stackable Bin,17.74,0.6,5,0.3,Home Office,Same Day
05/27/2023,South,Tennessee,Office Supplies,Labels,Avery Shipping Labels,744.31,-73.11,12,0.2,Consumer,Standard Class
09/18/2021,South,South Carolina,Technology,Machines,Canon imageCLASS Printer,3008.74,943.72,6,0.2,Corporate,First Class
11/29/2022,East,Maine,Furniture,Chairs,Global Deluxe Task Chair,527.58,78.72,2,0.1,Corporate,Standard Class
11/13/2024,South,Tennessee,Technology,Copiers,Ricoh Office Copier,7217.1,1613.18,12,0.1,Corporate,Same Day
12/05/2021,South,Georgia,Furniture,Tables,Bretford Conference Table,275.7,63.68,6,0.8,Home Office,Second Class
07/29/2023,Central,Illinois,Furniture,Furnishings,Advantus Wall Clock,7806.01,1443.87,14,0,Home Office,Same Day
12/31/2024,South,Alabama,Office Supplies,Fasteners,Bostitch Push Pins,2852.48,686.87,13,0,Home Office,Standard Class
10/24/2024,West,Nevada,Furniture,Furnishings,Fellowes Monitor Stand,1177.02,303.83,8,0.4,Consumer,First Class
12/14/2024,West,Idaho,Furniture,Bookcases,Hon Metal Bookcase,211.7,63.57,1,0,Corporate,Standard Class
11/02/2024,West,Colorado,Technology,Machines,Epson Scanner,314.13,59.04,2,0.4,Consumer,Standard Class
03/25/2023,West,Washington,Technology,Phones,OtterBox Phone Cover,6451.77,1105.8,7,0.15,Consumer,First Class
12/14/2023,South,Kentucky,Technology,Copiers,Ricoh Office Copier,5337.05,-214.58,9,0.5,Home Office,Same Day
07/22/2021,Central,Iowa,Technology,Copiers,Canon Copier,262.65,78.91,5,0.6,Home Office,First Class
04/21/2024,South,Georgia,Technology,Phones,OtterBox Phone Cover,11590.85,1543.56,12,0,Home Office,First Class
10/08/2023,East,New York,Technology,Machines,HP LaserJet Printer,6356.49,-92.24,11,0.5,Corporate,First Class
03/01/2023,West,California,Furniture,Chairs,HON Executive Leather Chair,761.43,-86.05,13,0.2,Consumer,First Class
12/11/2021,West,Arizona,Furniture,Bookcases,Bush Wood Bookcase,81.96,-0.48,1,0.8,Consumer,Second Class
09/03/2023,West,Colorado,Furniture,Tables,Chromcraft Round Table,1672.04,574.69,7,0,Home Office,Same Day
04/24/2024,East,New York,Technology,Accessories,Kensington Keyboard,3057.58,-182.22,8,0,Home Office,Same Day
04/23/2023,South,Alabama,Furniture,Chairs,Novimex Swivel Chair,862.73,275.99,8,0.3,Consumer,First Class
04/10/2022,Central,Minnesota,Office Supplies,Art,Crayola Colored Pencils,1223.92,-161.03,14,0,Home Office,Second Class
05/16/2021,Central,Kansas,Technology,Accessories,Kensington Keyboard,201.92,42.32,3,0,Home Office,Standard Class
08/01/2021,Central,Texas,Furniture,Chairs,Bush Mid-Back Chair,317.93,-2.33,11,0.4,Corporate,Second Class
06/08/2021,West,Idaho,Technology,Machines,HP LaserJet Printer,3353.02,-538.29,4,0.15,Consumer,First Class
11/29/2021,South,Georgia,Technology,Copiers,Ricoh Office Copier,12862.96,2832.41,14,0,Corporate,First Class
10/11/2023,West,Oregon,Furniture,Bookcases,Sauder Heritage Bookcase,1449.47,108.98,3,0.4,Consumer,Standard Class
10/02/2023,Central,Illinois,Office Supplies,Envelopes,Kraft Envelope Pack,469.1,-94.71,11,0.6,Consumer,First Class
06/28/2024,East,Connecticut,Technology,Copiers,Canon Copier,1096.67,142.44,7,0.8,Consumer,Same Day
12/20/2022,South,North Carolina,Office Supplies,Art,Crayola Colored Pencils,1978.33,-119.0,8,0,Home Office,Same Day
11/27/2024,South,North Carolina,Furniture,Furnishings,Advantus Wall Clock,3330.53,518.42,13,0.4,Corporate,Standard Class
10/06/2023,West,Washington,Technology,Machines,Canon imageCLASS Printer,1258.83,-313.92,7,0.8,Corporate,Standard Class
11/26/2021,East,New Jersey,Furniture,Furnishings,Fellowes Monitor Stand,2951.41,-413.72,12,0.15,Home Office,First Class
05/26/2024,West,California,Technology,Phones,Samsung Galaxy Charger,3325.5,674.51,9,0.4,Corporate,First Class
09/10/2024,South,Tennessee,Technology,Accessories,Logitech Wireless Mouse,3348.12,459.77,13,0.5,Corporate,Same Day
01/16/2021,Central,Nebraska,Technology,Machines,HP LaserJet Printer,568.1,-85.15,4,0.8,Home Office,Same Day
01/22/2023,South,Florida,Technology,Machines,Epson Scanner,1148.72,79.01,6,0.8,Corporate,First Class
04/02/2024,South,Alabama,Office Supplies,Paper,Xerox Copy Paper,477.66,0.54,3,0.15,Consumer,Standard Class
12/10/2022,East,Massachusetts,Furniture,Chairs,HON Executive Leather Chair,235.34,-48.1,8,0.2,Consumer,Same Day
03/17/2024,South,Virginia,Furniture,Tables,Bretford Conference Table,1381.94,267.36,5,0.2,Home Office,Same Day
05/15/2023,West,Washington,Office Supplies,Binders,Cardinal Ring Binder,607.11,-59.53,3,0,Corporate,Same Day
09/13/2023,East,Massachusetts,Technology,Machines,Canon imageCLASS Printer,174.56,-16.93,2,0,Home Office,Same Day
05/09/2024,Central,Illinois,Technology,Copiers,Xerox WorkCentre Copier,5227.27,584.55,10,0.3,Home Office,Second Class
12/16/2023,West,Nevada,Technology,Machines,HP LaserJet Printer,3797.26,-470.29,8,0.3,Home Office,Same Day
03/07/2022,West,Colorado,Technology,Phones,OtterBox Phone Cover,967.34,70.73,9,0.8,Corporate,First Class
10/03/2023,West,Oregon,Furniture,Tables,Bretford Conference Table,2148.22,379.17,13,0.7,Home Office,Second Class
09/30/2021,South,Kentucky,Office Supplies,Paper,Boise Multi-Use Paper,121.36,-28.51,2,0.6,Home Office,First Class
08/16/2022,South,Florida,Technology,Machines,HP LaserJet Printer,1311.82,285.97,3,0.6,Home Office,First Class
11/12/2021,East,Rhode Island,Office Supplies,Supplies,X-Acto Cutting Mat,332.92,-46.26,7,0.7,Consumer,Standard Class
01/08/2024,South,Alabama,Office Supplies,Supplies,Tape Dispenser,2357.23,359.27,14,0.3,Consumer,Same Day
08/28/2024,East,Rhode Island,Furniture,Bookcases,Bush Wood Bookcase,1517.98,12.33,10,0.4,Home Office,Second Class
07/29/2022,West,California,Office Supplies,Paper,Universal Legal Pad,32.18,10.77,1,0.7,Consumer,Same Day
11/07/2021,East,New York,Technology,Machines,HP LaserJet Printer,2101.8,102.69,5,0.5,Corporate,First Class
06/11/2024,East,Rhode Island,Technology,Accessories,Logitech Wireless Mouse,5748.9,-1157.61,9,0.3,Consumer,First Class
01/09/2022,East,Vermont,Furniture,Tables,Lesro Reception Table,1123.8,-143.47,5,0.4,Home Office,First Class
01/24/2021,South,North Carolina,Office Supplies,Envelopes,Kraft Envelope Pack,1112.67,173.73,8,0,Corporate,Second Class
06/08/2023,Central,Kansas,Furniture,Bookcases,O'Sullivan 5-Shelf Bookcase,1144.51,252.34,11,0.8,Corporate,First Class
09/28/2022,East,Maine,Furniture,Tables,Bretford Conference Table,3660.78,-157.98,9,0.4,Home Office,Same Day
04/26/2022,Central,Wisconsin,Furniture,Tables,Chromcraft Round Table,3358.11,-50.2,7,0.15,Home Office,Standard Class
10/19/2021,South,Louisiana,Technology,Copiers,Ricoh Office Copier,586.26,4.44,3,0,Corporate,Standard Class
10/30/2021,Central,Michigan,Furniture,Bookcases,Sauder Heritage Bookcase,1116.11,240.07,8,0,Home Office,Standard Class
11/21/2024,South,Alabama,Technology,Copiers,Ricoh Office Copier,9287.74,1533.66,10,0.1,Corporate,Standard Class
08/28/2021,Central,Minnesota,Furniture,Furnishings,Eldon Desk Lamp,2813.93,-584.67,7,0.5,Consumer,Same Day
06/07/2024,Central,Texas,Furniture,Bookcases,O'Sullivan 5-Shelf Bookcase,3483.14,1116.54,14,0.6,Corporate,First Class
10/15/2022,West,Oregon,Furniture,Tables,Chromcraft Round Table,1335.9,-163.95,6,0.3,Consumer,Standard Class
06/21/2021,Central,Kansas,Technology,Accessories,SanDisk USB Drive,1548.78,144.17,4,0.6,Corporate,Standard Class
04/17/2021,South,Alabama,Technology,Machines,HP LaserJet Printer,245.18,2.54,4,0.5,Corporate,Standard Class
12/21/2024,South,Florida,Office Supplies,Fasteners,Officemate Paper Clips,420.38,102.29,2,0,Consumer,Same Day
03/26/2021,East,Pennsylvania,Furniture,Furnishings,Advantus Wall Clock,3542.11,-749.84,12,0.5,Consumer,Standard Class
05/22/2021,South,Mississippi,Technology,Machines,HP LaserJet Printer,739.33,10.71,5,0.2,Home Office,Same Day
08/07/2024,West,Montana,Technology,Machines,Canon imageCLASS Printer,548.51,-18.45,3,0.5,Consumer,First Class
08/07/2021,East,Maine,Office Supplies,Storage,Iris Stackable Bin,391.43,-1.94,10,0,Corporate,First Class
07/12/2022,South,Tennessee,Office Supplies,Art,Crayola Colored Pencils,87.49,6.66,1,0.6,Corporate,First Class
08/06/2024,Central,Iowa,Furniture,Chairs,Novimex Swivel Chair,8747.94,-230.46,14,0,Home Office,Same Day
03/29/2023,Central,Kansas,Office Supplies,Storage,Sterilite Storage Tote,404.67,107.13,7,0,Home Office,Standard Class
07/06/2024,Central,Missouri,Furniture,Tables,Chromcraft Round Table,2361.98,626.96,7,0,Consumer,Second Class
02/10/2023,Central,Texas,Office Supplies,Fasteners,Officemate Paper Clips,1483.42,367.86,7,0,Consumer,First Class
05/27/2023,East,Rhode Island,Office Supplies,Envelopes,Manila Envelopes,487.37,46.15,6,0.4,Corporate,Second Class
08/04/2023,East,Connecticut,Office Supplies,Labels,Avery File Labels,253.38,-57.01,3,0.6,Consumer,First Class
04/28/2024,West,Washington,Technology,Copiers,Canon Copier,383.12,1.36,2,0,Corporate,Same Day
12/11/2021,East,Connecticut,Furniture,Tables,Bush Somerset Table,170.71,22.09,2,0,Consumer,Second Class
09/21/2023,South,Alabama,Technology,Machines,HP LaserJet Printer,8572.87,2649.73,8,0.1,Consumer,Second Class
06/23/2022,West,California,Technology,Machines,Canon imageCLASS Printer,1934.23,136.18,6,0,Consumer,Second Class
11/21/2023,Central,Missouri,Furniture,Chairs,HON Executive Leather Chair,3924.31,909.94,8,0.15,Corporate,First Class
09/10/2024,South,Kentucky,Office Supplies,Fasteners,Staples Standard Staples,36.31,-8.0,6,0.5,Corporate,First Class
02/02/2023,West,Montana,Furniture,Tables,Lesro Reception Table,11526.5,3019.3,14,0,Corporate,Second Class
09/12/2023,Central,Iowa,Technology,Phones,Apple iPhone Case,3715.06,659.25,8,0.6,Corporate,Standard Class
10/03/2024,Central,Kansas,Technology,Phones,Motorola Phone Stand,4600.58,1168.69,13,0.7,Corporate,First Class
08/15/2021,South,Alabama,Furniture,Tables,Chromcraft Round Table,410.16,110.99,8,0,Corporate,First Class
01/04/2024,South,North Carolina,Office Supplies,Fasteners,Acco Binder Clips,533.11,117.42,9,0.2,Home Office,First Class
05/22/2023,West,Utah,Furniture,Furnishings,Fellowes Monitor Stand,3090.93,876.8,7,0.2,Home Office,Standard Class
04/23/2022,West,Nevada,Office Supplies,Labels,Avery File Labels,177.88,1.2,13,0.5,Consumer,Same Day
12/15/2023,South,Virginia,Technology,Accessories,Logitech Wireless Mouse,1102.12,-20.99,11,0.3,Consumer,Second Class
09/12/2024,South,South Carolina,Technology,Accessories,Logitech Wireless Mouse,1430.43,207.35,6,0.1,Consumer,Second Class
08/12/2021,East,Massachusetts,Office Supplies,Fasteners,Staples Standard Staples,341.09,18.44,8,0,Corporate,Second Class
12/16/2021,Central,Wisconsin,Office Supplies,Paper,Universal Legal Pad,698.55,85.47,12,0,Home Office,Standard Class
12/15/2021,South,Alabama,Furniture,Furnishings,Tenex Chair Mat,1502.19,224.98,6,0.5,Home Office,First Class
09/16/2022,West,Washington,Furniture,Tables,Lesro Reception Table,206.87,3.76,1,0.5,Consumer,Same Day
09/25/2023,West,Idaho,Furniture,Furnishings,Eldon Desk Lamp,1346.36,55.29,6,0.3,Home Office,Standard Class
06/22/2022,South,Georgia,Technology,Machines,Brother Fax Machine,421.1,22.58,3,0.2,Home Office,First Class
08/16/2022,Central,Minnesota,Office Supplies,Art,Sharpie Marker Set,369.01,21.52,2,0.2,Corporate,Second Class
05/23/2023,Central,Kansas,Office Supplies,Storage,Fellowes Storage Box,2357.16,-521.47,14,0,Home Office,Same Day
10/29/2022,Central,Nebraska,Furniture,Tables,Chromcraft Round Table,1631.46,532.21,4,0.1,Consumer,Standard Class
06/11/2023,East,Maine,Office Supplies,Art,Crayola Colored Pencils,1057.55,335.31,11,0,Consumer,First Class
11/27/2023,South,South Carolina,Furniture,Furnishings,Fellowes Monitor Stand,3284.87,-646.53,5,0,Corporate,Standard Class
09/25/2023,South,Kentucky,Furniture,Bookcases,Sauder Heritage Bookcase,279.53,37.85,2,0.6,Home Office,First Class
07/27/2022,Central,Illinois,Office Supplies,Envelopes,Kraft Envelope Pack,327.15,-17.62,10,0.8,Consumer,Same Day
12/25/2021,West,Utah,Technology,Phones,OtterBox Phone Cover,3701.72,-752.45,10,0.3,Home Office,Standard Class
01/13/2024,Central,Michigan,Technology,Phones,OtterBox Phone Cover,484.27,15.03,5,0.5,Consumer,Second Class
02/28/2023,East,New York,Office Supplies,Storage,Sterilite Storage Tote,367.27,-39.79,5,0.15,Home Office,Standard Class
10/12/2024,South,Florida,Office Supplies,Envelopes,Kraft Envelope Pack,55.2,-11.03,10,0.6,Home Office,Same Day
10/07/2023,West,Nevada,Furniture,Bookcases,Hon Metal Bookcase,1774.54,615.43,11,0.3,Corporate,Second Class
06/09/2024,West,Nevada,Office Supplies,Paper,Universal Legal Pad,186.97,46.5,14,0.2,Consumer,Same Day
08/09/2023,East,Maine,Technology,Phones,Motorola Phone Stand,885.4,226.67,4,0.2,Consumer,Same Day
12/06/2022,Central,Wisconsin,Technology,Machines,Canon imageCLASS Printer,14550.71,1280.47,14,0.1,Consumer,First Class
08/30/2022,Central,Illinois,Furniture,Tables,Lesro Reception Table,151.47,-3.35,3,0.3,Consumer,Standard Class
12/05/2024,South,North Carolina,Office Supplies,Labels,Avery Round Labels,396.45,67.21,6,0,Consumer,Same Day
06/09/2023,Central,Illinois,Furniture,Bookcases,Hon Metal Bookcase,1231.5,-271.39,6,0.3,Home Office,Second Class
03/28/2021,Central,Wisconsin,Furniture,Furnishings,Eldon Desk Lamp,3466.51,476.84,7,0,Home Office,Second Class
01/08/2023,West,Nevada,Technology,Accessories,Kensington Keyboard,6239.38,746.28,14,0.4,Home Office,First Class
10/30/2022,Central,Minnesota,Technology,Machines,HP LaserJet Printer,356.78,96.44,2,0.7,Corporate,Second Class
03/27/2023,Central,Nebraska,Office Supplies,Supplies,Swingline Stapler,131.18,7.73,6,0.2,Home Office,First Class
10/02/2023,South,South Carolina,Technology,Machines,Epson Scanner,2136.67,47.94,7,0.3,Consumer,Standard Class
05/18/2022,East,Pennsylvania,Furniture,Chairs,Global Deluxe Task Chair,826.73,140.46,4,0.7,Home Office,Same Day
05/31/2021,Central,Michigan,Technology,Accessories,Kensington Keyboard,3792.7,-460.1,5,0.15,Corporate,First Class
12/02/2023,Central,Iowa,Office Supplies,Paper,Universal Legal Pad,347.79,-11.4,4,0.5,Corporate,First Class
11/12/2024,West,California,Technology,Machines,Brother Fax Machine,743.26,-157.24,4,0.2,Consumer,Same Day
06/05/2023,West,Arizona,Office Supplies,Fasteners,Staples Standard Staples,259.84,23.14,9,0.8,Home Office,Second Class
10/20/2022,Central,Iowa,Furniture,Tables,Lesro Reception Table,245.86,-54.62,7,0,Consumer,Standard Class
10/14/2021,West,California,Furniture,Chairs,Global Deluxe Task Chair,508.26,-16.25,4,0.6,Consumer,Standard Class
01/27/2022,South,Mississippi,Technology,Machines,HP LaserJet Printer,668.18,-63.06,3,0.5,Corporate,Second Class
09/19/2021,West,Utah,Furniture,Chairs,Novimex Swivel Chair,429.07,-55.03,2,0.15,Corporate,Standard Class
06/19/2024,Central,Texas,Office Supplies,Envelopes,Kraft Envelope Pack,574.57,8.25,7,0.4,Home Office,Standard Class
03/03/2022,East,Pennsylvania,Technology,Accessories,Logitech Wireless Mouse,1381.75,-191.07,3,0.3,Consumer,Same Day
06/04/2024,West,Colorado,Office Supplies,Labels,Kroy Label Tape,588.4,106.12,11,0,Home Office,Second Class
03/08/2024,East,New York,Office Supplies,Supplies,Scissors Set,328.64,56.5,8,0.1,Consumer,First Class
02/20/2024,Central,Minnesota,Office Supplies,Binders,Cardinal Ring Binder,794.78,172.4,12,0.4,Home Office,Same Day
08/06/2022,East,New Jersey,Furniture,Tables,Lesro Reception Table,159.99,-38.6,1,0.7,Home Office,Same Day
10/12/2023,East,Maine,Furniture,Furnishings,Fellowes Monitor Stand,3648.14,415.97,10,0.3,Consumer,Standard Class
03/08/2023,East,Connecticut,Technology,Copiers,Sharp Digital Copier,608.69,88.66,2,0,Home Office,Standard Class
11/21/2022,East,New Jersey,Office Supplies,Art,Crayola Colored Pencils,254.79,-13.73,2,0.4,Corporate,Second Class
12/06/2021,South,South Carolina,Office Supplies,Paper,HP Premium Paper,275.04,59.16,8,0,Home Office,Same Day
01/10/2024,South,Alabama,Technology,Copiers,Sharp Digital Copier,963.88,-200.72,14,0.8,Corporate,Second Class
06/22/2021,East,New York,Technology,Copiers,Sharp Digital Copier,750.43,191.68,5,0.8,Consumer,Same Day
02/07/2021,Central,Wisconsin,Technology,Machines,Canon imageCLASS Printer,2609.13,-548.34,6,0.2,Consumer,Second Class
03/26/2021,East,New Jersey,Office Supplies,Envelopes,Manila Envelopes,370.86,35.95,9,0.7,Corporate,Same Day
02/22/2022,South,Mississippi,Furniture,Tables,Chromcraft Round Table,928.7,-86.33,5,0,Corporate,First Class
04/03/2021,West,Washington,Furniture,Tables,Lesro Reception Table,4099.01,847.51,7,0,Home Office,Standard Class
09/12/2021,East,Connecticut,Furniture,Bookcases,Bush Wood Bookcase,7466.89,-559.37,13,0.15,Corporate,Standard Class
10/13/2024,Central,Texas,Technology,Phones,Samsung Galaxy Charger,2298.66,411.71,5,0.4,Home Office,Same Day
12/18/2021,West,Utah,Office Supplies,Art,Sharpie Marker Set,702.48,-118.44,13,0.3,Home Office,First Class
05/13/2024,West,Oregon,Office Supplies,Envelopes,Poly Mailer Bundle,44.11,-3.37,12,0.3,Corporate,Standard Class
01/23/2023,East,New Hampshire,Office Supplies,Labels,Avery File Labels,2300.92,390.18,11,0.1,Home Office,Same Day
02/09/2021,Central,Ohio,Office Supplies,Fasteners,Bostitch Push Pins,1379.25,109.45,10,0,Consumer,Second Class
11/23/2021,Central,Missouri,Office Supplies,Art,Crayola Colored Pencils,76.07,17.69,13,0.5,Consumer,Second Class
10/12/2024,East,New Hampshire,Technology,Phones,OtterBox Phone Cover,3341.24,-631.8,4,0.2,Home Office,First Class
04/28/2022,East,Pennsylvania,Office Supplies,Envelopes,Poly Mailer Bundle,18.73,2.85,2,0.4,Corporate,Second Class
12/25/2023,West,Idaho,Technology,Copiers,Canon Copier,2735.63,378.34,7,0,Corporate,Same Day
02/11/2022,Central,Kansas,Office Supplies,Binders,Wilson Jones Binder,992.81,-227.07,8,0,Consumer,First Class
02/13/2022,West,Nevada,Furniture,Bookcases,Sauder Heritage Bookcase,4427.71,-89.97,14,0,Corporate,First Class
05/24/2021,South,Virginia,Furniture,Chairs,HON Executive Leather Chair,160.75,-0.2,2,0.2,Consumer,First Class
02/09/2022,Central,Ohio,Furniture,Furnishings,Fellowes Monitor Stand,458.11,-56.18,2,0.2,Home Office,Standard Class
06/05/2021,West,Arizona,Technology,Phones,Samsung Galaxy Charger,3273.87,-433.49,6,0.3,Home Office,Same Day
09/19/2022,South,Louisiana,Furniture,Chairs,Novimex Swivel Chair,269.16,-53.81,7,0.8,Corporate,First Class
10/13/2021,West,Oregon,Technology,Machines,HP LaserJet Printer,509.6,-32.98,6,0.7,Home Office,First Class
05/05/2024,West,Idaho,Technology,Machines,Brother Fax Machine,4367.71,56.24,14,0.3,Corporate,Second Class
01/01/2021,West,Colorado,Furniture,Bookcases,O'Sullivan 5-Shelf Bookcase,2147.5,693.13,11,0.3,Corporate,Standard Class
07/30/2022,West,Nevada,Technology,Phones,Motorola Phone Stand,390.56,132.0,1,0,Home Office,Second Class
03/30/2023,East,New Hampshire,Office Supplies,Storage,Fellowes Storage Box,501.47,-119.07,4,0,Consumer,First Class
09/14/2021,East,Connecticut,Furniture,Bookcases,Bush Wood Bookcase,1604.71,-207.64,7,0.6,Corporate,First Class
04/12/2023,West,Idaho,Furniture,Bookcases,Hon Metal Bookcase,443.54,-35.07,5,0.7,Corporate,Same Day
09/08/2023,South,Kentucky,Technology,Copiers,Ricoh Office Copier,4545.48,580.67,11,0.15,Consumer,Same Day
02/27/2022,South,South Carolina,Furniture,Bookcases,Hon Metal Bookcase,1798.42,386.53,4,0,Home Office,Second Class
09/26/2024,East,New Hampshire,Furniture,Chairs,Novimex Swivel Chair,1059.67,95.37,14,0.4,Consumer,First Class
09/24/2022,Central,Nebraska,Furniture,Tables,Bretford Conference Table,2391.29,766.48,12,0.4,Corporate,Standard Class
03/27/2023,West,Montana,Office Supplies,Envelopes,Poly Mailer Bundle,90.88,-12.69,1,0.3,Consumer,Same Day
01/23/2021,Central,Missouri,Furniture,Tables,Bretford Conference Table,2496.42,383.07,10,0.3,Corporate,Second Class
12/17/2023,West,Oregon,Technology,Accessories,Belkin Surge Protector,10959.88,578.77,10,0,Consumer,Same Day
09/16/2023,East,Massachusetts,Furniture,Chairs,Bush Mid-Back Chair,2076.06,395.81,12,0.8,Consumer,Second Class
08/24/2024,East,New Jersey,Office Supplies,Paper,Xerox Copy Paper,590.14,73.88,3,0.1,Corporate,First Class
08/10/2023,East,New Jersey,Technology,Machines,Canon imageCLASS Printer,781.48,174.77,3,0,Consumer,First Class
08/05/2021,West,Nevada,Furniture,Tables,Bretford Conference Table,10349.16,1302.8,12,0,Home Office,Same Day
06/19/2023,South,South Carolina,Technology,Copiers,Xerox WorkCentre Copier,2626.16,33.0,9,0.4,Home Office,Second Class
09/24/2021,West,Utah,Furniture,Tables,Bush Somerset Table,5128.41,1050.2,10,0.3,Corporate,First Class
11/25/2022,East,Connecticut,Office Supplies,Labels,Kroy Label Tape,347.43,100.42,8,0.15,Consumer,Standard Class
03/05/2024,South,Kentucky,Furniture,Tables,Chromcraft Round Table,385.67,20.61,10,0.7,Corporate,Second Class
03/03/2022,East,New Jersey,Technology,Phones,Apple iPhone Case,635.73,-68.3,1,0,Home Office,Second Class
12/06/2024,East,Connecticut,Furniture,Bookcases,Sauder Heritage Bookcase,3563.84,-358.13,11,0.4,Consumer,Standard Class
04/19/2021,Central,Texas,Office Supplies,Labels,Avery Shipping Labels,858.61,221.65,14,0.15,Consumer,Same Day
12/17/2024,East,New Jersey,Technology,Phones,Samsung Galaxy Charger,8969.33,1254.95,9,0.15,Consumer,Same Day
01/02/2022,East,Vermont,Technology,Machines,Epson Scanner,3189.81,209.7,5,0,Corporate,Standard Class
02/06/2022,South,South Carolina,Furniture,Chairs,Global Deluxe Task Chair,7051.67,1351.72,8,0,Corporate,First Class
11/22/2021,East,New York,Furniture,Furnishings,Fellowes Monitor Stand,1618.39,-79.69,3,0.3,Corporate,Standard Class
06/21/2021,Central,Ohio,Office Supplies,Paper,Boise Multi-Use Paper,546.9,25.07,13,0.3,Consumer,Standard Class
10/22/2023,South,Virginia,Office Supplies,Fasteners,Acco Binder Clips,85.15,-11.58,5,0.4,Home Office,Standard Class
12/04/2023,East,New York,Furniture,Bookcases,Bush Wood Bookcase,3036.58,489.15,13,0.7,Consumer,First Class
02/26/2023,East,Pennsylvania,Furniture,Bookcases,Bush Wood Bookcase,188.36,37.17,1,0,Consumer,First Class
07/09/2022,South,Kentucky,Furniture,Bookcases,Sauder Heritage Bookcase,60.02,-9.94,1,0.5,Consumer,First Class
02/23/2023,South,South Carolina,Furniture,Furnishings,Fellowes Monitor Stand,1020.02,-196.81,7,0,Home Office,Second Class
11/16/2023,South,Kentucky,Technology,Accessories,Belkin Surge Protector,3723.4,1210.09,13,0.7,Home Office,Standard Class
10/03/2024,West,Montana,Furniture,Tables,Lesro Reception Table,96.35,32.27,8,0.8,Consumer,First Class
11/26/2023,South,South Carolina,Furniture,Bookcases,Hon Metal Bookcase,629.11,108.57,3,0,Home Office,First Class
04/25/2022,West,Arizona,Technology,Phones,Motorola Phone Stand,781.56,-50.43,1,0.15,Home Office,Same Day
09/08/2022,Central,Ohio,Office Supplies,Fasteners,Bostitch Push Pins,1906.61,586.99,10,0,Home Office,Same Day
07/21/2022,South,Kentucky,Technology,Machines,HP LaserJet Printer,609.49,-114.34,6,0,Corporate,Standard Class
02/23/2021,East,Massachusetts,Technology,Phones,Samsung Galaxy Charger,5795.67,-1203.64,8,0.3,Consumer,Same Day
04/28/2023,East,Vermont,Technology,Copiers,Sharp Digital Copier,660.01,196.02,5,0.8,Home Office,Standard Class
11/15/2023,South,North Carolina,Technology,Accessories,Logitech Wireless Mouse,485.4,-6.84,2,0.5,Consumer,Second Class
01/28/2023,Central,Wisconsin,Office Supplies,Storage,Sterilite Storage Tote,1703.67,-109.97,8,0,Corporate,Second Class
08/24/2024,East,Massachusetts,Technology,Copiers,Xerox WorkCentre Copier,419.68,139.83,7,0,Consumer,Same Day
09/05/2023,East,Connecticut,Technology,Accessories,Logitech Wireless Mouse,514.46,-68.82,12,0.8,Home Office,Standard Class
12/16/2023,East,New Hampshire,Furniture,Furnishings,Fellowes Monitor Stand,4659.61,-789.78,7,0.1,Home Office,First Class
09/17/2022,West,Colorado,Technology,Accessories,Logitech Wireless Mouse,7531.56,2311.59,8,0,Home Office,Same Day
12/11/2022,East,New Jersey,Office Supplies,Envelopes,Manila Envelopes,99.41,15.74,7,0.8,Corporate,Same Day
07/28/2023,South,Alabama,Office Supplies,Art,Crayola Colored Pencils,3156.95,768.11,13,0,Consumer,Standard Class
07/06/2024,South,Florida,Furniture,Bookcases,Bush Wood Bookcase,679.51,-20.16,9,0.6,Corporate,Same Day
10/09/2021,West,Utah,Furniture,Tables,Chromcraft Round Table,1405.82,-56.71,6,0.4,Home Office,Second Class
11/23/2023,West,Colorado,Technology,Accessories,Logitech Wireless Mouse,4337.6,665.29,7,0,Home Office,Second Class
11/26/2021,East,Connecticut,Furniture,Tables,Bush Somerset Table,3157.25,803.68,10,0.6,Home Office,First Class
12/29/2024,West,Oregon,Furniture,Bookcases,Sauder Heritage Bookcase,2926.44,223.81,4,0.1,Consumer,Standard Class
10/01/2023,East,Connecticut,Furniture,Bookcases,Hon Metal Bookcase,3168.65,-204.17,14,0.3,Home Office,Standard Class
11/13/2022,East,Connecticut,Furniture,Tables,Lesro Reception Table,1803.47,-70.03,12,0,Home Office,Same Day
10/20/2021,East,New York,Technology,Accessories,Logitech Wireless Mouse,5877.16,518.23,11,0.4,Corporate,Same Day
11/24/2023,West,Utah,Technology,Phones,Apple iPhone Case,10869.11,21.58,13,0.1,Corporate,Second Class
04/26/2023,South,North Carolina,Office Supplies,Fasteners,Staples Standard Staples,1063.1,18.12,12,0.1,Corporate,Standard Class
10/26/2024,South,Louisiana,Office Supplies,Binders,Cardinal Ring Binder,152.38,23.46,10,0.8,Consumer,Same Day
10/07/2024,East,Maine,Office Supplies,Supplies,Scissors Set,241.98,-40.42,11,0.15,Corporate,Second Class
12/29/2023,South,Louisiana,Furniture,Tables,Bretford Conference Table,2474.97,-116.87,13,0.4,Corporate,Same Day
06/25/2023,West,Arizona,Office Supplies,Art,Bic Pen Pack,646.11,173.39,9,0.6,Consumer,Second Class
06/17/2023,East,Massachusetts,Technology,Copiers,Canon Copier,124.41,34.26,5,0.8,Consumer,Standard Class
02/05/2024,West,Arizona,Technology,Accessories,Kensington Keyboard,8023.43,1673.37,12,0,Consumer,First Class
08/31/2023,East,Connecticut,Office Supplies,Binders,Wilson Jones Binder,1086.48,-143.84,9,0.3,Corporate,Same Day
04/11/2022,West,Nevada,Office Supplies,Binders,Cardinal Ring Binder,505.54,46.65,4,0,Consumer,First Class
05/25/2022,Central,Wisconsin,Office Supplies,Fasteners,Officemate Paper Clips,2718.36,913.15,13,0,Consumer,First Class
09/25/2023,Central,Nebraska,Office Supplies,Fasteners,Staples Standard Staples,267.19,-57.62,8,0.8,Corporate,Standard Class
05/09/2023,East,Rhode Island,Office Supplies,Fasteners,Acco Binder Clips,8.11,0.77,2,0.4,Consumer,Standard Class
11/30/2021,East,Massachusetts,Technology,Accessories,Belkin Surge Protector,3027.41,-515.27,6,0.4,Consumer,Standard Class
04/24/2024,West,Montana,Furniture,Tables,Lesro Reception Table,3348.35,-788.93,12,0.2,Consumer,First Class
02/22/2023,Central,Wisconsin,Furniture,Tables,Lesro Reception Table,557.48,164.2,11,0.1,Home Office,Same Day
01/19/2022,West,Idaho,Office Supplies,Fasteners,Bostitch Push Pins,30.18,-1.76,1,0,Home Office,Second Class
03/01/2021,West,California,Office Supplies,Paper,Universal Legal Pad,23.3,0.86,2,0.8,Corporate,Standard Class
07/26/2022,South,North Carolina,Furniture,Chairs,HON Executive Leather Chair,684.37,147.58,9,0.6,Consumer,Same Day
06/06/2024,South,Tennessee,Office Supplies,Supplies,Tape Dispenser,343.76,26.53,5,0.3,Consumer,Second Class
05/08/2023,Central,Illinois,Office Supplies,Labels,Avery File Labels,835.3,278.6,11,0.5,Home Office,Standard Class
06/15/2023,South,Louisiana,Office Supplies,Supplies,Swingline Stapler,1386.89,216.42,13,0.2,Corporate,First Class
07/22/2022,South,Virginia,Office Supplies,Art,Sharpie Marker Set,257.08,-23.34,3,0.4,Home Office,Second Class
01/11/2022,Central,Illinois,Office Supplies,Envelopes,Poly Mailer Bundle,680.09,191.05,11,0.5,Corporate,Standard Class
05/08/2022,East,Rhode Island,Office Supplies,Supplies,Tape Dispenser,28.28,-2.24,5,0.7,Corporate,Same Day
04/11/2024,South,Virginia,Office Supplies,Fasteners,Bostitch Push Pins,433.97,139.92,8,0.7,Consumer,Second Class
10/16/2023,East,Rhode Island,Technology,Copiers,Xerox WorkCentre Copier,3648.89,1208.44,8,0.6,Corporate,Same Day
11/08/2022,South,Virginia,Technology,Machines,Canon imageCLASS Printer,144.28,34.96,11,0.8,Corporate,Same Day
04/10/2023,Central,Missouri,Furniture,Chairs,Global Deluxe Task Chair,2376.71,-122.93,4,0.15,Home Office,Same Day
09/29/2021,Central,Illinois,Office Supplies,Paper,Xerox Copy Paper,379.54,59.21,2,0.15,Consumer,Second Class
10/07/2022,South,Mississippi,Furniture,Furnishings,Fellowes Monitor Stand,10793.1,-1056.87,13,0,Corporate,Standard Class
06/11/2024,East,New Hampshire,Furniture,Tables,Bush Somerset Table,220.73,76.69,7,0.4,Home Office,First Class
06/09/2021,Central,Ohio,Furniture,Furnishings,Advantus Wall Clock,3016.89,-55.79,12,0,Corporate,First Class
02/05/2022,West,Colorado,Technology,Copiers,Ricoh Office Copier,2843.31,-303.98,6,0,Consumer,Second Class
03/15/2022,West,Idaho,Technology,Phones,Apple iPhone Case,6771.26,-1449.6,11,0,Consumer,First Class
11/05/2024,East,New York,Technology,Accessories,Belkin Surge Protector,2165.25,347.88,6,0.2,Consumer,First Class
05/26/2024,West,Oregon,Technology,Machines,HP LaserJet Printer,322.29,47.53,2,0.1,Consumer,Second Class
01/04/2023,South,Alabama,Technology,Accessories,Kensington Keyboard,3900.64,252.07,10,0.5,Corporate,Same Day
11/12/2023,West,Oregon,Technology,Copiers,Sharp Digital Copier,2118.32,73.11,5,0.2,Home Office,Second Class
09/05/2022,South,Florida,Technology,Machines,Brother Fax Machine,1804.62,-74.68,7,0.6,Home Office,Standard Class
08/16/2023,East,Vermont,Office Supplies,Storage,Sterilite Storage Tote,1972.06,472.95,9,0.1,Consumer,Same Day
12/30/2021,Central,Missouri,Technology,Accessories,Belkin Surge Protector,3902.35,-65.15,5,0.15,Consumer,Standard Class
11/08/2024,West,Montana,Technology,Accessories,Kensington Keyboard,455.12,11.43,1,0.6,Home Office,Second Class
10/11/2021,East,Rhode Island,Furniture,Bookcases,Hon Metal Bookcase,862.66,-177.37,1,0,Home Office,Standard Class
02/24/2023,West,Montana,Office Supplies,Art,Sharpie Marker Set,76.1,-5.75,9,0.15,Consumer,Same Day
01/03/2021,Central,Ohio,Furniture,Furnishings,Eldon Desk Lamp,5046.98,107.06,13,0.5,Corporate,First Class
11/21/2021,East,New York,Furniture,Chairs,HON Executive Leather Chair,364.51,-38.22,12,0.3,Corporate,First Class
12/26/2023,West,Oregon,Office Supplies,Supplies,Swingline Stapler,243.24,31.98,5,0.3,Consumer,Standard Class
06/12/2022,West,Oregon,Furniture,Chairs,Bush Mid-Back Chair,1558.61,506.76,4,0.4,Corporate,Second Class
06/08/2021,East,Maine,Technology,Accessories,Kensington Keyboard,7461.83,-622.51,10,0.3,Corporate,Same Day
10/06/2021,West,Oregon,Office Supplies,Paper,Xerox Copy Paper,726.19,-116.51,11,0.7,Corporate,Second Class
07/02/2022,West,Nevada,Furniture,Furnishings,Eldon Desk Lamp,1664.72,351.28,2,0,Corporate,Standard Class
06/23/2024,South,Louisiana,Furniture,Furnishings,Fellowes Monitor Stand,2386.22,433.77,12,0.7,Home Office,Second Class
08/19/2023,Central,Wisconsin,Technology,Accessories,SanDisk USB Drive,1322.84,17.02,6,0.7,Consumer,Second Class
03/08/2022,East,Maine,Technology,Copiers,Ricoh Office Copier,47.13,-3.34,2,0.7,Corporate,First Class
03/17/2024,Central,Nebraska,Technology,Copiers,Xerox WorkCentre Copier,2268.48,-61.91,5,0.3,Consumer,Standard Class
10/29/2023,East,New York,Furniture,Tables,Chromcraft Round Table,1000.89,-135.88,12,0.4,Consumer,Same Day
05/25/2024,Central,Texas,Furniture,Furnishings,Eldon Desk Lamp,606.93,-111.51,3,0.3,Consumer,Second Class
09/28/2023,West,Montana,Office Supplies,Binders,Avery Durable Binder,683.24,211.98,4,0.3,Home Office,First Class
10/31/2024,South,Florida,Office Supplies,Envelopes,Kraft Envelope Pack,1558.41,-11.2,11,0,Home Office,First Class
01/22/2022,West,Nevada,Office Supplies,Fasteners,Bostitch Push Pins,1579.8,-231.76,10,0.2,Consumer,Standard Class
03/24/2021,South,Florida,Technology,Phones,Apple iPhone Case,2152.57,738.09,9,0,Corporate,Second Class
02/25/2023,West,Oregon,Furniture,Chairs,Bush Mid-Back Chair,6313.33,423.01,13,0,Corporate,Same Day
07/08/2021,South,Georgia,Office Supplies,Art,Newell Highlighters,648.32,-91.54,5,0.4,Corporate,First Class
